# test mesh
v 0.000000 0.000000 10.000000
v 0.000000 0.000000 10.000000
v 0.000000 0.000000 10.000000
v 0.000000 0.000000 10.000000
v 0.000000 0.000000 10.000000
v 0.000000 0.000000 10.000000
v 0.000000 0.000000 10.000000
v 0.000000 0.000000 10.000000
v 0.000000 0.000000 10.000000
v 0.000000 0.000000 10.000000
v 0.000000 0.000000 10.000000
v 0.000000 0.000000 10.000000
v 0.000000 0.000000 10.000000
v 0.000000 0.000000 10.000000
v 0.000000 0.000000 10.000000
v 0.000000 0.000000 10.000000
v 0.000000 0.000000 10.000000
v -0.000000 0.000000 10.000000
v -0.000000 0.000000 10.000000
v -0.000000 0.000000 10.000000
v -0.000000 0.000000 10.000000
v -0.000000 0.000000 10.000000
v -0.000000 0.000000 10.000000
v -0.000000 0.000000 10.000000
v -0.000000 0.000000 10.000000
v -0.000000 0.000000 10.000000
v -0.000000 0.000000 10.000000
v -0.000000 0.000000 10.000000
v -0.000000 0.000000 10.000000
v -0.000000 0.000000 10.000000
v -0.000000 0.000000 10.000000
v -0.000000 0.000000 10.000000
v -0.000000 0.000000 10.000000
v -0.000000 -0.000000 10.000000
v -0.000000 -0.000000 10.000000
v -0.000000 -0.000000 10.000000
v -0.000000 -0.000000 10.000000
v -0.000000 -0.000000 10.000000
v -0.000000 -0.000000 10.000000
v -0.000000 -0.000000 10.000000
v -0.000000 -0.000000 10.000000
v -0.000000 -0.000000 10.000000
v -0.000000 -0.000000 10.000000
v -0.000000 -0.000000 10.000000
v -0.000000 -0.000000 10.000000
v -0.000000 -0.000000 10.000000
v -0.000000 -0.000000 10.000000
v -0.000000 -0.000000 10.000000
v -0.000000 -0.000000 10.000000
v 0.000000 -0.000000 10.000000
v 0.000000 -0.000000 10.000000
v 0.000000 -0.000000 10.000000
v 0.000000 -0.000000 10.000000
v 0.000000 -0.000000 10.000000
v 0.000000 -0.000000 10.000000
v 0.000000 -0.000000 10.000000
v 0.000000 -0.000000 10.000000
v 0.000000 -0.000000 10.000000
v 0.000000 -0.000000 10.000000
v 0.000000 -0.000000 10.000000
v 0.000000 -0.000000 10.000000
v 0.000000 -0.000000 10.000000
v 0.000000 -0.000000 10.000000
v 0.000000 -0.000000 10.000000
v 1.036436 0.000000 10.523108
v 1.029034 0.101351 10.498510
v 1.007221 0.200349 10.426833
v 0.972122 0.294890 10.314252
v 0.925453 0.383335 10.170460
v 0.869298 0.464649 10.007841
v 0.805856 0.538456 9.840400
v 0.737180 0.604988 9.682557
v 0.664954 0.664954 9.547905
v 0.590335 0.719325 9.448040
v 0.513896 0.769100 9.391562
v 0.435655 0.815052 9.383337
v 0.355203 0.857536 9.424071
v 0.271903 0.896345 9.510257
v 0.185124 0.930680 9.634472
v 0.094473 0.959198 9.786019
v 0.000000 0.980171 9.951847
v -0.097674 0.991706 10.117676
v -0.197320 0.991996 10.269223
v -0.297154 0.979586 10.393438
v -0.394988 0.953585 10.479624
v -0.488445 0.913816 10.520357
v -0.575212 0.860866 10.512132
v -0.653293 0.796040 10.455654
v -0.721218 0.721218 10.355790
v -0.778185 0.638640 10.221138
v -0.824109 0.550652 10.063294
v -0.859570 0.459450 9.895854
v -0.885668 0.366856 9.733235
v -0.903809 0.274167 9.589443
v -0.915455 0.182095 9.476861
v -0.921869 0.090796 9.405185
v -0.923907 0.000000 9.380587
v -0.921869 -0.090796 9.405185
v -0.915455 -0.182095 9.476861
v -0.903809 -0.274167 9.589443
v -0.885668 -0.366856 9.733235
v -0.859570 -0.459450 9.895854
v -0.824109 -0.550652 10.063294
v -0.778185 -0.638640 10.221138
v -0.721218 -0.721218 10.355790
v -0.653293 -0.796040 10.455654
v -0.575212 -0.860866 10.512132
v -0.488445 -0.913816 10.520357
v -0.394988 -0.953585 10.479624
v -0.297154 -0.979586 10.393438
v -0.197320 -0.991996 10.269223
v -0.097674 -0.991706 10.117676
v -0.000000 -0.980171 9.951847
v 0.094473 -0.959198 9.786019
v 0.185124 -0.930680 9.634472
v 0.271903 -0.896345 9.510257
v 0.355203 -0.857536 9.424071
v 0.435655 -0.815052 9.383337
v 0.513896 -0.769100 9.391562
v 0.590335 -0.719325 9.448040
v 0.664954 -0.664954 9.547905
v 0.737180 -0.604988 9.682557
v 0.805856 -0.538456 9.840400
v 0.869298 -0.464649 10.007841
v 0.925453 -0.383335 10.170460
v 0.972122 -0.294890 10.314252
v 1.007221 -0.200349 10.426833
v 1.029034 -0.101351 10.498510
v 2.157828 0.000000 10.848133
v 2.138570 0.210631 10.803339
v 2.082163 0.414168 10.672814
v 1.992517 0.604423 10.467799
v 1.875558 0.776882 10.205951
v 1.738430 0.929210 9.909818
v 1.588551 1.061436 9.604904
v 1.432666 1.175759 9.317469
v 1.276035 1.276035 9.072264
v 1.121869 1.367001 8.890408
v 0.971112 1.453371 8.787561
v 0.822576 1.538931 8.772582
v 0.673419 1.625778 8.846760
v 0.519885 1.713831 9.003706
v 0.358175 1.800665 9.229904
v 0.185334 1.881731 9.505876
v 0.000000 1.950903 9.807853
v -0.197110 2.001287 10.109830
v -0.403030 2.026169 10.385801
v -0.612750 2.019965 10.612000
v -0.819737 1.979021 10.768946
v -1.016723 1.902155 10.843123
v -1.196616 1.790862 10.828144
v -1.353411 1.649136 10.725298
v -1.482959 1.482959 10.543442
v -1.583471 1.299521 10.298238
v -1.655682 1.106292 10.010801
v -1.702656 0.910088 9.705888
v -1.729241 0.716275 9.409755
v -1.741279 0.528211 9.147906
v -1.744672 0.347037 8.942892
v -1.744448 0.171813 8.812367
v -1.743979 0.000000 8.767573
v -1.744448 -0.171813 8.812367
v -1.744672 -0.347037 8.942892
v -1.741279 -0.528211 9.147906
v -1.729241 -0.716275 9.409755
v -1.702656 -0.910088 9.705888
v -1.655682 -1.106292 10.010801
v -1.583471 -1.299521 10.298238
v -1.482959 -1.482959 10.543442
v -1.353411 -1.649136 10.725298
v -1.196616 -1.790862 10.828144
v -1.016723 -1.902155 10.843123
v -0.819737 -1.979021 10.768946
v -0.612750 -2.019965 10.612000
v -0.403030 -2.026169 10.385801
v -0.197110 -2.001287 10.109830
v -0.000000 -1.950903 9.807853
v 0.185334 -1.881731 9.505876
v 0.358175 -1.800665 9.229904
v 0.519885 -1.713831 9.003706
v 0.673419 -1.625778 8.846760
v 0.822576 -1.538931 8.772582
v 0.971112 -1.453371 8.787561
v 1.121869 -1.367001 8.890408
v 1.276035 -1.276035 9.072264
v 1.432666 -1.175759 9.317469
v 1.588551 -1.061436 9.604904
v 1.738430 -0.929210 9.909818
v 1.875558 -0.776882 10.205951
v 1.992517 -0.604423 10.467799
v 2.082163 -0.414168 10.672814
v 2.138570 -0.210631 10.803339
v 3.305129 0.000000 10.895550
v 3.271975 0.322261 10.838447
v 3.175128 0.631572 10.672053
v 3.022067 0.916734 10.410702
v 2.824109 1.169784 10.076898
v 2.594857 1.386980 9.699389
v 2.348374 1.569133 9.310685
v 2.097342 1.721244 8.944263
v 1.851482 1.851482 8.631677
v 1.616476 1.969681 8.399847
v 1.393534 2.085571 8.268739
v 1.179671 2.207010 8.249642
v 0.968643 2.338511 8.344204
v 0.752383 2.480273 8.544278
v 0.522715 2.627868 8.832636
v 0.273083 2.772655 9.184443
v 0.000000 2.902847 9.569404
v -0.295975 3.005083 9.954363
v -0.609919 3.066271 10.306170
v -0.932921 3.075429 10.594528
v -1.253100 3.025250 10.794602
v -1.557114 2.913155 10.889164
v -1.831937 2.741687 10.870069
v -2.066617 2.518180 10.738960
v -2.253764 2.253764 10.507131
v -2.390520 1.961849 10.194545
v -2.478884 1.656337 9.828122
v -2.525308 1.349805 9.439418
v -2.539653 1.051959 9.061909
v -2.533635 0.768570 8.728105
v -2.519011 0.501062 8.466753
v -2.505763 0.246796 8.300361
v -2.500565 0.000000 8.243257
v -2.505763 -0.246796 8.300361
v -2.519011 -0.501062 8.466753
v -2.533635 -0.768570 8.728105
v -2.539653 -1.051959 9.061909
v -2.525308 -1.349805 9.439418
v -2.478884 -1.656337 9.828122
v -2.390520 -1.961849 10.194545
v -2.253764 -2.253764 10.507131
v -2.066617 -2.518180 10.738960
v -1.831937 -2.741687 10.870069
v -1.557114 -2.913155 10.889164
v -1.253100 -3.025250 10.794602
v -0.932921 -3.075429 10.594528
v -0.609919 -3.066271 10.306170
v -0.295975 -3.005083 9.954363
v -0.000000 -2.902847 9.569404
v 0.273083 -2.772655 9.184443
v 0.522715 -2.627868 8.832636
v 0.752383 -2.480273 8.544278
v 0.968643 -2.338511 8.344204
v 1.179671 -2.207010 8.249642
v 1.393534 -2.085571 8.268739
v 1.616476 -1.969681 8.399847
v 1.851482 -1.851482 8.631677
v 2.097342 -1.721244 8.944263
v 2.348374 -1.569133 9.310685
v 2.594857 -1.386980 9.699389
v 2.824109 -1.169784 10.076898
v 3.022067 -0.916734 10.410702
v 3.175128 -0.631572 10.672053
v 3.271975 -0.322261 10.838447
v 4.400859 0.000000 10.624615
v 4.355070 0.428937 10.564941
v 4.221416 0.839692 10.391062
v 4.010530 1.216581 10.117949
v 3.738482 1.548530 9.769125
v 3.424587 1.830480 9.374629
v 3.088783 2.063859 8.968435
v 2.749011 2.256055 8.585525
v 2.418968 2.418968 8.258873
v 2.106560 2.566850 8.016612
v 1.813292 2.713783 7.879604
v 1.534667 2.871159 7.859649
v 1.261518 3.045573 7.958465
v 0.982064 3.237432 8.167542
v 0.684362 3.440519 8.468875
v 0.358763 3.642579 8.836514
v 0.000000 3.826834 9.238795
v -0.391428 3.974235 9.641077
v -0.808795 4.066086 10.008716
v -1.239679 4.086673 10.310048
v -1.667415 4.025495 10.519125
v -2.073248 3.878774 10.617942
v -2.438859 3.650010 10.597986
v -2.748876 3.349516 10.460979
v -2.992993 2.992993 10.218718
v -3.167355 2.599381 9.892066
v -3.275010 2.188292 9.509155
v -3.325346 1.777434 9.102962
v -3.332585 1.380402 8.708466
v -3.313575 1.005162 8.359641
v -3.285189 0.653465 8.086529
v -3.261744 0.321254 7.912649
v -3.252809 0.000000 7.852976
v -3.261744 -0.321254 7.912649
v -3.285189 -0.653465 8.086529
v -3.313575 -1.005162 8.359641
v -3.332585 -1.380402 8.708466
v -3.325346 -1.777434 9.102962
v -3.275010 -2.188292 9.509155
v -3.167355 -2.599381 9.892066
v -2.992993 -2.992993 10.218718
v -2.748876 -3.349516 10.460979
v -2.438859 -3.650010 10.597986
v -2.073248 -3.878774 10.617942
v -1.667415 -4.025495 10.519125
v -1.239679 -4.086673 10.310048
v -0.808795 -4.066086 10.008716
v -0.391428 -3.974235 9.641077
v -0.000000 -3.826834 9.238795
v 0.358763 -3.642579 8.836514
v 0.684362 -3.440519 8.468875
v 0.982064 -3.237432 8.167542
v 1.261518 -3.045573 7.958465
v 1.534667 -2.871159 7.859649
v 1.813292 -2.713783 7.879604
v 2.106560 -2.566850 8.016612
v 2.418968 -2.418968 8.258873
v 2.749011 -2.256055 8.585525
v 3.088783 -2.063859 8.968435
v 3.424587 -1.830480 9.374629
v 3.738482 -1.548530 9.769125
v 4.010530 -1.216581 10.117949
v 4.221416 -0.839692 10.391062
v 4.355070 -0.428937 10.564941
v 5.367238 0.000000 10.041396
v 5.313399 0.523324 9.988770
v 5.156127 1.025618 9.835422
v 4.907571 1.488695 9.594558
v 4.586104 1.899626 9.286922
v 4.213819 2.252333 8.939008
v 3.813552 2.548134 8.580776
v 3.405898 2.795148 8.243079
v 3.006643 3.006643 7.954998
v 2.625014 3.198589 7.741343
v 2.262976 3.386783 7.620513
v 1.915682 3.583989 7.602914
v 1.572991 3.797537 7.690063
v 1.221803 4.027745 7.874452
v 0.848844 4.267426 8.140203
v 0.443462 4.502547 8.464432
v 0.000000 4.713967 8.819213
v -0.480637 4.879990 9.173994
v -0.990455 4.979354 9.498221
v -1.514982 4.994226 9.763973
v -2.034923 4.912739 9.948363
v -2.528616 4.730707 10.035511
v -2.974904 4.452259 10.017912
v -3.356004 4.089303 9.897082
v -3.659914 3.659914 9.683427
v -3.881994 3.185870 9.395346
v -4.025489 2.689746 9.057649
v -4.100877 2.191964 8.699418
v -4.124172 1.708288 8.351503
v -4.114400 1.248090 8.043868
v -4.090652 0.813681 7.803004
v -4.069138 0.400775 7.649656
v -4.060697 0.000000 7.597029
v -4.069138 -0.400775 7.649656
v -4.090652 -0.813681 7.803004
v -4.114400 -1.248090 8.043868
v -4.124172 -1.708288 8.351503
v -4.100877 -2.191964 8.699418
v -4.025489 -2.689746 9.057649
v -3.881994 -3.185870 9.395346
v -3.659914 -3.659914 9.683427
v -3.356004 -4.089303 9.897082
v -2.974904 -4.452259 10.017912
v -2.528616 -4.730707 10.035511
v -2.034923 -4.912739 9.948363
v -1.514982 -4.994226 9.763973
v -0.990455 -4.979354 9.498221
v -0.480637 -4.879990 9.173994
v -0.000000 -4.713967 8.819213
v 0.443462 -4.502547 8.464432
v 0.848844 -4.267426 8.140203
v 1.221803 -4.027745 7.874452
v 1.572991 -3.797537 7.690063
v 1.915682 -3.583989 7.602914
v 2.262976 -3.386783 7.620513
v 2.625014 -3.198589 7.741343
v 3.006643 -3.006643 7.954998
v 3.405898 -2.795148 8.243079
v 3.813552 -2.548134 8.580776
v 4.213819 -2.252333 8.939008
v 4.586104 -1.899626 9.286922
v 4.907571 -1.488695 9.594558
v 5.156127 -1.025618 9.835422
v 5.313399 -0.523324 9.988770
v 6.144974 0.000000 9.196603
v 6.090132 0.599826 9.158628
v 5.929498 1.179450 9.047975
v 5.674208 1.721252 8.874172
v 5.341138 2.212372 8.652187
v 4.950631 2.646167 8.401138
v 4.523811 3.022714 8.142645
v 4.079889 3.348278 7.898968
v 3.633839 3.633839 7.691094
v 3.194812 3.892889 7.536924
v 2.765492 4.138851 7.449735
v 2.342497 4.382504 7.437036
v 1.917736 4.629825 7.499920
v 1.480507 4.880577 7.632973
v 1.019995 5.127860 7.824735
v 0.527788 5.358717 8.058692
v 0.000000 5.555702 8.314696
v -0.561321 5.699183 8.570700
v -1.147733 5.770042 8.804657
v -1.744964 5.752374 8.996419
v -2.334414 5.635774 9.129472
v -2.895383 5.416881 9.192356
v -3.407674 5.099944 9.179657
v -3.854189 4.696342 9.092468
v -4.223110 4.223110 8.938298
v -4.509343 3.700722 8.730424
v -4.714984 3.150452 8.486748
v -4.848753 2.591713 8.228254
v -4.924461 2.039778 7.977205
v -4.958743 1.504218 7.755220
v -4.968404 0.988277 7.581418
v -4.967768 0.489282 7.470764
v -4.966431 0.000000 7.432789
v -4.967768 -0.489282 7.470764
v -4.968404 -0.988277 7.581418
v -4.958743 -1.504218 7.755220
v -4.924461 -2.039778 7.977205
v -4.848753 -2.591713 8.228254
v -4.714984 -3.150452 8.486748
v -4.509343 -3.700722 8.730424
v -4.223110 -4.223110 8.938298
v -3.854189 -4.696342 9.092468
v -3.407674 -5.099944 9.179657
v -2.895383 -5.416881 9.192356
v -2.334414 -5.635774 9.129472
v -1.744964 -5.752374 8.996419
v -1.147733 -5.770042 8.804657
v -0.561321 -5.699183 8.570700
v -0.000000 -5.555702 8.314696
v 0.527788 -5.358717 8.058692
v 1.019995 -5.127860 7.824735
v 1.480507 -4.880577 7.632973
v 1.917736 -4.629825 7.499920
v 2.342497 -4.382504 7.437036
v 2.765492 -4.138851 7.449735
v 3.194812 -3.892889 7.536924
v 3.633839 -3.633839 7.691094
v 4.079889 -3.348278 7.898968
v 4.523811 -3.022714 8.142645
v 4.950631 -2.646167 8.401138
v 5.341138 -2.212372 8.652187
v 5.674208 -1.721252 8.874172
v 5.929498 -1.179450 9.047975
v 6.090132 -0.599826 9.158628
v 6.708090 0.000000 8.173832
v 6.660184 0.655971 8.154725
v 6.519004 1.296710 8.099051
v 6.291837 1.908608 8.011602
v 5.989779 2.481048 7.899912
v 5.626328 3.007335 7.773597
v 5.215717 3.485030 7.643538
v 4.771229 3.915647 7.520933
v 4.303759 4.303759 7.416342
v 3.820808 4.655668 7.338772
v 3.326072 4.977819 7.294903
v 2.819673 5.275237 7.288514
v 2.298969 5.550202 7.320154
v 1.759832 5.801389 7.387099
v 1.198170 6.023608 7.483583
v 0.611453 6.208185 7.601297
v 0.000000 6.343933 7.730104
v -0.632176 6.418585 7.858912
v -1.277110 6.420464 7.976626
v -1.923261 6.340142 8.073111
v -2.556467 6.171858 8.140056
v -3.161345 5.914461 8.171696
v -3.722928 5.571755 8.165306
v -4.228289 5.152185 8.121437
v -4.667917 4.667917 8.043867
v -5.036623 4.133450 7.939276
v -5.333858 3.563970 7.816671
v -5.563370 2.973683 7.686612
v -5.732281 2.374388 7.560297
v -5.849694 1.774485 7.448607
v -5.925068 1.178569 7.361159
v -5.966586 0.587657 7.305484
v -5.979775 0.000000 7.286377
v -5.966586 -0.587657 7.305484
v -5.925068 -1.178569 7.361159
v -5.849694 -1.774485 7.448607
v -5.732281 -2.374388 7.560297
v -5.563370 -2.973683 7.686612
v -5.333858 -3.563970 7.816671
v -5.036623 -4.133450 7.939276
v -4.667917 -4.667917 8.043867
v -4.228289 -5.152185 8.121437
v -3.722928 -5.571755 8.165306
v -3.161345 -5.914461 8.171696
v -2.556467 -6.171858 8.140056
v -1.923261 -6.340142 8.073111
v -1.277110 -6.420464 7.976626
v -0.632176 -6.418585 7.858912
v -0.000000 -6.343933 7.730104
v 0.611453 -6.208185 7.601297
v 1.198170 -6.023608 7.483583
v 1.759832 -5.801389 7.387099
v 2.298969 -5.550202 7.320154
v 2.819673 -5.275237 7.288514
v 3.326072 -4.977819 7.294903
v 3.820808 -4.655668 7.338772
v 4.303759 -4.303759 7.416342
v 4.771229 -3.915647 7.520933
v 5.215717 -3.485030 7.643538
v 5.626328 -3.007335 7.773597
v 5.989779 -2.481048 7.899912
v 6.291837 -1.908608 8.011602
v 6.519004 -1.296710 8.099051
v 6.660184 -0.655971 8.154725
v 7.071068 0.000000 7.071068
v 7.037019 0.693086 7.071068
v 6.935199 1.379497 7.071068
v 6.766590 2.052623 7.071068
v 6.532815 2.705981 7.071068
v 6.236125 3.333278 7.071068
v 5.879378 3.928475 7.071068
v 5.466009 4.485838 7.071068
v 5.000000 5.000000 7.071068
v 4.485838 5.466009 7.071068
v 3.928475 5.879378 7.071068
v 3.333278 6.236125 7.071068
v 2.705981 6.532815 7.071068
v 2.052623 6.766590 7.071068
v 1.379497 6.935199 7.071068
v 0.693086 7.037019 7.071068
v 0.000000 7.071068 7.071068
v -0.693086 7.037019 7.071068
v -1.379497 6.935199 7.071068
v -2.052623 6.766590 7.071068
v -2.705981 6.532815 7.071068
v -3.333278 6.236125 7.071068
v -3.928475 5.879378 7.071068
v -4.485838 5.466009 7.071068
v -5.000000 5.000000 7.071068
v -5.466009 4.485838 7.071068
v -5.879378 3.928475 7.071068
v -6.236125 3.333278 7.071068
v -6.532815 2.705981 7.071068
v -6.766590 2.052623 7.071068
v -6.935199 1.379497 7.071068
v -7.037019 0.693086 7.071068
v -7.071068 0.000000 7.071068
v -7.037019 -0.693086 7.071068
v -6.935199 -1.379497 7.071068
v -6.766590 -2.052623 7.071068
v -6.532815 -2.705981 7.071068
v -6.236125 -3.333278 7.071068
v -5.879378 -3.928475 7.071068
v -5.466009 -4.485838 7.071068
v -5.000000 -5.000000 7.071068
v -4.485838 -5.466009 7.071068
v -3.928475 -5.879378 7.071068
v -3.333278 -6.236125 7.071068
v -2.705981 -6.532815 7.071068
v -2.052623 -6.766590 7.071068
v -1.379497 -6.935199 7.071068
v -0.693086 -7.037019 7.071068
v -0.000000 -7.071068 7.071068
v 0.693086 -7.037019 7.071068
v 1.379497 -6.935199 7.071068
v 2.052623 -6.766590 7.071068
v 2.705981 -6.532815 7.071068
v 3.333278 -6.236125 7.071068
v 3.928475 -5.879378 7.071068
v 4.485838 -5.466009 7.071068
v 5.000000 -5.000000 7.071068
v 5.466009 -4.485838 7.071068
v 5.879378 -3.928475 7.071068
v 6.236125 -3.333278 7.071068
v 6.532815 -2.705981 7.071068
v 6.766590 -2.052623 7.071068
v 6.935199 -1.379497 7.071068
v 7.037019 -0.693086 7.071068
v 7.286377 0.000000 5.979775
v 7.270306 0.716063 5.995456
v 7.219716 1.436091 6.041147
v 7.127872 2.162216 6.112914
v 6.984804 2.893201 6.204576
v 6.778986 3.623444 6.308239
v 6.499325 4.342710 6.414977
v 6.137144 5.036623 6.515595
v 5.687873 5.687873 6.601431
v 5.152185 6.277956 6.665091
v 4.536401 6.789204 6.701093
v 3.852110 7.206792 6.706337
v 3.115064 7.520431 6.680371
v 2.343500 7.725485 6.625431
v 1.556163 7.823358 6.546248
v 0.770308 7.821069 6.449642
v 0.000000 7.730104 6.343933
v -0.745057 7.564695 6.238224
v -1.459975 7.339788 6.141618
v -2.144361 7.069013 6.062435
v -2.801301 6.762940 6.007495
v -3.435782 6.427895 5.981529
v -4.052831 6.065490 5.986773
v -4.655668 5.672947 6.022774
v -5.244145 5.244145 6.086434
v -5.813760 4.771229 6.172270
v -6.355369 4.246522 6.272889
v -6.855701 3.664448 6.379627
v -7.298567 3.023165 6.483290
v -7.666625 2.325645 6.574952
v -7.943429 1.580046 6.646719
v -8.115458 0.799303 6.692410
v -8.173832 0.000000 6.708090
v -8.115458 -0.799303 6.692410
v -7.943429 -1.580046 6.646719
v -7.666625 -2.325645 6.574952
v -7.298567 -3.023165 6.483290
v -6.855701 -3.664448 6.379627
v -6.355369 -4.246522 6.272889
v -5.813760 -4.771229 6.172270
v -5.244145 -5.244145 6.086434
v -4.655668 -5.672947 6.022774
v -4.052831 -6.065490 5.986773
v -3.435782 -6.427895 5.981529
v -2.801301 -6.762940 6.007495
v -2.144361 -7.069013 6.062435
v -1.459975 -7.339788 6.141618
v -0.745057 -7.564695 6.238224
v -0.000000 -7.730104 6.343933
v 0.770308 -7.821069 6.449642
v 1.556163 -7.823358 6.546248
v 2.343500 -7.725485 6.625431
v 3.115064 -7.520431 6.680371
v 3.852110 -7.206792 6.706337
v 4.536401 -6.789204 6.701093
v 5.152185 -6.277956 6.665091
v 5.687873 -5.687873 6.601431
v 6.137144 -5.036623 6.515595
v 6.499325 -4.342710 6.414977
v 6.778986 -3.623444 6.308239
v 6.984804 -2.893201 6.204576
v 7.127872 -2.162216 6.112914
v 7.219716 -1.436091 6.041147
v 7.270306 -0.716063 5.995456
v 7.432789 0.000000 4.966431
v 7.434790 0.732263 4.991805
v 7.435743 1.479061 5.065741
v 7.421283 2.251222 5.181873
v 7.369977 3.052744 5.330198
v 7.256672 3.878772 5.497944
v 7.056473 4.714984 5.670663
v 6.748709 5.538522 5.833483
v 6.320332 6.320332 5.972380
v 5.768201 7.028573 6.075393
v 5.099944 7.632606 6.133651
v 4.333247 8.106935 6.142136
v 3.493698 8.434532 6.100118
v 2.611523 8.609036 6.011215
v 1.717703 8.635478 5.883084
v 0.840075 8.529429 5.726759
v 0.000000 8.314696 5.555702
v -0.789890 8.019887 5.384646
v -1.526530 7.674385 5.228321
v -2.215735 7.304300 5.100190
v -2.870095 6.929023 5.011287
v -3.505795 6.558880 4.969269
v -4.138851 6.194228 4.977754
v -4.781374 5.826121 5.036012
v -5.438425 5.438425 5.139025
v -6.105985 5.011052 5.277922
v -6.770361 4.523811 5.440741
v -7.409142 3.960269 5.613461
v -7.993578 3.311049 5.781207
v -8.492053 2.576036 5.929532
v -8.874121 1.765172 6.045663
v -9.114527 0.897703 6.119600
v -9.196603 0.000000 6.144974
v -9.114527 -0.897703 6.119600
v -8.874121 -1.765172 6.045663
v -8.492053 -2.576036 5.929532
v -7.993578 -3.311049 5.781207
v -7.409142 -3.960269 5.613461
v -6.770361 -4.523811 5.440741
v -6.105985 -5.011052 5.277922
v -5.438425 -5.438425 5.139025
v -4.781374 -5.826121 5.036012
v -4.138851 -6.194228 4.977754
v -3.505795 -6.558880 4.969269
v -2.870095 -6.929023 5.011287
v -2.215735 -7.304300 5.100190
v -1.526530 -7.674385 5.228321
v -0.789890 -8.019887 5.384646
v -0.000000 -8.314696 5.555702
v 0.840075 -8.529429 5.726759
v 1.717703 -8.635478 5.883084
v 2.611523 -8.609036 6.011215
v 3.493698 -8.434532 6.100118
v 4.333247 -8.106935 6.142136
v 5.099944 -7.632606 6.133651
v 5.768201 -7.028573 6.075393
v 6.320332 -6.320332 5.972380
v 6.748709 -5.538522 5.833483
v 7.056473 -4.714984 5.670663
v 7.256672 -3.878772 5.497944
v 7.369977 -3.052744 5.330198
v 7.421283 -2.251222 5.181873
v 7.435743 -1.479061 5.065741
v 7.434790 -0.732263 4.991805
v 7.597029 0.000000 4.060697
v 7.612821 0.749797 4.088826
v 7.653072 1.522291 4.170793
v 7.697501 2.335011 4.299537
v 7.715783 3.195982 4.463972
v 7.672202 4.100877 4.649936
v 7.531160 5.032160 4.841414
v 7.262701 5.960344 5.021917
v 6.847217 6.847217 5.175900
v 6.278643 7.650548 5.290101
v 5.565654 8.329590 5.354686
v 4.730707 8.850531 5.364092
v 3.807074 9.191089 5.317511
v 2.834332 9.343540 5.218953
v 1.853011 9.315716 5.076905
v 0.899209 9.129819 4.903602
v 0.000000 8.819213 4.713967
v -0.829659 8.423673 4.524333
v -1.588075 7.983792 4.351029
v -2.285833 7.535381 4.208982
v -2.942859 7.104691 4.110424
v -3.583989 6.705172 4.063842
v -4.233730 6.336225 4.073249
v -4.911056 5.984139 4.137834
v -5.625033 5.625033 4.252035
v -6.371986 5.229354 4.406018
v -7.134655 4.767224 4.586521
v -7.883501 4.213819 4.777999
v -8.579997 3.553951 4.963963
v -9.181419 2.785153 5.128398
v -9.646437 1.918795 5.257142
v -9.940671 0.979071 5.339108
v -10.041396 0.000000 5.367238
v -9.940671 -0.979071 5.339108
v -9.646437 -1.918795 5.257142
v -9.181419 -2.785153 5.128398
v -8.579997 -3.553951 4.963963
v -7.883501 -4.213819 4.777999
v -7.134655 -4.767224 4.586521
v -6.371986 -5.229354 4.406018
v -5.625033 -5.625033 4.252035
v -4.911056 -5.984139 4.137834
v -4.233730 -6.336225 4.073249
v -3.583989 -6.705172 4.063842
v -2.942859 -7.104691 4.110424
v -2.285833 -7.535381 4.208982
v -1.588075 -7.983792 4.351029
v -0.829659 -8.423673 4.524333
v -0.000000 -8.819213 4.713967
v 0.899209 -9.129819 4.903602
v 1.853011 -9.315716 5.076905
v 2.834332 -9.343540 5.218953
v 3.807074 -9.191089 5.317511
v 4.730707 -8.850531 5.364092
v 5.565654 -8.329590 5.354686
v 6.278643 -7.650548 5.290101
v 6.847217 -6.847217 5.175900
v 7.262701 -5.960344 5.021917
v 7.531160 -5.032160 4.841414
v 7.672202 -4.100877 4.649936
v 7.715783 -3.195982 4.463972
v 7.697501 -2.335011 4.299537
v 7.653072 -1.522291 4.170793
v 7.612821 -0.749797 4.088826
v 7.852976 0.000000 3.252809
v 7.874547 0.775575 3.277527
v 7.931149 1.577603 3.349550
v 7.999678 2.426676 3.462677
v 8.045573 3.332585 3.607164
v 8.028095 4.291106 3.770570
v 7.906574 5.283004 3.938821
v 7.646670 6.275460 4.097428
v 7.225725 7.225725 4.232731
v 6.636375 8.086446 4.333079
v 5.887926 8.811904 4.389830
v 5.005263 9.364188 4.398096
v 4.025495 9.718405 4.357164
v 2.992849 9.866101 4.270562
v 1.952603 9.816401 4.145746
v 0.944991 9.594653 3.993465
v 0.000000 9.238795 3.826834
v -0.866130 8.793963 3.660204
v -1.652196 8.306149 3.507923
v -2.370913 7.815851 3.383107
v -3.045573 7.352663 3.296504
v -3.705013 6.931592 3.255573
v -4.377674 6.551651 3.263839
v -5.085685 6.196925 3.320589
v -5.839905 5.839905 3.420937
v -6.636700 5.446599 3.556241
v -7.456982 4.982596 3.714848
v -8.267685 4.419170 3.883099
v -9.025495 3.738482 4.046504
v -9.682274 2.937086 4.190992
v -10.191401 2.027196 4.304119
v -10.514069 1.035545 4.376142
v -10.624615 0.000000 4.400859
v -10.514069 -1.035545 4.376142
v -10.191401 -2.027196 4.304119
v -9.682274 -2.937086 4.190992
v -9.025495 -3.738482 4.046504
v -8.267685 -4.419170 3.883099
v -7.456982 -4.982596 3.714848
v -6.636700 -5.446599 3.556241
v -5.839905 -5.839905 3.420937
v -5.085685 -6.196925 3.320589
v -4.377674 -6.551651 3.263839
v -3.705013 -6.931592 3.255573
v -3.045573 -7.352663 3.296504
v -2.370913 -7.815851 3.383107
v -1.652196 -8.306149 3.507923
v -0.866130 -8.793963 3.660204
v -0.000000 -9.238795 3.826834
v 0.944991 -9.594653 3.993465
v 1.952603 -9.816401 4.145746
v 2.992849 -9.866101 4.270562
v 4.025495 -9.718405 4.357164
v 5.005263 -9.364188 4.398096
v 5.887926 -8.811904 4.389830
v 6.636375 -8.086446 4.333079
v 7.225725 -7.225725 4.232731
v 7.646670 -6.275460 4.097428
v 7.906574 -5.283004 3.938821
v 8.028095 -4.291106 3.770570
v 8.045573 -3.332585 3.607164
v 7.999678 -2.426676 3.462677
v 7.931149 -1.577603 3.349550
v 7.874547 -0.775575 3.277527
v 8.243257 0.000000 2.500565
v 8.260392 0.813578 2.517887
v 8.304067 1.651782 2.568362
v 8.352276 2.533635 2.647642
v 8.372112 3.467843 2.748900
v 8.324823 4.449711 2.863416
v 8.171784 5.460212 2.981328
v 7.880489 6.467350 3.092481
v 7.429663 7.429663 3.187303
v 6.812724 8.301329 3.257628
v 6.039086 9.038132 3.297399
v 5.133116 9.603385 3.303192
v 4.130916 9.972913 3.274507
v 3.075429 10.138331 3.213815
v 2.010634 10.108141 3.126343
v 0.975698 9.906430 3.019623
v 0.000000 9.569404 2.902847
v -0.900233 9.140218 2.786070
v -1.723162 8.662919 2.679351
v -2.480273 8.176365 2.591878
v -3.193189 7.709039 2.531187
v -3.888855 7.275536 2.502502
v -4.593865 6.875205 2.508294
v -5.328806 6.493169 2.548066
v -6.103517 6.103517 2.618390
v -6.914008 5.674180 2.713212
v -7.741552 5.172740 2.824365
v -8.554097 4.572260 2.942277
v -9.309839 3.856262 3.056793
v -9.962420 3.022067 3.158052
v -10.466993 2.082014 3.237332
v -10.786256 1.062353 3.287807
v -10.895550 0.000000 3.305129
v -10.786256 -1.062353 3.287807
v -10.466993 -2.082014 3.237332
v -9.962420 -3.022067 3.158052
v -9.309839 -3.856262 3.056793
v -8.554097 -4.572260 2.942277
v -7.741552 -5.172740 2.824365
v -6.914008 -5.674180 2.713212
v -6.103517 -6.103517 2.618390
v -5.328806 -6.493169 2.548066
v -4.593865 -6.875205 2.508294
v -3.888855 -7.275536 2.502502
v -3.193189 -7.709039 2.531187
v -2.480273 -8.176365 2.591878
v -1.723162 -8.662919 2.679351
v -0.900233 -9.140218 2.786070
v -0.000000 -9.569404 2.902847
v 0.975698 -9.906430 3.019623
v 2.010634 -10.108141 3.126343
v 3.075429 -10.138331 3.213815
v 4.130916 -9.972913 3.274507
v 5.133116 -9.603385 3.303192
v 6.039086 -9.038132 3.297399
v 6.812724 -8.301329 3.257628
v 7.429663 -7.429663 3.187303
v 7.880489 -6.467350 3.092481
v 8.171784 -5.460212 2.981328
v 8.324823 -4.449711 2.863416
v 8.372112 -3.467843 2.748900
v 8.352276 -2.533635 2.647642
v 8.304067 -1.651782 2.568362
v 8.260392 -0.813578 2.517887
v 8.767573 0.000000 1.743979
v 8.769933 0.863763 1.752889
v 8.771056 1.744672 1.778852
v 8.754001 2.655497 1.819632
v 8.693480 3.600957 1.871717
v 8.559829 4.575324 1.930621
v 8.323677 5.561703 1.991272
v 7.960645 6.533133 2.048447
v 7.455339 7.455339 2.097221
v 6.804057 8.290768 2.133394
v 6.015794 9.003273 2.153852
v 5.111413 9.562781 2.156831
v 4.121097 9.949209 2.142076
v 3.080501 10.155051 2.110858
v 2.026169 10.186241 2.065864
v 0.990937 10.061149 2.010970
v 0.000000 9.807853 1.950903
v -0.931739 9.460102 1.890836
v -1.800665 9.052554 1.835942
v -2.613638 8.616009 1.790948
v -3.385508 8.173340 1.759730
v -4.135366 7.736727 1.744975
v -4.882108 7.306591 1.747955
v -5.640015 6.872378 1.768412
v -6.415059 6.415059 1.804585
v -7.202500 5.910939 1.853360
v -7.986186 5.336199 1.910534
v -8.739679 4.671456 1.971185
v -9.429069 3.905648 2.030090
v -10.017059 3.038642 2.082175
v -10.467739 2.082163 2.122955
v -10.751318 1.058912 2.148918
v -10.848133 0.000000 2.157828
v -10.751318 -1.058912 2.148918
v -10.467739 -2.082163 2.122955
v -10.017059 -3.038642 2.082175
v -9.429069 -3.905648 2.030090
v -8.739679 -4.671456 1.971185
v -7.986186 -5.336199 1.910534
v -7.202500 -5.910939 1.853360
v -6.415059 -6.415059 1.804585
v -5.640015 -6.872378 1.768412
v -4.882108 -7.306591 1.747955
v -4.135366 -7.736727 1.744975
v -3.385508 -8.173340 1.759730
v -2.613638 -8.616009 1.790948
v -1.800665 -9.052554 1.835942
v -0.931739 -9.460102 1.890836
v -0.000000 -9.807853 1.950903
v 0.990937 -10.061149 2.010970
v 2.026169 -10.186241 2.065864
v 3.080501 -10.155051 2.110858
v 4.121097 -9.949209 2.142076
v 5.111413 -9.562781 2.156831
v 6.015794 -9.003273 2.153852
v 6.804057 -8.290768 2.133394
v 7.455339 -7.455339 2.097221
v 7.960645 -6.533133 2.048447
v 8.323677 -5.561703 1.991272
v 8.559829 -4.575324 1.930621
v 8.693480 -3.600957 1.871717
v 8.754001 -2.655497 1.819632
v 8.771056 -1.744672 1.778852
v 8.769933 -0.863763 1.752889
v 9.380587 0.000000 0.923907
v 9.359896 0.921869 0.926330
v 9.294765 1.848844 0.933389
v 9.176525 2.783668 0.944478
v 8.992336 3.724748 0.958640
v 8.727364 4.664873 0.974657
v 8.367324 5.590867 0.991148
v 7.901046 6.484221 1.006694
v 7.322649 7.322649 1.019956
v 6.632997 8.082331 1.029792
v 5.840228 8.740518 1.035355
v 4.959262 9.278127 1.036165
v 4.010378 9.681910 1.032153
v 3.017056 9.945900 1.023664
v 2.003426 10.071902 1.011430
v 0.991706 10.068956 0.996504
v 0.000000 9.951847 0.980171
v -0.959198 9.738896 0.963839
v -1.879592 9.449347 0.948913
v -2.760682 9.100748 0.936679
v -3.606436 8.706706 0.928190
v -4.423275 8.275365 0.924178
v -5.217673 7.808799 0.924988
v -5.993773 7.303434 0.930551
v -6.751388 6.751388 0.940387
v -7.484717 6.142549 0.953649
v -8.181993 5.467033 0.969195
v -8.826127 4.717663 0.985686
v -9.396279 3.892066 1.001703
v -9.870123 2.994069 1.015865
v -10.226485 2.034174 1.026953
v -10.447957 1.029034 1.034013
v -10.523108 0.000000 1.036436
v -10.447957 -1.029034 1.034013
v -10.226485 -2.034174 1.026953
v -9.870123 -2.994069 1.015865
v -9.396279 -3.892066 1.001703
v -8.826127 -4.717663 0.985686
v -8.181993 -5.467033 0.969195
v -7.484717 -6.142549 0.953649
v -6.751388 -6.751388 0.940387
v -5.993773 -7.303434 0.930551
v -5.217673 -7.808799 0.924988
v -4.423275 -8.275365 0.924178
v -3.606436 -8.706706 0.928190
v -2.760682 -9.100748 0.936679
v -1.879592 -9.449347 0.948913
v -0.959198 -9.738896 0.963839
v -0.000000 -9.951847 0.980171
v 0.991706 -10.068956 0.996504
v 2.003426 -10.071902 1.011430
v 3.017056 -9.945900 1.023664
v 4.010378 -9.681910 1.032153
v 4.959262 -9.278127 1.036165
v 5.840228 -8.740518 1.035355
v 6.632997 -8.082331 1.029792
v 7.322649 -7.322649 1.019956
v 7.901046 -6.484221 1.006694
v 8.367324 -5.590867 0.991148
v 8.727364 -4.664873 0.974657
v 8.992336 -3.724748 0.958640
v 9.176525 -2.783668 0.944478
v 9.294765 -1.848844 0.933389
v 9.359896 -0.921869 0.926330
v 10.000000 0.000000 0.000000
v 9.951847 0.980171 0.000000
v 9.807853 1.950903 0.000000
v 9.569404 2.902847 0.000000
v 9.238795 3.826834 0.000000
v 8.819213 4.713967 0.000000
v 8.314696 5.555702 0.000000
v 7.730104 6.343933 0.000000
v 7.071068 7.071068 0.000000
v 6.343933 7.730104 0.000000
v 5.555702 8.314696 0.000000
v 4.713967 8.819213 0.000000
v 3.826834 9.238795 0.000000
v 2.902847 9.569404 0.000000
v 1.950903 9.807853 0.000000
v 0.980171 9.951847 0.000000
v 0.000000 10.000000 0.000000
v -0.980171 9.951847 0.000000
v -1.950903 9.807853 0.000000
v -2.902847 9.569404 0.000000
v -3.826834 9.238795 0.000000
v -4.713967 8.819213 0.000000
v -5.555702 8.314696 0.000000
v -6.343933 7.730104 0.000000
v -7.071068 7.071068 0.000000
v -7.730104 6.343933 0.000000
v -8.314696 5.555702 0.000000
v -8.819213 4.713967 0.000000
v -9.238795 3.826834 0.000000
v -9.569404 2.902847 0.000000
v -9.807853 1.950903 0.000000
v -9.951847 0.980171 0.000000
v -10.000000 0.000000 0.000000
v -9.951847 -0.980171 0.000000
v -9.807853 -1.950903 0.000000
v -9.569404 -2.902847 0.000000
v -9.238795 -3.826834 0.000000
v -8.819213 -4.713967 0.000000
v -8.314696 -5.555702 0.000000
v -7.730104 -6.343933 0.000000
v -7.071068 -7.071068 0.000000
v -6.343933 -7.730104 0.000000
v -5.555702 -8.314696 0.000000
v -4.713967 -8.819213 0.000000
v -3.826834 -9.238795 0.000000
v -2.902847 -9.569404 0.000000
v -1.950903 -9.807853 0.000000
v -0.980171 -9.951847 0.000000
v -0.000000 -10.000000 0.000000
v 0.980171 -9.951847 0.000000
v 1.950903 -9.807853 0.000000
v 2.902847 -9.569404 0.000000
v 3.826834 -9.238795 0.000000
v 4.713967 -8.819213 0.000000
v 5.555702 -8.314696 0.000000
v 6.343933 -7.730104 0.000000
v 7.071068 -7.071068 0.000000
v 7.730104 -6.343933 0.000000
v 8.314696 -5.555702 0.000000
v 8.819213 -4.713967 0.000000
v 9.238795 -3.826834 0.000000
v 9.569404 -2.902847 0.000000
v 9.807853 -1.950903 0.000000
v 9.951847 -0.980171 0.000000
v 10.523108 0.000000 -1.036436
v 10.447957 1.029034 -1.034013
v 10.226485 2.034174 -1.026953
v 9.870123 2.994069 -1.015865
v 9.396279 3.892066 -1.001703
v 8.826127 4.717663 -0.985686
v 8.181993 5.467033 -0.969195
v 7.484717 6.142549 -0.953649
v 6.751388 6.751388 -0.940387
v 5.993773 7.303434 -0.930551
v 5.217673 7.808799 -0.924988
v 4.423275 8.275365 -0.924178
v 3.606436 8.706706 -0.928190
v 2.760682 9.100748 -0.936679
v 1.879592 9.449347 -0.948913
v 0.959198 9.738896 -0.963839
v 0.000000 9.951847 -0.980171
v -0.991706 10.068956 -0.996504
v -2.003426 10.071902 -1.011430
v -3.017056 9.945900 -1.023664
v -4.010378 9.681910 -1.032153
v -4.959262 9.278127 -1.036165
v -5.840228 8.740518 -1.035355
v -6.632997 8.082331 -1.029792
v -7.322649 7.322649 -1.019956
v -7.901046 6.484221 -1.006694
v -8.367324 5.590867 -0.991148
v -8.727364 4.664873 -0.974657
v -8.992336 3.724748 -0.958640
v -9.176525 2.783668 -0.944478
v -9.294765 1.848844 -0.933389
v -9.359896 0.921869 -0.926330
v -9.380587 0.000000 -0.923907
v -9.359896 -0.921869 -0.926330
v -9.294765 -1.848844 -0.933389
v -9.176525 -2.783668 -0.944478
v -8.992336 -3.724748 -0.958640
v -8.727364 -4.664873 -0.974657
v -8.367324 -5.590867 -0.991148
v -7.901046 -6.484221 -1.006694
v -7.322649 -7.322649 -1.019956
v -6.632997 -8.082331 -1.029792
v -5.840228 -8.740518 -1.035355
v -4.959262 -9.278127 -1.036165
v -4.010378 -9.681910 -1.032153
v -3.017056 -9.945900 -1.023664
v -2.003426 -10.071902 -1.011430
v -0.991706 -10.068956 -0.996504
v -0.000000 -9.951847 -0.980171
v 0.959198 -9.738896 -0.963839
v 1.879592 -9.449347 -0.948913
v 2.760682 -9.100748 -0.936679
v 3.606436 -8.706706 -0.928190
v 4.423275 -8.275365 -0.924178
v 5.217673 -7.808799 -0.924988
v 5.993773 -7.303434 -0.930551
v 6.751388 -6.751388 -0.940387
v 7.484717 -6.142549 -0.953649
v 8.181993 -5.467033 -0.969195
v 8.826127 -4.717663 -0.985686
v 9.396279 -3.892066 -1.001703
v 9.870123 -2.994069 -1.015865
v 10.226485 -2.034174 -1.026953
v 10.447957 -1.029034 -1.034013
v 10.848133 0.000000 -2.157828
v 10.751318 1.058912 -2.148918
v 10.467739 2.082163 -2.122955
v 10.017059 3.038642 -2.082175
v 9.429069 3.905648 -2.030090
v 8.739679 4.671456 -1.971185
v 7.986186 5.336199 -1.910534
v 7.202500 5.910939 -1.853360
v 6.415059 6.415059 -1.804585
v 5.640015 6.872378 -1.768412
v 4.882108 7.306591 -1.747955
v 4.135366 7.736727 -1.744975
v 3.385508 8.173340 -1.759730
v 2.613638 8.616009 -1.790948
v 1.800665 9.052554 -1.835942
v 0.931739 9.460102 -1.890836
v 0.000000 9.807853 -1.950903
v -0.990937 10.061149 -2.010970
v -2.026169 10.186241 -2.065864
v -3.080501 10.155051 -2.110858
v -4.121097 9.949209 -2.142076
v -5.111413 9.562781 -2.156831
v -6.015794 9.003273 -2.153852
v -6.804057 8.290768 -2.133394
v -7.455339 7.455339 -2.097221
v -7.960645 6.533133 -2.048447
v -8.323677 5.561703 -1.991272
v -8.559829 4.575324 -1.930621
v -8.693480 3.600957 -1.871717
v -8.754001 2.655497 -1.819632
v -8.771056 1.744672 -1.778852
v -8.769933 0.863763 -1.752889
v -8.767573 0.000000 -1.743979
v -8.769933 -0.863763 -1.752889
v -8.771056 -1.744672 -1.778852
v -8.754001 -2.655497 -1.819632
v -8.693480 -3.600957 -1.871717
v -8.559829 -4.575324 -1.930621
v -8.323677 -5.561703 -1.991272
v -7.960645 -6.533133 -2.048447
v -7.455339 -7.455339 -2.097221
v -6.804057 -8.290768 -2.133394
v -6.015794 -9.003273 -2.153852
v -5.111413 -9.562781 -2.156831
v -4.121097 -9.949209 -2.142076
v -3.080501 -10.155051 -2.110858
v -2.026169 -10.186241 -2.065864
v -0.990937 -10.061149 -2.010970
v -0.000000 -9.807853 -1.950903
v 0.931739 -9.460102 -1.890836
v 1.800665 -9.052554 -1.835942
v 2.613638 -8.616009 -1.790948
v 3.385508 -8.173340 -1.759730
v 4.135366 -7.736727 -1.744975
v 4.882108 -7.306591 -1.747955
v 5.640015 -6.872378 -1.768412
v 6.415059 -6.415059 -1.804585
v 7.202500 -5.910939 -1.853360
v 7.986186 -5.336199 -1.910534
v 8.739679 -4.671456 -1.971185
v 9.429069 -3.905648 -2.030090
v 10.017059 -3.038642 -2.082175
v 10.467739 -2.082163 -2.122955
v 10.751318 -1.058912 -2.148918
v 10.895550 0.000000 -3.305129
v 10.786256 1.062353 -3.287807
v 10.466993 2.082014 -3.237332
v 9.962420 3.022067 -3.158052
v 9.309839 3.856262 -3.056793
v 8.554097 4.572260 -2.942277
v 7.741552 5.172740 -2.824365
v 6.914008 5.674180 -2.713212
v 6.103517 6.103517 -2.618390
v 5.328806 6.493169 -2.548066
v 4.593865 6.875205 -2.508294
v 3.888855 7.275536 -2.502502
v 3.193189 7.709039 -2.531187
v 2.480273 8.176365 -2.591878
v 1.723162 8.662919 -2.679351
v 0.900233 9.140218 -2.786070
v 0.000000 9.569404 -2.902847
v -0.975698 9.906430 -3.019623
v -2.010634 10.108141 -3.126343
v -3.075429 10.138331 -3.213815
v -4.130916 9.972913 -3.274507
v -5.133116 9.603385 -3.303192
v -6.039086 9.038132 -3.297399
v -6.812724 8.301329 -3.257628
v -7.429663 7.429663 -3.187303
v -7.880489 6.467350 -3.092481
v -8.171784 5.460212 -2.981328
v -8.324823 4.449711 -2.863416
v -8.372112 3.467843 -2.748900
v -8.352276 2.533635 -2.647642
v -8.304067 1.651782 -2.568362
v -8.260392 0.813578 -2.517887
v -8.243257 0.000000 -2.500565
v -8.260392 -0.813578 -2.517887
v -8.304067 -1.651782 -2.568362
v -8.352276 -2.533635 -2.647642
v -8.372112 -3.467843 -2.748900
v -8.324823 -4.449711 -2.863416
v -8.171784 -5.460212 -2.981328
v -7.880489 -6.467350 -3.092481
v -7.429663 -7.429663 -3.187303
v -6.812724 -8.301329 -3.257628
v -6.039086 -9.038132 -3.297399
v -5.133116 -9.603385 -3.303192
v -4.130916 -9.972913 -3.274507
v -3.075429 -10.138331 -3.213815
v -2.010634 -10.108141 -3.126343
v -0.975698 -9.906430 -3.019623
v -0.000000 -9.569404 -2.902847
v 0.900233 -9.140218 -2.786070
v 1.723162 -8.662919 -2.679351
v 2.480273 -8.176365 -2.591878
v 3.193189 -7.709039 -2.531187
v 3.888855 -7.275536 -2.502502
v 4.593865 -6.875205 -2.508294
v 5.328806 -6.493169 -2.548066
v 6.103517 -6.103517 -2.618390
v 6.914008 -5.674180 -2.713212
v 7.741552 -5.172740 -2.824365
v 8.554097 -4.572260 -2.942277
v 9.309839 -3.856262 -3.056793
v 9.962420 -3.022067 -3.158052
v 10.466993 -2.082014 -3.237332
v 10.786256 -1.062353 -3.287807
v 10.624615 0.000000 -4.400859
v 10.514069 1.035545 -4.376142
v 10.191401 2.027196 -4.304119
v 9.682274 2.937086 -4.190992
v 9.025495 3.738482 -4.046504
v 8.267685 4.419170 -3.883099
v 7.456982 4.982596 -3.714848
v 6.636700 5.446599 -3.556241
v 5.839905 5.839905 -3.420937
v 5.085685 6.196925 -3.320589
v 4.377674 6.551651 -3.263839
v 3.705013 6.931592 -3.255573
v 3.045573 7.352663 -3.296504
v 2.370913 7.815851 -3.383107
v 1.652196 8.306149 -3.507923
v 0.866130 8.793963 -3.660204
v 0.000000 9.238795 -3.826834
v -0.944991 9.594653 -3.993465
v -1.952603 9.816401 -4.145746
v -2.992849 9.866101 -4.270562
v -4.025495 9.718405 -4.357164
v -5.005263 9.364188 -4.398096
v -5.887926 8.811904 -4.389830
v -6.636375 8.086446 -4.333079
v -7.225725 7.225725 -4.232731
v -7.646670 6.275460 -4.097428
v -7.906574 5.283004 -3.938821
v -8.028095 4.291106 -3.770570
v -8.045573 3.332585 -3.607164
v -7.999678 2.426676 -3.462677
v -7.931149 1.577603 -3.349550
v -7.874547 0.775575 -3.277527
v -7.852976 0.000000 -3.252809
v -7.874547 -0.775575 -3.277527
v -7.931149 -1.577603 -3.349550
v -7.999678 -2.426676 -3.462677
v -8.045573 -3.332585 -3.607164
v -8.028095 -4.291106 -3.770570
v -7.906574 -5.283004 -3.938821
v -7.646670 -6.275460 -4.097428
v -7.225725 -7.225725 -4.232731
v -6.636375 -8.086446 -4.333079
v -5.887926 -8.811904 -4.389830
v -5.005263 -9.364188 -4.398096
v -4.025495 -9.718405 -4.357164
v -2.992849 -9.866101 -4.270562
v -1.952603 -9.816401 -4.145746
v -0.944991 -9.594653 -3.993465
v -0.000000 -9.238795 -3.826834
v 0.866130 -8.793963 -3.660204
v 1.652196 -8.306149 -3.507923
v 2.370913 -7.815851 -3.383107
v 3.045573 -7.352663 -3.296504
v 3.705013 -6.931592 -3.255573
v 4.377674 -6.551651 -3.263839
v 5.085685 -6.196925 -3.320589
v 5.839905 -5.839905 -3.420937
v 6.636700 -5.446599 -3.556241
v 7.456982 -4.982596 -3.714848
v 8.267685 -4.419170 -3.883099
v 9.025495 -3.738482 -4.046504
v 9.682274 -2.937086 -4.190992
v 10.191401 -2.027196 -4.304119
v 10.514069 -1.035545 -4.376142
v 10.041396 0.000000 -5.367238
v 9.940671 0.979071 -5.339108
v 9.646437 1.918795 -5.257142
v 9.181419 2.785153 -5.128398
v 8.579997 3.553951 -4.963963
v 7.883501 4.213819 -4.777999
v 7.134655 4.767224 -4.586521
v 6.371986 5.229354 -4.406018
v 5.625033 5.625033 -4.252035
v 4.911056 5.984139 -4.137834
v 4.233730 6.336225 -4.073249
v 3.583989 6.705172 -4.063842
v 2.942859 7.104691 -4.110424
v 2.285833 7.535381 -4.208982
v 1.588075 7.983792 -4.351029
v 0.829659 8.423673 -4.524333
v 0.000000 8.819213 -4.713967
v -0.899209 9.129819 -4.903602
v -1.853011 9.315716 -5.076905
v -2.834332 9.343540 -5.218953
v -3.807074 9.191089 -5.317511
v -4.730707 8.850531 -5.364092
v -5.565654 8.329590 -5.354686
v -6.278643 7.650548 -5.290101
v -6.847217 6.847217 -5.175900
v -7.262701 5.960344 -5.021917
v -7.531160 5.032160 -4.841414
v -7.672202 4.100877 -4.649936
v -7.715783 3.195982 -4.463972
v -7.697501 2.335011 -4.299537
v -7.653072 1.522291 -4.170793
v -7.612821 0.749797 -4.088826
v -7.597029 0.000000 -4.060697
v -7.612821 -0.749797 -4.088826
v -7.653072 -1.522291 -4.170793
v -7.697501 -2.335011 -4.299537
v -7.715783 -3.195982 -4.463972
v -7.672202 -4.100877 -4.649936
v -7.531160 -5.032160 -4.841414
v -7.262701 -5.960344 -5.021917
v -6.847217 -6.847217 -5.175900
v -6.278643 -7.650548 -5.290101
v -5.565654 -8.329590 -5.354686
v -4.730707 -8.850531 -5.364092
v -3.807074 -9.191089 -5.317511
v -2.834332 -9.343540 -5.218953
v -1.853011 -9.315716 -5.076905
v -0.899209 -9.129819 -4.903602
v -0.000000 -8.819213 -4.713967
v 0.829659 -8.423673 -4.524333
v 1.588075 -7.983792 -4.351029
v 2.285833 -7.535381 -4.208982
v 2.942859 -7.104691 -4.110424
v 3.583989 -6.705172 -4.063842
v 4.233730 -6.336225 -4.073249
v 4.911056 -5.984139 -4.137834
v 5.625033 -5.625033 -4.252035
v 6.371986 -5.229354 -4.406018
v 7.134655 -4.767224 -4.586521
v 7.883501 -4.213819 -4.777999
v 8.579997 -3.553951 -4.963963
v 9.181419 -2.785153 -5.128398
v 9.646437 -1.918795 -5.257142
v 9.940671 -0.979071 -5.339108
v 9.196603 0.000000 -6.144974
v 9.114527 0.897703 -6.119600
v 8.874121 1.765172 -6.045663
v 8.492053 2.576036 -5.929532
v 7.993578 3.311049 -5.781207
v 7.409142 3.960269 -5.613461
v 6.770361 4.523811 -5.440741
v 6.105985 5.011052 -5.277922
v 5.438425 5.438425 -5.139025
v 4.781374 5.826121 -5.036012
v 4.138851 6.194228 -4.977754
v 3.505795 6.558880 -4.969269
v 2.870095 6.929023 -5.011287
v 2.215735 7.304300 -5.100190
v 1.526530 7.674385 -5.228321
v 0.789890 8.019887 -5.384646
v 0.000000 8.314696 -5.555702
v -0.840075 8.529429 -5.726759
v -1.717703 8.635478 -5.883084
v -2.611523 8.609036 -6.011215
v -3.493698 8.434532 -6.100118
v -4.333247 8.106935 -6.142136
v -5.099944 7.632606 -6.133651
v -5.768201 7.028573 -6.075393
v -6.320332 6.320332 -5.972380
v -6.748709 5.538522 -5.833483
v -7.056473 4.714984 -5.670663
v -7.256672 3.878772 -5.497944
v -7.369977 3.052744 -5.330198
v -7.421283 2.251222 -5.181873
v -7.435743 1.479061 -5.065741
v -7.434790 0.732263 -4.991805
v -7.432789 0.000000 -4.966431
v -7.434790 -0.732263 -4.991805
v -7.435743 -1.479061 -5.065741
v -7.421283 -2.251222 -5.181873
v -7.369977 -3.052744 -5.330198
v -7.256672 -3.878772 -5.497944
v -7.056473 -4.714984 -5.670663
v -6.748709 -5.538522 -5.833483
v -6.320332 -6.320332 -5.972380
v -5.768201 -7.028573 -6.075393
v -5.099944 -7.632606 -6.133651
v -4.333247 -8.106935 -6.142136
v -3.493698 -8.434532 -6.100118
v -2.611523 -8.609036 -6.011215
v -1.717703 -8.635478 -5.883084
v -0.840075 -8.529429 -5.726759
v -0.000000 -8.314696 -5.555702
v 0.789890 -8.019887 -5.384646
v 1.526530 -7.674385 -5.228321
v 2.215735 -7.304300 -5.100190
v 2.870095 -6.929023 -5.011287
v 3.505795 -6.558880 -4.969269
v 4.138851 -6.194228 -4.977754
v 4.781374 -5.826121 -5.036012
v 5.438425 -5.438425 -5.139025
v 6.105985 -5.011052 -5.277922
v 6.770361 -4.523811 -5.440741
v 7.409142 -3.960269 -5.613461
v 7.993578 -3.311049 -5.781207
v 8.492053 -2.576036 -5.929532
v 8.874121 -1.765172 -6.045663
v 9.114527 -0.897703 -6.119600
v 8.173832 0.000000 -6.708090
v 8.115458 0.799303 -6.692410
v 7.943429 1.580046 -6.646719
v 7.666625 2.325645 -6.574952
v 7.298567 3.023165 -6.483290
v 6.855701 3.664448 -6.379627
v 6.355369 4.246522 -6.272889
v 5.813760 4.771229 -6.172270
v 5.244145 5.244145 -6.086434
v 4.655668 5.672947 -6.022774
v 4.052831 6.065490 -5.986773
v 3.435782 6.427895 -5.981529
v 2.801301 6.762940 -6.007495
v 2.144361 7.069013 -6.062435
v 1.459975 7.339788 -6.141618
v 0.745057 7.564695 -6.238224
v 0.000000 7.730104 -6.343933
v -0.770308 7.821069 -6.449642
v -1.556163 7.823358 -6.546248
v -2.343500 7.725485 -6.625431
v -3.115064 7.520431 -6.680371
v -3.852110 7.206792 -6.706337
v -4.536401 6.789204 -6.701093
v -5.152185 6.277956 -6.665091
v -5.687873 5.687873 -6.601431
v -6.137144 5.036623 -6.515595
v -6.499325 4.342710 -6.414977
v -6.778986 3.623444 -6.308239
v -6.984804 2.893201 -6.204576
v -7.127872 2.162216 -6.112914
v -7.219716 1.436091 -6.041147
v -7.270306 0.716063 -5.995456
v -7.286377 0.000000 -5.979775
v -7.270306 -0.716063 -5.995456
v -7.219716 -1.436091 -6.041147
v -7.127872 -2.162216 -6.112914
v -6.984804 -2.893201 -6.204576
v -6.778986 -3.623444 -6.308239
v -6.499325 -4.342710 -6.414977
v -6.137144 -5.036623 -6.515595
v -5.687873 -5.687873 -6.601431
v -5.152185 -6.277956 -6.665091
v -4.536401 -6.789204 -6.701093
v -3.852110 -7.206792 -6.706337
v -3.115064 -7.520431 -6.680371
v -2.343500 -7.725485 -6.625431
v -1.556163 -7.823358 -6.546248
v -0.770308 -7.821069 -6.449642
v -0.000000 -7.730104 -6.343933
v 0.745057 -7.564695 -6.238224
v 1.459975 -7.339788 -6.141618
v 2.144361 -7.069013 -6.062435
v 2.801301 -6.762940 -6.007495
v 3.435782 -6.427895 -5.981529
v 4.052831 -6.065490 -5.986773
v 4.655668 -5.672947 -6.022774
v 5.244145 -5.244145 -6.086434
v 5.813760 -4.771229 -6.172270
v 6.355369 -4.246522 -6.272889
v 6.855701 -3.664448 -6.379627
v 7.298567 -3.023165 -6.483290
v 7.666625 -2.325645 -6.574952
v 7.943429 -1.580046 -6.646719
v 8.115458 -0.799303 -6.692410
v 7.071068 0.000000 -7.071068
v 7.037019 0.693086 -7.071068
v 6.935199 1.379497 -7.071068
v 6.766590 2.052623 -7.071068
v 6.532815 2.705981 -7.071068
v 6.236125 3.333278 -7.071068
v 5.879378 3.928475 -7.071068
v 5.466009 4.485838 -7.071068
v 5.000000 5.000000 -7.071068
v 4.485838 5.466009 -7.071068
v 3.928475 5.879378 -7.071068
v 3.333278 6.236125 -7.071068
v 2.705981 6.532815 -7.071068
v 2.052623 6.766590 -7.071068
v 1.379497 6.935199 -7.071068
v 0.693086 7.037019 -7.071068
v 0.000000 7.071068 -7.071068
v -0.693086 7.037019 -7.071068
v -1.379497 6.935199 -7.071068
v -2.052623 6.766590 -7.071068
v -2.705981 6.532815 -7.071068
v -3.333278 6.236125 -7.071068
v -3.928475 5.879378 -7.071068
v -4.485838 5.466009 -7.071068
v -5.000000 5.000000 -7.071068
v -5.466009 4.485838 -7.071068
v -5.879378 3.928475 -7.071068
v -6.236125 3.333278 -7.071068
v -6.532815 2.705981 -7.071068
v -6.766590 2.052623 -7.071068
v -6.935199 1.379497 -7.071068
v -7.037019 0.693086 -7.071068
v -7.071068 0.000000 -7.071068
v -7.037019 -0.693086 -7.071068
v -6.935199 -1.379497 -7.071068
v -6.766590 -2.052623 -7.071068
v -6.532815 -2.705981 -7.071068
v -6.236125 -3.333278 -7.071068
v -5.879378 -3.928475 -7.071068
v -5.466009 -4.485838 -7.071068
v -5.000000 -5.000000 -7.071068
v -4.485838 -5.466009 -7.071068
v -3.928475 -5.879378 -7.071068
v -3.333278 -6.236125 -7.071068
v -2.705981 -6.532815 -7.071068
v -2.052623 -6.766590 -7.071068
v -1.379497 -6.935199 -7.071068
v -0.693086 -7.037019 -7.071068
v -0.000000 -7.071068 -7.071068
v 0.693086 -7.037019 -7.071068
v 1.379497 -6.935199 -7.071068
v 2.052623 -6.766590 -7.071068
v 2.705981 -6.532815 -7.071068
v 3.333278 -6.236125 -7.071068
v 3.928475 -5.879378 -7.071068
v 4.485838 -5.466009 -7.071068
v 5.000000 -5.000000 -7.071068
v 5.466009 -4.485838 -7.071068
v 5.879378 -3.928475 -7.071068
v 6.236125 -3.333278 -7.071068
v 6.532815 -2.705981 -7.071068
v 6.766590 -2.052623 -7.071068
v 6.935199 -1.379497 -7.071068
v 7.037019 -0.693086 -7.071068
v 5.979775 0.000000 -7.286377
v 5.966586 0.587657 -7.305484
v 5.925068 1.178569 -7.361159
v 5.849694 1.774485 -7.448607
v 5.732281 2.374388 -7.560297
v 5.563370 2.973683 -7.686612
v 5.333858 3.563970 -7.816671
v 5.036623 4.133450 -7.939276
v 4.667917 4.667917 -8.043867
v 4.228289 5.152185 -8.121437
v 3.722928 5.571755 -8.165306
v 3.161345 5.914461 -8.171696
v 2.556467 6.171858 -8.140056
v 1.923261 6.340142 -8.073111
v 1.277110 6.420464 -7.976626
v 0.632176 6.418585 -7.858912
v 0.000000 6.343933 -7.730104
v -0.611453 6.208185 -7.601297
v -1.198170 6.023608 -7.483583
v -1.759832 5.801389 -7.387099
v -2.298969 5.550202 -7.320154
v -2.819673 5.275237 -7.288514
v -3.326072 4.977819 -7.294903
v -3.820808 4.655668 -7.338772
v -4.303759 4.303759 -7.416342
v -4.771229 3.915647 -7.520933
v -5.215717 3.485030 -7.643538
v -5.626328 3.007335 -7.773597
v -5.989779 2.481048 -7.899912
v -6.291837 1.908608 -8.011602
v -6.519004 1.296710 -8.099051
v -6.660184 0.655971 -8.154725
v -6.708090 0.000000 -8.173832
v -6.660184 -0.655971 -8.154725
v -6.519004 -1.296710 -8.099051
v -6.291837 -1.908608 -8.011602
v -5.989779 -2.481048 -7.899912
v -5.626328 -3.007335 -7.773597
v -5.215717 -3.485030 -7.643538
v -4.771229 -3.915647 -7.520933
v -4.303759 -4.303759 -7.416342
v -3.820808 -4.655668 -7.338772
v -3.326072 -4.977819 -7.294903
v -2.819673 -5.275237 -7.288514
v -2.298969 -5.550202 -7.320154
v -1.759832 -5.801389 -7.387099
v -1.198170 -6.023608 -7.483583
v -0.611453 -6.208185 -7.601297
v -0.000000 -6.343933 -7.730104
v 0.632176 -6.418585 -7.858912
v 1.277110 -6.420464 -7.976626
v 1.923261 -6.340142 -8.073111
v 2.556467 -6.171858 -8.140056
v 3.161345 -5.914461 -8.171696
v 3.722928 -5.571755 -8.165306
v 4.228289 -5.152185 -8.121437
v 4.667917 -4.667917 -8.043867
v 5.036623 -4.133450 -7.939276
v 5.333858 -3.563970 -7.816671
v 5.563370 -2.973683 -7.686612
v 5.732281 -2.374388 -7.560297
v 5.849694 -1.774485 -7.448607
v 5.925068 -1.178569 -7.361159
v 5.966586 -0.587657 -7.305484
v 4.966431 0.000000 -7.432789
v 4.967768 0.489282 -7.470764
v 4.968404 0.988277 -7.581418
v 4.958743 1.504218 -7.755220
v 4.924461 2.039778 -7.977205
v 4.848753 2.591713 -8.228254
v 4.714984 3.150452 -8.486748
v 4.509343 3.700722 -8.730424
v 4.223110 4.223110 -8.938298
v 3.854189 4.696342 -9.092468
v 3.407674 5.099944 -9.179657
v 2.895383 5.416881 -9.192356
v 2.334414 5.635774 -9.129472
v 1.744964 5.752374 -8.996419
v 1.147733 5.770042 -8.804657
v 0.561321 5.699183 -8.570700
v 0.000000 5.555702 -8.314696
v -0.527788 5.358717 -8.058692
v -1.019995 5.127860 -7.824735
v -1.480507 4.880577 -7.632973
v -1.917736 4.629825 -7.499920
v -2.342497 4.382504 -7.437036
v -2.765492 4.138851 -7.449735
v -3.194812 3.892889 -7.536924
v -3.633839 3.633839 -7.691094
v -4.079889 3.348278 -7.898968
v -4.523811 3.022714 -8.142645
v -4.950631 2.646167 -8.401138
v -5.341138 2.212372 -8.652187
v -5.674208 1.721252 -8.874172
v -5.929498 1.179450 -9.047975
v -6.090132 0.599826 -9.158628
v -6.144974 0.000000 -9.196603
v -6.090132 -0.599826 -9.158628
v -5.929498 -1.179450 -9.047975
v -5.674208 -1.721252 -8.874172
v -5.341138 -2.212372 -8.652187
v -4.950631 -2.646167 -8.401138
v -4.523811 -3.022714 -8.142645
v -4.079889 -3.348278 -7.898968
v -3.633839 -3.633839 -7.691094
v -3.194812 -3.892889 -7.536924
v -2.765492 -4.138851 -7.449735
v -2.342497 -4.382504 -7.437036
v -1.917736 -4.629825 -7.499920
v -1.480507 -4.880577 -7.632973
v -1.019995 -5.127860 -7.824735
v -0.527788 -5.358717 -8.058692
v -0.000000 -5.555702 -8.314696
v 0.561321 -5.699183 -8.570700
v 1.147733 -5.770042 -8.804657
v 1.744964 -5.752374 -8.996419
v 2.334414 -5.635774 -9.129472
v 2.895383 -5.416881 -9.192356
v 3.407674 -5.099944 -9.179657
v 3.854189 -4.696342 -9.092468
v 4.223110 -4.223110 -8.938298
v 4.509343 -3.700722 -8.730424
v 4.714984 -3.150452 -8.486748
v 4.848753 -2.591713 -8.228254
v 4.924461 -2.039778 -7.977205
v 4.958743 -1.504218 -7.755220
v 4.968404 -0.988277 -7.581418
v 4.967768 -0.489282 -7.470764
v 4.060697 0.000000 -7.597029
v 4.069138 0.400775 -7.649656
v 4.090652 0.813681 -7.803004
v 4.114400 1.248090 -8.043868
v 4.124172 1.708288 -8.351503
v 4.100877 2.191964 -8.699418
v 4.025489 2.689746 -9.057649
v 3.881994 3.185870 -9.395346
v 3.659914 3.659914 -9.683427
v 3.356004 4.089303 -9.897082
v 2.974904 4.452259 -10.017912
v 2.528616 4.730707 -10.035511
v 2.034923 4.912739 -9.948363
v 1.514982 4.994226 -9.763973
v 0.990455 4.979354 -9.498221
v 0.480637 4.879990 -9.173994
v 0.000000 4.713967 -8.819213
v -0.443462 4.502547 -8.464432
v -0.848844 4.267426 -8.140203
v -1.221803 4.027745 -7.874452
v -1.572991 3.797537 -7.690063
v -1.915682 3.583989 -7.602914
v -2.262976 3.386783 -7.620513
v -2.625014 3.198589 -7.741343
v -3.006643 3.006643 -7.954998
v -3.405898 2.795148 -8.243079
v -3.813552 2.548134 -8.580776
v -4.213819 2.252333 -8.939008
v -4.586104 1.899626 -9.286922
v -4.907571 1.488695 -9.594558
v -5.156127 1.025618 -9.835422
v -5.313399 0.523324 -9.988770
v -5.367238 0.000000 -10.041396
v -5.313399 -0.523324 -9.988770
v -5.156127 -1.025618 -9.835422
v -4.907571 -1.488695 -9.594558
v -4.586104 -1.899626 -9.286922
v -4.213819 -2.252333 -8.939008
v -3.813552 -2.548134 -8.580776
v -3.405898 -2.795148 -8.243079
v -3.006643 -3.006643 -7.954998
v -2.625014 -3.198589 -7.741343
v -2.262976 -3.386783 -7.620513
v -1.915682 -3.583989 -7.602914
v -1.572991 -3.797537 -7.690063
v -1.221803 -4.027745 -7.874452
v -0.848844 -4.267426 -8.140203
v -0.443462 -4.502547 -8.464432
v -0.000000 -4.713967 -8.819213
v 0.480637 -4.879990 -9.173994
v 0.990455 -4.979354 -9.498221
v 1.514982 -4.994226 -9.763973
v 2.034923 -4.912739 -9.948363
v 2.528616 -4.730707 -10.035511
v 2.974904 -4.452259 -10.017912
v 3.356004 -4.089303 -9.897082
v 3.659914 -3.659914 -9.683427
v 3.881994 -3.185870 -9.395346
v 4.025489 -2.689746 -9.057649
v 4.100877 -2.191964 -8.699418
v 4.124172 -1.708288 -8.351503
v 4.114400 -1.248090 -8.043868
v 4.090652 -0.813681 -7.803004
v 4.069138 -0.400775 -7.649656
v 3.252809 0.000000 -7.852976
v 3.261744 0.321254 -7.912649
v 3.285189 0.653465 -8.086529
v 3.313575 1.005162 -8.359641
v 3.332585 1.380402 -8.708466
v 3.325346 1.777434 -9.102962
v 3.275010 2.188292 -9.509155
v 3.167355 2.599381 -9.892066
v 2.992993 2.992993 -10.218718
v 2.748876 3.349516 -10.460979
v 2.438859 3.650010 -10.597986
v 2.073248 3.878774 -10.617942
v 1.667415 4.025495 -10.519125
v 1.239679 4.086673 -10.310048
v 0.808795 4.066086 -10.008716
v 0.391428 3.974235 -9.641077
v 0.000000 3.826834 -9.238795
v -0.358763 3.642579 -8.836514
v -0.684362 3.440519 -8.468875
v -0.982064 3.237432 -8.167542
v -1.261518 3.045573 -7.958465
v -1.534667 2.871159 -7.859649
v -1.813292 2.713783 -7.879604
v -2.106560 2.566850 -8.016612
v -2.418968 2.418968 -8.258873
v -2.749011 2.256055 -8.585525
v -3.088783 2.063859 -8.968435
v -3.424587 1.830480 -9.374629
v -3.738482 1.548530 -9.769125
v -4.010530 1.216581 -10.117949
v -4.221416 0.839692 -10.391062
v -4.355070 0.428937 -10.564941
v -4.400859 0.000000 -10.624615
v -4.355070 -0.428937 -10.564941
v -4.221416 -0.839692 -10.391062
v -4.010530 -1.216581 -10.117949
v -3.738482 -1.548530 -9.769125
v -3.424587 -1.830480 -9.374629
v -3.088783 -2.063859 -8.968435
v -2.749011 -2.256055 -8.585525
v -2.418968 -2.418968 -8.258873
v -2.106560 -2.566850 -8.016612
v -1.813292 -2.713783 -7.879604
v -1.534667 -2.871159 -7.859649
v -1.261518 -3.045573 -7.958465
v -0.982064 -3.237432 -8.167542
v -0.684362 -3.440519 -8.468875
v -0.358763 -3.642579 -8.836514
v -0.000000 -3.826834 -9.238795
v 0.391428 -3.974235 -9.641077
v 0.808795 -4.066086 -10.008716
v 1.239679 -4.086673 -10.310048
v 1.667415 -4.025495 -10.519125
v 2.073248 -3.878774 -10.617942
v 2.438859 -3.650010 -10.597986
v 2.748876 -3.349516 -10.460979
v 2.992993 -2.992993 -10.218718
v 3.167355 -2.599381 -9.892066
v 3.275010 -2.188292 -9.509155
v 3.325346 -1.777434 -9.102962
v 3.332585 -1.380402 -8.708466
v 3.313575 -1.005162 -8.359641
v 3.285189 -0.653465 -8.086529
v 3.261744 -0.321254 -7.912649
v 2.500565 0.000000 -8.243257
v 2.505763 0.246796 -8.300361
v 2.519011 0.501062 -8.466753
v 2.533635 0.768570 -8.728105
v 2.539653 1.051959 -9.061909
v 2.525308 1.349805 -9.439418
v 2.478884 1.656337 -9.828122
v 2.390520 1.961849 -10.194545
v 2.253764 2.253764 -10.507131
v 2.066617 2.518180 -10.738960
v 1.831937 2.741687 -10.870069
v 1.557114 2.913155 -10.889164
v 1.253100 3.025250 -10.794602
v 0.932921 3.075429 -10.594528
v 0.609919 3.066271 -10.306170
v 0.295975 3.005083 -9.954363
v 0.000000 2.902847 -9.569404
v -0.273083 2.772655 -9.184443
v -0.522715 2.627868 -8.832636
v -0.752383 2.480273 -8.544278
v -0.968643 2.338511 -8.344204
v -1.179671 2.207010 -8.249642
v -1.393534 2.085571 -8.268739
v -1.616476 1.969681 -8.399847
v -1.851482 1.851482 -8.631677
v -2.097342 1.721244 -8.944263
v -2.348374 1.569133 -9.310685
v -2.594857 1.386980 -9.699389
v -2.824109 1.169784 -10.076898
v -3.022067 0.916734 -10.410702
v -3.175128 0.631572 -10.672053
v -3.271975 0.322261 -10.838447
v -3.305129 0.000000 -10.895550
v -3.271975 -0.322261 -10.838447
v -3.175128 -0.631572 -10.672053
v -3.022067 -0.916734 -10.410702
v -2.824109 -1.169784 -10.076898
v -2.594857 -1.386980 -9.699389
v -2.348374 -1.569133 -9.310685
v -2.097342 -1.721244 -8.944263
v -1.851482 -1.851482 -8.631677
v -1.616476 -1.969681 -8.399847
v -1.393534 -2.085571 -8.268739
v -1.179671 -2.207010 -8.249642
v -0.968643 -2.338511 -8.344204
v -0.752383 -2.480273 -8.544278
v -0.522715 -2.627868 -8.832636
v -0.273083 -2.772655 -9.184443
v -0.000000 -2.902847 -9.569404
v 0.295975 -3.005083 -9.954363
v 0.609919 -3.066271 -10.306170
v 0.932921 -3.075429 -10.594528
v 1.253100 -3.025250 -10.794602
v 1.557114 -2.913155 -10.889164
v 1.831937 -2.741687 -10.870069
v 2.066617 -2.518180 -10.738960
v 2.253764 -2.253764 -10.507131
v 2.390520 -1.961849 -10.194545
v 2.478884 -1.656337 -9.828122
v 2.525308 -1.349805 -9.439418
v 2.539653 -1.051959 -9.061909
v 2.533635 -0.768570 -8.728105
v 2.519011 -0.501062 -8.466753
v 2.505763 -0.246796 -8.300361
v 1.743979 0.000000 -8.767573
v 1.744448 0.171813 -8.812367
v 1.744672 0.347037 -8.942892
v 1.741279 0.528211 -9.147906
v 1.729241 0.716275 -9.409755
v 1.702656 0.910088 -9.705888
v 1.655682 1.106292 -10.010801
v 1.583471 1.299521 -10.298238
v 1.482959 1.482959 -10.543442
v 1.353411 1.649136 -10.725298
v 1.196616 1.790862 -10.828144
v 1.016723 1.902155 -10.843123
v 0.819737 1.979021 -10.768946
v 0.612750 2.019965 -10.612000
v 0.403030 2.026169 -10.385801
v 0.197110 2.001287 -10.109830
v 0.000000 1.950903 -9.807853
v -0.185334 1.881731 -9.505876
v -0.358175 1.800665 -9.229904
v -0.519885 1.713831 -9.003706
v -0.673419 1.625778 -8.846760
v -0.822576 1.538931 -8.772582
v -0.971112 1.453371 -8.787561
v -1.121869 1.367001 -8.890408
v -1.276035 1.276035 -9.072264
v -1.432666 1.175759 -9.317469
v -1.588551 1.061436 -9.604904
v -1.738430 0.929210 -9.909818
v -1.875558 0.776882 -10.205951
v -1.992517 0.604423 -10.467799
v -2.082163 0.414168 -10.672814
v -2.138570 0.210631 -10.803339
v -2.157828 0.000000 -10.848133
v -2.138570 -0.210631 -10.803339
v -2.082163 -0.414168 -10.672814
v -1.992517 -0.604423 -10.467799
v -1.875558 -0.776882 -10.205951
v -1.738430 -0.929210 -9.909818
v -1.588551 -1.061436 -9.604904
v -1.432666 -1.175759 -9.317469
v -1.276035 -1.276035 -9.072264
v -1.121869 -1.367001 -8.890408
v -0.971112 -1.453371 -8.787561
v -0.822576 -1.538931 -8.772582
v -0.673419 -1.625778 -8.846760
v -0.519885 -1.713831 -9.003706
v -0.358175 -1.800665 -9.229904
v -0.185334 -1.881731 -9.505876
v -0.000000 -1.950903 -9.807853
v 0.197110 -2.001287 -10.109830
v 0.403030 -2.026169 -10.385801
v 0.612750 -2.019965 -10.612000
v 0.819737 -1.979021 -10.768946
v 1.016723 -1.902155 -10.843123
v 1.196616 -1.790862 -10.828144
v 1.353411 -1.649136 -10.725298
v 1.482959 -1.482959 -10.543442
v 1.583471 -1.299521 -10.298238
v 1.655682 -1.106292 -10.010801
v 1.702656 -0.910088 -9.705888
v 1.729241 -0.716275 -9.409755
v 1.741279 -0.528211 -9.147906
v 1.744672 -0.347037 -8.942892
v 1.744448 -0.171813 -8.812367
v 0.923907 0.000000 -9.380587
v 0.921869 0.090796 -9.405185
v 0.915455 0.182095 -9.476861
v 0.903809 0.274167 -9.589443
v 0.885668 0.366856 -9.733235
v 0.859570 0.459450 -9.895854
v 0.824109 0.550652 -10.063294
v 0.778185 0.638640 -10.221138
v 0.721218 0.721218 -10.355790
v 0.653293 0.796040 -10.455654
v 0.575212 0.860866 -10.512132
v 0.488445 0.913816 -10.520357
v 0.394988 0.953585 -10.479624
v 0.297154 0.979586 -10.393438
v 0.197320 0.991996 -10.269223
v 0.097674 0.991706 -10.117676
v 0.000000 0.980171 -9.951847
v -0.094473 0.959198 -9.786019
v -0.185124 0.930680 -9.634472
v -0.271903 0.896345 -9.510257
v -0.355203 0.857536 -9.424071
v -0.435655 0.815052 -9.383337
v -0.513896 0.769100 -9.391562
v -0.590335 0.719325 -9.448040
v -0.664954 0.664954 -9.547905
v -0.737180 0.604988 -9.682557
v -0.805856 0.538456 -9.840400
v -0.869298 0.464649 -10.007841
v -0.925453 0.383335 -10.170460
v -0.972122 0.294890 -10.314252
v -1.007221 0.200349 -10.426833
v -1.029034 0.101351 -10.498510
v -1.036436 0.000000 -10.523108
v -1.029034 -0.101351 -10.498510
v -1.007221 -0.200349 -10.426833
v -0.972122 -0.294890 -10.314252
v -0.925453 -0.383335 -10.170460
v -0.869298 -0.464649 -10.007841
v -0.805856 -0.538456 -9.840400
v -0.737180 -0.604988 -9.682557
v -0.664954 -0.664954 -9.547905
v -0.590335 -0.719325 -9.448040
v -0.513896 -0.769100 -9.391562
v -0.435655 -0.815052 -9.383337
v -0.355203 -0.857536 -9.424071
v -0.271903 -0.896345 -9.510257
v -0.185124 -0.930680 -9.634472
v -0.094473 -0.959198 -9.786019
v -0.000000 -0.980171 -9.951847
v 0.097674 -0.991706 -10.117676
v 0.197320 -0.991996 -10.269223
v 0.297154 -0.979586 -10.393438
v 0.394988 -0.953585 -10.479624
v 0.488445 -0.913816 -10.520357
v 0.575212 -0.860866 -10.512132
v 0.653293 -0.796040 -10.455654
v 0.721218 -0.721218 -10.355790
v 0.778185 -0.638640 -10.221138
v 0.824109 -0.550652 -10.063294
v 0.859570 -0.459450 -9.895854
v 0.885668 -0.366856 -9.733235
v 0.903809 -0.274167 -9.589443
v 0.915455 -0.182095 -9.476861
v 0.921869 -0.090796 -9.405185
v 0.000000 0.000000 -10.000000
v 0.000000 0.000000 -10.000000
v 0.000000 0.000000 -10.000000
v 0.000000 0.000000 -10.000000
v 0.000000 0.000000 -10.000000
v 0.000000 0.000000 -10.000000
v 0.000000 0.000000 -10.000000
v 0.000000 0.000000 -10.000000
v 0.000000 0.000000 -10.000000
v 0.000000 0.000000 -10.000000
v 0.000000 0.000000 -10.000000
v 0.000000 0.000000 -10.000000
v 0.000000 0.000000 -10.000000
v 0.000000 0.000000 -10.000000
v 0.000000 0.000000 -10.000000
v 0.000000 0.000000 -10.000000
v 0.000000 0.000000 -10.000000
v -0.000000 0.000000 -10.000000
v -0.000000 0.000000 -10.000000
v -0.000000 0.000000 -10.000000
v -0.000000 0.000000 -10.000000
v -0.000000 0.000000 -10.000000
v -0.000000 0.000000 -10.000000
v -0.000000 0.000000 -10.000000
v -0.000000 0.000000 -10.000000
v -0.000000 0.000000 -10.000000
v -0.000000 0.000000 -10.000000
v -0.000000 0.000000 -10.000000
v -0.000000 0.000000 -10.000000
v -0.000000 0.000000 -10.000000
v -0.000000 0.000000 -10.000000
v -0.000000 0.000000 -10.000000
v -0.000000 0.000000 -10.000000
v -0.000000 -0.000000 -10.000000
v -0.000000 -0.000000 -10.000000
v -0.000000 -0.000000 -10.000000
v -0.000000 -0.000000 -10.000000
v -0.000000 -0.000000 -10.000000
v -0.000000 -0.000000 -10.000000
v -0.000000 -0.000000 -10.000000
v -0.000000 -0.000000 -10.000000
v -0.000000 -0.000000 -10.000000
v -0.000000 -0.000000 -10.000000
v -0.000000 -0.000000 -10.000000
v -0.000000 -0.000000 -10.000000
v -0.000000 -0.000000 -10.000000
v -0.000000 -0.000000 -10.000000
v -0.000000 -0.000000 -10.000000
v -0.000000 -0.000000 -10.000000
v 0.000000 -0.000000 -10.000000
v 0.000000 -0.000000 -10.000000
v 0.000000 -0.000000 -10.000000
v 0.000000 -0.000000 -10.000000
v 0.000000 -0.000000 -10.000000
v 0.000000 -0.000000 -10.000000
v 0.000000 -0.000000 -10.000000
v 0.000000 -0.000000 -10.000000
v 0.000000 -0.000000 -10.000000
v 0.000000 -0.000000 -10.000000
v 0.000000 -0.000000 -10.000000
v 0.000000 -0.000000 -10.000000
v 0.000000 -0.000000 -10.000000
v 0.000000 -0.000000 -10.000000
v 0.000000 -0.000000 -10.000000
vn 0.000000 0.000000 1.000000
vn 0.000000 0.000000 1.000000
vn 0.000000 0.000000 1.000000
vn 0.000000 0.000000 1.000000
vn 0.000000 0.000000 1.000000
vn 0.000000 0.000000 1.000000
vn 0.000000 0.000000 1.000000
vn 0.000000 0.000000 1.000000
vn 0.000000 0.000000 1.000000
vn 0.000000 0.000000 1.000000
vn 0.000000 0.000000 1.000000
vn 0.000000 0.000000 1.000000
vn 0.000000 0.000000 1.000000
vn 0.000000 0.000000 1.000000
vn 0.000000 0.000000 1.000000
vn 0.000000 0.000000 1.000000
vn 0.000000 0.000000 1.000000
vn -0.000000 0.000000 1.000000
vn -0.000000 0.000000 1.000000
vn -0.000000 0.000000 1.000000
vn -0.000000 0.000000 1.000000
vn -0.000000 0.000000 1.000000
vn -0.000000 0.000000 1.000000
vn -0.000000 0.000000 1.000000
vn -0.000000 0.000000 1.000000
vn -0.000000 0.000000 1.000000
vn -0.000000 0.000000 1.000000
vn -0.000000 0.000000 1.000000
vn -0.000000 0.000000 1.000000
vn -0.000000 0.000000 1.000000
vn -0.000000 0.000000 1.000000
vn -0.000000 0.000000 1.000000
vn -0.000000 0.000000 1.000000
vn -0.000000 -0.000000 1.000000
vn -0.000000 -0.000000 1.000000
vn -0.000000 -0.000000 1.000000
vn -0.000000 -0.000000 1.000000
vn -0.000000 -0.000000 1.000000
vn -0.000000 -0.000000 1.000000
vn -0.000000 -0.000000 1.000000
vn -0.000000 -0.000000 1.000000
vn -0.000000 -0.000000 1.000000
vn -0.000000 -0.000000 1.000000
vn -0.000000 -0.000000 1.000000
vn -0.000000 -0.000000 1.000000
vn -0.000000 -0.000000 1.000000
vn -0.000000 -0.000000 1.000000
vn -0.000000 -0.000000 1.000000
vn -0.000000 -0.000000 1.000000
vn 0.000000 -0.000000 1.000000
vn 0.000000 -0.000000 1.000000
vn 0.000000 -0.000000 1.000000
vn 0.000000 -0.000000 1.000000
vn 0.000000 -0.000000 1.000000
vn 0.000000 -0.000000 1.000000
vn 0.000000 -0.000000 1.000000
vn 0.000000 -0.000000 1.000000
vn 0.000000 -0.000000 1.000000
vn 0.000000 -0.000000 1.000000
vn 0.000000 -0.000000 1.000000
vn 0.000000 -0.000000 1.000000
vn 0.000000 -0.000000 1.000000
vn 0.000000 -0.000000 1.000000
vn 0.000000 -0.000000 1.000000
vn 0.098017 0.000000 0.995185
vn 0.097545 0.009607 0.995185
vn 0.096134 0.019122 0.995185
vn 0.093797 0.028453 0.995185
vn 0.090556 0.037510 0.995185
vn 0.086443 0.046205 0.995185
vn 0.081498 0.054455 0.995185
vn 0.075768 0.062181 0.995185
vn 0.069309 0.069309 0.995185
vn 0.062181 0.075768 0.995185
vn 0.054455 0.081498 0.995185
vn 0.046205 0.086443 0.995185
vn 0.037510 0.090556 0.995185
vn 0.028453 0.093797 0.995185
vn 0.019122 0.096134 0.995185
vn 0.009607 0.097545 0.995185
vn 0.000000 0.098017 0.995185
vn -0.009607 0.097545 0.995185
vn -0.019122 0.096134 0.995185
vn -0.028453 0.093797 0.995185
vn -0.037510 0.090556 0.995185
vn -0.046205 0.086443 0.995185
vn -0.054455 0.081498 0.995185
vn -0.062181 0.075768 0.995185
vn -0.069309 0.069309 0.995185
vn -0.075768 0.062181 0.995185
vn -0.081498 0.054455 0.995185
vn -0.086443 0.046205 0.995185
vn -0.090556 0.037510 0.995185
vn -0.093797 0.028453 0.995185
vn -0.096134 0.019122 0.995185
vn -0.097545 0.009607 0.995185
vn -0.098017 0.000000 0.995185
vn -0.097545 -0.009607 0.995185
vn -0.096134 -0.019122 0.995185
vn -0.093797 -0.028453 0.995185
vn -0.090556 -0.037510 0.995185
vn -0.086443 -0.046205 0.995185
vn -0.081498 -0.054455 0.995185
vn -0.075768 -0.062181 0.995185
vn -0.069309 -0.069309 0.995185
vn -0.062181 -0.075768 0.995185
vn -0.054455 -0.081498 0.995185
vn -0.046205 -0.086443 0.995185
vn -0.037510 -0.090556 0.995185
vn -0.028453 -0.093797 0.995185
vn -0.019122 -0.096134 0.995185
vn -0.009607 -0.097545 0.995185
vn -0.000000 -0.098017 0.995185
vn 0.009607 -0.097545 0.995185
vn 0.019122 -0.096134 0.995185
vn 0.028453 -0.093797 0.995185
vn 0.037510 -0.090556 0.995185
vn 0.046205 -0.086443 0.995185
vn 0.054455 -0.081498 0.995185
vn 0.062181 -0.075768 0.995185
vn 0.069309 -0.069309 0.995185
vn 0.075768 -0.062181 0.995185
vn 0.081498 -0.054455 0.995185
vn 0.086443 -0.046205 0.995185
vn 0.090556 -0.037510 0.995185
vn 0.093797 -0.028453 0.995185
vn 0.096134 -0.019122 0.995185
vn 0.097545 -0.009607 0.995185
vn 0.195090 0.000000 0.980785
vn 0.194151 0.019122 0.980785
vn 0.191342 0.038060 0.980785
vn 0.186690 0.056632 0.980785
vn 0.180240 0.074658 0.980785
vn 0.172054 0.091965 0.980785
vn 0.162212 0.108386 0.980785
vn 0.150807 0.123764 0.980785
vn 0.137950 0.137950 0.980785
vn 0.123764 0.150807 0.980785
vn 0.108386 0.162212 0.980785
vn 0.091965 0.172054 0.980785
vn 0.074658 0.180240 0.980785
vn 0.056632 0.186690 0.980785
vn 0.038060 0.191342 0.980785
vn 0.019122 0.194151 0.980785
vn 0.000000 0.195090 0.980785
vn -0.019122 0.194151 0.980785
vn -0.038060 0.191342 0.980785
vn -0.056632 0.186690 0.980785
vn -0.074658 0.180240 0.980785
vn -0.091965 0.172054 0.980785
vn -0.108386 0.162212 0.980785
vn -0.123764 0.150807 0.980785
vn -0.137950 0.137950 0.980785
vn -0.150807 0.123764 0.980785
vn -0.162212 0.108386 0.980785
vn -0.172054 0.091965 0.980785
vn -0.180240 0.074658 0.980785
vn -0.186690 0.056632 0.980785
vn -0.191342 0.038060 0.980785
vn -0.194151 0.019122 0.980785
vn -0.195090 0.000000 0.980785
vn -0.194151 -0.019122 0.980785
vn -0.191342 -0.038060 0.980785
vn -0.186690 -0.056632 0.980785
vn -0.180240 -0.074658 0.980785
vn -0.172054 -0.091965 0.980785
vn -0.162212 -0.108386 0.980785
vn -0.150807 -0.123764 0.980785
vn -0.137950 -0.137950 0.980785
vn -0.123764 -0.150807 0.980785
vn -0.108386 -0.162212 0.980785
vn -0.091965 -0.172054 0.980785
vn -0.074658 -0.180240 0.980785
vn -0.056632 -0.186690 0.980785
vn -0.038060 -0.191342 0.980785
vn -0.019122 -0.194151 0.980785
vn -0.000000 -0.195090 0.980785
vn 0.019122 -0.194151 0.980785
vn 0.038060 -0.191342 0.980785
vn 0.056632 -0.186690 0.980785
vn 0.074658 -0.180240 0.980785
vn 0.091965 -0.172054 0.980785
vn 0.108386 -0.162212 0.980785
vn 0.123764 -0.150807 0.980785
vn 0.137950 -0.137950 0.980785
vn 0.150807 -0.123764 0.980785
vn 0.162212 -0.108386 0.980785
vn 0.172054 -0.091965 0.980785
vn 0.180240 -0.074658 0.980785
vn 0.186690 -0.056632 0.980785
vn 0.191342 -0.038060 0.980785
vn 0.194151 -0.019122 0.980785
vn 0.290285 0.000000 0.956940
vn 0.288887 0.028453 0.956940
vn 0.284707 0.056632 0.956940
vn 0.277785 0.084265 0.956940
vn 0.268188 0.111087 0.956940
vn 0.256008 0.136839 0.956940
vn 0.241363 0.161274 0.956940
vn 0.224393 0.184155 0.956940
vn 0.205262 0.205262 0.956940
vn 0.184155 0.224393 0.956940
vn 0.161274 0.241363 0.956940
vn 0.136839 0.256008 0.956940
vn 0.111087 0.268188 0.956940
vn 0.084265 0.277785 0.956940
vn 0.056632 0.284707 0.956940
vn 0.028453 0.288887 0.956940
vn 0.000000 0.290285 0.956940
vn -0.028453 0.288887 0.956940
vn -0.056632 0.284707 0.956940
vn -0.084265 0.277785 0.956940
vn -0.111087 0.268188 0.956940
vn -0.136839 0.256008 0.956940
vn -0.161274 0.241363 0.956940
vn -0.184155 0.224393 0.956940
vn -0.205262 0.205262 0.956940
vn -0.224393 0.184155 0.956940
vn -0.241363 0.161274 0.956940
vn -0.256008 0.136839 0.956940
vn -0.268188 0.111087 0.956940
vn -0.277785 0.084265 0.956940
vn -0.284707 0.056632 0.956940
vn -0.288887 0.028453 0.956940
vn -0.290285 0.000000 0.956940
vn -0.288887 -0.028453 0.956940
vn -0.284707 -0.056632 0.956940
vn -0.277785 -0.084265 0.956940
vn -0.268188 -0.111087 0.956940
vn -0.256008 -0.136839 0.956940
vn -0.241363 -0.161274 0.956940
vn -0.224393 -0.184155 0.956940
vn -0.205262 -0.205262 0.956940
vn -0.184155 -0.224393 0.956940
vn -0.161274 -0.241363 0.956940
vn -0.136839 -0.256008 0.956940
vn -0.111087 -0.268188 0.956940
vn -0.084265 -0.277785 0.956940
vn -0.056632 -0.284707 0.956940
vn -0.028453 -0.288887 0.956940
vn -0.000000 -0.290285 0.956940
vn 0.028453 -0.288887 0.956940
vn 0.056632 -0.284707 0.956940
vn 0.084265 -0.277785 0.956940
vn 0.111087 -0.268188 0.956940
vn 0.136839 -0.256008 0.956940
vn 0.161274 -0.241363 0.956940
vn 0.184155 -0.224393 0.956940
vn 0.205262 -0.205262 0.956940
vn 0.224393 -0.184155 0.956940
vn 0.241363 -0.161274 0.956940
vn 0.256008 -0.136839 0.956940
vn 0.268188 -0.111087 0.956940
vn 0.277785 -0.084265 0.956940
vn 0.284707 -0.056632 0.956940
vn 0.288887 -0.028453 0.956940
vn 0.382683 0.000000 0.923880
vn 0.380841 0.037510 0.923880
vn 0.375330 0.074658 0.923880
vn 0.366205 0.111087 0.923880
vn 0.353553 0.146447 0.923880
vn 0.337497 0.180396 0.923880
vn 0.318190 0.212608 0.923880
vn 0.295818 0.242772 0.923880
vn 0.270598 0.270598 0.923880
vn 0.242772 0.295818 0.923880
vn 0.212608 0.318190 0.923880
vn 0.180396 0.337497 0.923880
vn 0.146447 0.353553 0.923880
vn 0.111087 0.366205 0.923880
vn 0.074658 0.375330 0.923880
vn 0.037510 0.380841 0.923880
vn 0.000000 0.382683 0.923880
vn -0.037510 0.380841 0.923880
vn -0.074658 0.375330 0.923880
vn -0.111087 0.366205 0.923880
vn -0.146447 0.353553 0.923880
vn -0.180396 0.337497 0.923880
vn -0.212608 0.318190 0.923880
vn -0.242772 0.295818 0.923880
vn -0.270598 0.270598 0.923880
vn -0.295818 0.242772 0.923880
vn -0.318190 0.212608 0.923880
vn -0.337497 0.180396 0.923880
vn -0.353553 0.146447 0.923880
vn -0.366205 0.111087 0.923880
vn -0.375330 0.074658 0.923880
vn -0.380841 0.037510 0.923880
vn -0.382683 0.000000 0.923880
vn -0.380841 -0.037510 0.923880
vn -0.375330 -0.074658 0.923880
vn -0.366205 -0.111087 0.923880
vn -0.353553 -0.146447 0.923880
vn -0.337497 -0.180396 0.923880
vn -0.318190 -0.212608 0.923880
vn -0.295818 -0.242772 0.923880
vn -0.270598 -0.270598 0.923880
vn -0.242772 -0.295818 0.923880
vn -0.212608 -0.318190 0.923880
vn -0.180396 -0.337497 0.923880
vn -0.146447 -0.353553 0.923880
vn -0.111087 -0.366205 0.923880
vn -0.074658 -0.375330 0.923880
vn -0.037510 -0.380841 0.923880
vn -0.000000 -0.382683 0.923880
vn 0.037510 -0.380841 0.923880
vn 0.074658 -0.375330 0.923880
vn 0.111087 -0.366205 0.923880
vn 0.146447 -0.353553 0.923880
vn 0.180396 -0.337497 0.923880
vn 0.212608 -0.318190 0.923880
vn 0.242772 -0.295818 0.923880
vn 0.270598 -0.270598 0.923880
vn 0.295818 -0.242772 0.923880
vn 0.318190 -0.212608 0.923880
vn 0.337497 -0.180396 0.923880
vn 0.353553 -0.146447 0.923880
vn 0.366205 -0.111087 0.923880
vn 0.375330 -0.074658 0.923880
vn 0.380841 -0.037510 0.923880
vn 0.471397 0.000000 0.881921
vn 0.469127 0.046205 0.881921
vn 0.462339 0.091965 0.881921
vn 0.451099 0.136839 0.881921
vn 0.435514 0.180396 0.881921
vn 0.415735 0.222215 0.881921
vn 0.391952 0.261894 0.881921
vn 0.364395 0.299051 0.881921
vn 0.333328 0.333328 0.881921
vn 0.299051 0.364395 0.881921
vn 0.261894 0.391952 0.881921
vn 0.222215 0.415735 0.881921
vn 0.180396 0.435514 0.881921
vn 0.136839 0.451099 0.881921
vn 0.091965 0.462339 0.881921
vn 0.046205 0.469127 0.881921
vn 0.000000 0.471397 0.881921
vn -0.046205 0.469127 0.881921
vn -0.091965 0.462339 0.881921
vn -0.136839 0.451099 0.881921
vn -0.180396 0.435514 0.881921
vn -0.222215 0.415735 0.881921
vn -0.261894 0.391952 0.881921
vn -0.299051 0.364395 0.881921
vn -0.333328 0.333328 0.881921
vn -0.364395 0.299051 0.881921
vn -0.391952 0.261894 0.881921
vn -0.415735 0.222215 0.881921
vn -0.435514 0.180396 0.881921
vn -0.451099 0.136839 0.881921
vn -0.462339 0.091965 0.881921
vn -0.469127 0.046205 0.881921
vn -0.471397 0.000000 0.881921
vn -0.469127 -0.046205 0.881921
vn -0.462339 -0.091965 0.881921
vn -0.451099 -0.136839 0.881921
vn -0.435514 -0.180396 0.881921
vn -0.415735 -0.222215 0.881921
vn -0.391952 -0.261894 0.881921
vn -0.364395 -0.299051 0.881921
vn -0.333328 -0.333328 0.881921
vn -0.299051 -0.364395 0.881921
vn -0.261894 -0.391952 0.881921
vn -0.222215 -0.415735 0.881921
vn -0.180396 -0.435514 0.881921
vn -0.136839 -0.451099 0.881921
vn -0.091965 -0.462339 0.881921
vn -0.046205 -0.469127 0.881921
vn -0.000000 -0.471397 0.881921
vn 0.046205 -0.469127 0.881921
vn 0.091965 -0.462339 0.881921
vn 0.136839 -0.451099 0.881921
vn 0.180396 -0.435514 0.881921
vn 0.222215 -0.415735 0.881921
vn 0.261894 -0.391952 0.881921
vn 0.299051 -0.364395 0.881921
vn 0.333328 -0.333328 0.881921
vn 0.364395 -0.299051 0.881921
vn 0.391952 -0.261894 0.881921
vn 0.415735 -0.222215 0.881921
vn 0.435514 -0.180396 0.881921
vn 0.451099 -0.136839 0.881921
vn 0.462339 -0.091965 0.881921
vn 0.469127 -0.046205 0.881921
vn 0.555570 0.000000 0.831470
vn 0.552895 0.054455 0.831470
vn 0.544895 0.108386 0.831470
vn 0.531648 0.161274 0.831470
vn 0.513280 0.212608 0.831470
vn 0.489969 0.261894 0.831470
vn 0.461940 0.308658 0.831470
vn 0.429462 0.352450 0.831470
vn 0.392847 0.392847 0.831470
vn 0.352450 0.429462 0.831470
vn 0.308658 0.461940 0.831470
vn 0.261894 0.489969 0.831470
vn 0.212608 0.513280 0.831470
vn 0.161274 0.531648 0.831470
vn 0.108386 0.544895 0.831470
vn 0.054455 0.552895 0.831470
vn 0.000000 0.555570 0.831470
vn -0.054455 0.552895 0.831470
vn -0.108386 0.544895 0.831470
vn -0.161274 0.531648 0.831470
vn -0.212608 0.513280 0.831470
vn -0.261894 0.489969 0.831470
vn -0.308658 0.461940 0.831470
vn -0.352450 0.429462 0.831470
vn -0.392847 0.392847 0.831470
vn -0.429462 0.352450 0.831470
vn -0.461940 0.308658 0.831470
vn -0.489969 0.261894 0.831470
vn -0.513280 0.212608 0.831470
vn -0.531648 0.161274 0.831470
vn -0.544895 0.108386 0.831470
vn -0.552895 0.054455 0.831470
vn -0.555570 0.000000 0.831470
vn -0.552895 -0.054455 0.831470
vn -0.544895 -0.108386 0.831470
vn -0.531648 -0.161274 0.831470
vn -0.513280 -0.212608 0.831470
vn -0.489969 -0.261894 0.831470
vn -0.461940 -0.308658 0.831470
vn -0.429462 -0.352450 0.831470
vn -0.392847 -0.392847 0.831470
vn -0.352450 -0.429462 0.831470
vn -0.308658 -0.461940 0.831470
vn -0.261894 -0.489969 0.831470
vn -0.212608 -0.513280 0.831470
vn -0.161274 -0.531648 0.831470
vn -0.108386 -0.544895 0.831470
vn -0.054455 -0.552895 0.831470
vn -0.000000 -0.555570 0.831470
vn 0.054455 -0.552895 0.831470
vn 0.108386 -0.544895 0.831470
vn 0.161274 -0.531648 0.831470
vn 0.212608 -0.513280 0.831470
vn 0.261894 -0.489969 0.831470
vn 0.308658 -0.461940 0.831470
vn 0.352450 -0.429462 0.831470
vn 0.392847 -0.392847 0.831470
vn 0.429462 -0.352450 0.831470
vn 0.461940 -0.308658 0.831470
vn 0.489969 -0.261894 0.831470
vn 0.513280 -0.212608 0.831470
vn 0.531648 -0.161274 0.831470
vn 0.544895 -0.108386 0.831470
vn 0.552895 -0.054455 0.831470
vn 0.634393 0.000000 0.773010
vn 0.631339 0.062181 0.773010
vn 0.622204 0.123764 0.773010
vn 0.607077 0.184155 0.773010
vn 0.586103 0.242772 0.773010
vn 0.559485 0.299051 0.773010
vn 0.527479 0.352450 0.773010
vn 0.490393 0.402455 0.773010
vn 0.448584 0.448584 0.773010
vn 0.402455 0.490393 0.773010
vn 0.352450 0.527479 0.773010
vn 0.299051 0.559485 0.773010
vn 0.242772 0.586103 0.773010
vn 0.184155 0.607077 0.773010
vn 0.123764 0.622204 0.773010
vn 0.062181 0.631339 0.773010
vn 0.000000 0.634393 0.773010
vn -0.062181 0.631338 0.773010
vn -0.123764 0.622204 0.773010
vn -0.184155 0.607077 0.773010
vn -0.242772 0.586103 0.773010
vn -0.299051 0.559485 0.773010
vn -0.352450 0.527479 0.773010
vn -0.402455 0.490393 0.773010
vn -0.448584 0.448584 0.773010
vn -0.490393 0.402455 0.773010
vn -0.527479 0.352450 0.773010
vn -0.559485 0.299051 0.773010
vn -0.586103 0.242772 0.773010
vn -0.607077 0.184155 0.773010
vn -0.622204 0.123764 0.773010
vn -0.631339 0.062181 0.773010
vn -0.634393 0.000000 0.773010
vn -0.631339 -0.062181 0.773010
vn -0.622204 -0.123764 0.773010
vn -0.607077 -0.184155 0.773010
vn -0.586103 -0.242772 0.773010
vn -0.559485 -0.299051 0.773010
vn -0.527479 -0.352450 0.773010
vn -0.490393 -0.402455 0.773010
vn -0.448584 -0.448584 0.773010
vn -0.402455 -0.490393 0.773010
vn -0.352450 -0.527479 0.773010
vn -0.299051 -0.559485 0.773010
vn -0.242772 -0.586103 0.773010
vn -0.184155 -0.607077 0.773010
vn -0.123764 -0.622204 0.773010
vn -0.062181 -0.631338 0.773010
vn -0.000000 -0.634393 0.773010
vn 0.062181 -0.631339 0.773010
vn 0.123764 -0.622204 0.773010
vn 0.184155 -0.607077 0.773010
vn 0.242772 -0.586103 0.773010
vn 0.299051 -0.559485 0.773010
vn 0.352450 -0.527479 0.773010
vn 0.402455 -0.490393 0.773010
vn 0.448584 -0.448584 0.773010
vn 0.490393 -0.402455 0.773010
vn 0.527479 -0.352450 0.773010
vn 0.559485 -0.299051 0.773010
vn 0.586103 -0.242772 0.773010
vn 0.607077 -0.184155 0.773010
vn 0.622204 -0.123764 0.773010
vn 0.631339 -0.062181 0.773010
vn 0.707107 0.000000 0.707107
vn 0.703702 0.069309 0.707107
vn 0.693520 0.137950 0.707107
vn 0.676659 0.205262 0.707107
vn 0.653282 0.270598 0.707107
vn 0.623613 0.333328 0.707107
vn 0.587938 0.392847 0.707107
vn 0.546601 0.448584 0.707107
vn 0.500000 0.500000 0.707107
vn 0.448584 0.546601 0.707107
vn 0.392847 0.587938 0.707107
vn 0.333328 0.623613 0.707107
vn 0.270598 0.653282 0.707107
vn 0.205262 0.676659 0.707107
vn 0.137950 0.693520 0.707107
vn 0.069309 0.703702 0.707107
vn 0.000000 0.707107 0.707107
vn -0.069309 0.703702 0.707107
vn -0.137950 0.693520 0.707107
vn -0.205262 0.676659 0.707107
vn -0.270598 0.653282 0.707107
vn -0.333328 0.623613 0.707107
vn -0.392847 0.587938 0.707107
vn -0.448584 0.546601 0.707107
vn -0.500000 0.500000 0.707107
vn -0.546601 0.448584 0.707107
vn -0.587938 0.392847 0.707107
vn -0.623613 0.333328 0.707107
vn -0.653282 0.270598 0.707107
vn -0.676659 0.205262 0.707107
vn -0.693520 0.137950 0.707107
vn -0.703702 0.069309 0.707107
vn -0.707107 0.000000 0.707107
vn -0.703702 -0.069309 0.707107
vn -0.693520 -0.137950 0.707107
vn -0.676659 -0.205262 0.707107
vn -0.653282 -0.270598 0.707107
vn -0.623613 -0.333328 0.707107
vn -0.587938 -0.392847 0.707107
vn -0.546601 -0.448584 0.707107
vn -0.500000 -0.500000 0.707107
vn -0.448584 -0.546601 0.707107
vn -0.392847 -0.587938 0.707107
vn -0.333328 -0.623613 0.707107
vn -0.270598 -0.653282 0.707107
vn -0.205262 -0.676659 0.707107
vn -0.137950 -0.693520 0.707107
vn -0.069309 -0.703702 0.707107
vn -0.000000 -0.707107 0.707107
vn 0.069309 -0.703702 0.707107
vn 0.137950 -0.693520 0.707107
vn 0.205262 -0.676659 0.707107
vn 0.270598 -0.653282 0.707107
vn 0.333328 -0.623613 0.707107
vn 0.392847 -0.587938 0.707107
vn 0.448584 -0.546601 0.707107
vn 0.500000 -0.500000 0.707107
vn 0.546601 -0.448584 0.707107
vn 0.587938 -0.392847 0.707107
vn 0.623613 -0.333328 0.707107
vn 0.653282 -0.270598 0.707107
vn 0.676659 -0.205262 0.707107
vn 0.693520 -0.137950 0.707107
vn 0.703702 -0.069309 0.707107
vn 0.773010 0.000000 0.634393
vn 0.769288 0.075768 0.634393
vn 0.758157 0.150807 0.634393
vn 0.739725 0.224393 0.634393
vn 0.714168 0.295818 0.634393
vn 0.681734 0.364395 0.634393
vn 0.642735 0.429462 0.634393
vn 0.597545 0.490393 0.634393
vn 0.546601 0.546601 0.634393
vn 0.490393 0.597545 0.634393
vn 0.429462 0.642735 0.634393
vn 0.364395 0.681734 0.634393
vn 0.295818 0.714168 0.634393
vn 0.224393 0.739725 0.634393
vn 0.150807 0.758157 0.634393
vn 0.075768 0.769288 0.634393
vn 0.000000 0.773010 0.634393
vn -0.075768 0.769288 0.634393
vn -0.150807 0.758157 0.634393
vn -0.224393 0.739725 0.634393
vn -0.295818 0.714168 0.634393
vn -0.364395 0.681734 0.634393
vn -0.429462 0.642735 0.634393
vn -0.490393 0.597545 0.634393
vn -0.546601 0.546601 0.634393
vn -0.597545 0.490393 0.634393
vn -0.642735 0.429462 0.634393
vn -0.681734 0.364395 0.634393
vn -0.714169 0.295818 0.634393
vn -0.739725 0.224393 0.634393
vn -0.758157 0.150807 0.634393
vn -0.769288 0.075768 0.634393
vn -0.773010 0.000000 0.634393
vn -0.769288 -0.075768 0.634393
vn -0.758157 -0.150807 0.634393
vn -0.739725 -0.224393 0.634393
vn -0.714169 -0.295818 0.634393
vn -0.681734 -0.364395 0.634393
vn -0.642735 -0.429462 0.634393
vn -0.597545 -0.490393 0.634393
vn -0.546601 -0.546601 0.634393
vn -0.490393 -0.597545 0.634393
vn -0.429462 -0.642735 0.634393
vn -0.364395 -0.681734 0.634393
vn -0.295818 -0.714168 0.634393
vn -0.224393 -0.739725 0.634393
vn -0.150807 -0.758157 0.634393
vn -0.075768 -0.769288 0.634393
vn -0.000000 -0.773010 0.634393
vn 0.075768 -0.769288 0.634393
vn 0.150807 -0.758157 0.634393
vn 0.224393 -0.739725 0.634393
vn 0.295818 -0.714168 0.634393
vn 0.364395 -0.681734 0.634393
vn 0.429462 -0.642735 0.634393
vn 0.490393 -0.597545 0.634393
vn 0.546601 -0.546601 0.634393
vn 0.597545 -0.490393 0.634393
vn 0.642735 -0.429462 0.634393
vn 0.681734 -0.364395 0.634393
vn 0.714168 -0.295818 0.634393
vn 0.739725 -0.224393 0.634393
vn 0.758157 -0.150807 0.634393
vn 0.769288 -0.075768 0.634393
vn 0.831470 0.000000 0.555570
vn 0.827466 0.081498 0.555570
vn 0.815493 0.162212 0.555570
vn 0.795667 0.241363 0.555570
vn 0.768178 0.318190 0.555570
vn 0.733291 0.391952 0.555570
vn 0.691342 0.461940 0.555570
vn 0.642735 0.527479 0.555570
vn 0.587938 0.587938 0.555570
vn 0.527479 0.642735 0.555570
vn 0.461940 0.691342 0.555570
vn 0.391952 0.733291 0.555570
vn 0.318190 0.768178 0.555570
vn 0.241363 0.795667 0.555570
vn 0.162212 0.815493 0.555570
vn 0.081498 0.827466 0.555570
vn 0.000000 0.831470 0.555570
vn -0.081498 0.827466 0.555570
vn -0.162212 0.815493 0.555570
vn -0.241363 0.795667 0.555570
vn -0.318190 0.768178 0.555570
vn -0.391952 0.733291 0.555570
vn -0.461940 0.691342 0.555570
vn -0.527479 0.642735 0.555570
vn -0.587938 0.587938 0.555570
vn -0.642735 0.527479 0.555570
vn -0.691342 0.461940 0.555570
vn -0.733291 0.391952 0.555570
vn -0.768178 0.318190 0.555570
vn -0.795667 0.241363 0.555570
vn -0.815493 0.162212 0.555570
vn -0.827466 0.081498 0.555570
vn -0.831470 0.000000 0.555570
vn -0.827466 -0.081498 0.555570
vn -0.815493 -0.162212 0.555570
vn -0.795667 -0.241363 0.555570
vn -0.768178 -0.318190 0.555570
vn -0.733291 -0.391952 0.555570
vn -0.691342 -0.461940 0.555570
vn -0.642735 -0.527479 0.555570
vn -0.587938 -0.587938 0.555570
vn -0.527479 -0.642735 0.555570
vn -0.461940 -0.691342 0.555570
vn -0.391952 -0.733291 0.555570
vn -0.318190 -0.768178 0.555570
vn -0.241363 -0.795667 0.555570
vn -0.162212 -0.815493 0.555570
vn -0.081498 -0.827466 0.555570
vn -0.000000 -0.831470 0.555570
vn 0.081498 -0.827466 0.555570
vn 0.162212 -0.815493 0.555570
vn 0.241363 -0.795667 0.555570
vn 0.318190 -0.768178 0.555570
vn 0.391952 -0.733291 0.555570
vn 0.461940 -0.691342 0.555570
vn 0.527479 -0.642735 0.555570
vn 0.587938 -0.587938 0.555570
vn 0.642735 -0.527479 0.555570
vn 0.691342 -0.461940 0.555570
vn 0.733291 -0.391952 0.555570
vn 0.768178 -0.318190 0.555570
vn 0.795667 -0.241363 0.555570
vn 0.815493 -0.162212 0.555570
vn 0.827466 -0.081498 0.555570
vn 0.881921 0.000000 0.471397
vn 0.877675 0.086443 0.471397
vn 0.864975 0.172054 0.471397
vn 0.843946 0.256008 0.471397
vn 0.814789 0.337497 0.471397
vn 0.777785 0.415735 0.471397
vn 0.733291 0.489969 0.471397
vn 0.681734 0.559485 0.471397
vn 0.623612 0.623612 0.471397
vn 0.559485 0.681734 0.471397
vn 0.489969 0.733291 0.471397
vn 0.415735 0.777785 0.471397
vn 0.337497 0.814789 0.471397
vn 0.256008 0.843946 0.471397
vn 0.172054 0.864975 0.471397
vn 0.086443 0.877675 0.471397
vn 0.000000 0.881921 0.471397
vn -0.086443 0.877675 0.471397
vn -0.172054 0.864975 0.471397
vn -0.256008 0.843946 0.471397
vn -0.337497 0.814789 0.471397
vn -0.415735 0.777785 0.471397
vn -0.489969 0.733291 0.471397
vn -0.559485 0.681734 0.471397
vn -0.623613 0.623613 0.471397
vn -0.681734 0.559485 0.471397
vn -0.733291 0.489969 0.471397
vn -0.777785 0.415735 0.471397
vn -0.814789 0.337497 0.471397
vn -0.843946 0.256008 0.471397
vn -0.864975 0.172054 0.471397
vn -0.877675 0.086443 0.471397
vn -0.881921 0.000000 0.471397
vn -0.877675 -0.086443 0.471397
vn -0.864975 -0.172054 0.471397
vn -0.843946 -0.256008 0.471397
vn -0.814789 -0.337497 0.471397
vn -0.777785 -0.415735 0.471397
vn -0.733291 -0.489969 0.471397
vn -0.681734 -0.559485 0.471397
vn -0.623613 -0.623613 0.471397
vn -0.559485 -0.681734 0.471397
vn -0.489969 -0.733291 0.471397
vn -0.415735 -0.777785 0.471397
vn -0.337497 -0.814789 0.471397
vn -0.256008 -0.843946 0.471397
vn -0.172054 -0.864975 0.471397
vn -0.086443 -0.877675 0.471397
vn -0.000000 -0.881921 0.471397
vn 0.086443 -0.877675 0.471397
vn 0.172054 -0.864975 0.471397
vn 0.256008 -0.843946 0.471397
vn 0.337497 -0.814789 0.471397
vn 0.415735 -0.777785 0.471397
vn 0.489969 -0.733291 0.471397
vn 0.559485 -0.681734 0.471397
vn 0.623612 -0.623612 0.471397
vn 0.681734 -0.559485 0.471397
vn 0.733291 -0.489969 0.471397
vn 0.777785 -0.415735 0.471397
vn 0.814789 -0.337497 0.471397
vn 0.843946 -0.256008 0.471397
vn 0.864975 -0.172054 0.471397
vn 0.877675 -0.086443 0.471397
vn 0.923880 0.000000 0.382683
vn 0.919431 0.090556 0.382683
vn 0.906127 0.180240 0.382683
vn 0.884098 0.268188 0.382683
vn 0.853553 0.353553 0.382683
vn 0.814789 0.435514 0.382683
vn 0.768178 0.513280 0.382683
vn 0.714169 0.586103 0.382683
vn 0.653282 0.653282 0.382683
vn 0.586103 0.714169 0.382683
vn 0.513280 0.768178 0.382683
vn 0.435514 0.814789 0.382683
vn 0.353553 0.853553 0.382683
vn 0.268188 0.884098 0.382683
vn 0.180240 0.906127 0.382683
vn 0.090556 0.919431 0.382683
vn 0.000000 0.923880 0.382683
vn -0.090556 0.919431 0.382683
vn -0.180240 0.906127 0.382683
vn -0.268188 0.884098 0.382683
vn -0.353553 0.853553 0.382683
vn -0.435514 0.814789 0.382683
vn -0.513280 0.768178 0.382683
vn -0.586103 0.714168 0.382683
vn -0.653282 0.653282 0.382683
vn -0.714169 0.586103 0.382683
vn -0.768178 0.513280 0.382683
vn -0.814789 0.435514 0.382683
vn -0.853553 0.353553 0.382683
vn -0.884098 0.268188 0.382683
vn -0.906128 0.180240 0.382683
vn -0.919431 0.090556 0.382683
vn -0.923880 0.000000 0.382683
vn -0.919431 -0.090556 0.382683
vn -0.906128 -0.180240 0.382683
vn -0.884098 -0.268188 0.382683
vn -0.853553 -0.353553 0.382683
vn -0.814789 -0.435514 0.382683
vn -0.768178 -0.513280 0.382683
vn -0.714169 -0.586103 0.382683
vn -0.653282 -0.653282 0.382683
vn -0.586103 -0.714168 0.382683
vn -0.513280 -0.768178 0.382683
vn -0.435514 -0.814789 0.382683
vn -0.353553 -0.853553 0.382683
vn -0.268188 -0.884098 0.382683
vn -0.180240 -0.906127 0.382683
vn -0.090556 -0.919431 0.382683
vn -0.000000 -0.923880 0.382683
vn 0.090556 -0.919431 0.382683
vn 0.180240 -0.906127 0.382683
vn 0.268188 -0.884098 0.382683
vn 0.353553 -0.853553 0.382683
vn 0.435514 -0.814789 0.382683
vn 0.513280 -0.768178 0.382683
vn 0.586103 -0.714169 0.382683
vn 0.653282 -0.653282 0.382683
vn 0.714169 -0.586103 0.382683
vn 0.768178 -0.513280 0.382683
vn 0.814789 -0.435514 0.382683
vn 0.853553 -0.353553 0.382683
vn 0.884098 -0.268188 0.382683
vn 0.906127 -0.180240 0.382683
vn 0.919431 -0.090556 0.382683
vn 0.956940 0.000000 0.290285
vn 0.952332 0.093797 0.290285
vn 0.938553 0.186690 0.290285
vn 0.915735 0.277785 0.290285
vn 0.884098 0.366205 0.290285
vn 0.843946 0.451099 0.290285
vn 0.795667 0.531648 0.290285
vn 0.739725 0.607077 0.290285
vn 0.676659 0.676659 0.290285
vn 0.607077 0.739725 0.290285
vn 0.531648 0.795667 0.290285
vn 0.451099 0.843946 0.290285
vn 0.366205 0.884098 0.290285
vn 0.277785 0.915735 0.290285
vn 0.186690 0.938553 0.290285
vn 0.093797 0.952332 0.290285
vn 0.000000 0.956940 0.290285
vn -0.093797 0.952332 0.290285
vn -0.186690 0.938553 0.290285
vn -0.277785 0.915735 0.290285
vn -0.366205 0.884098 0.290285
vn -0.451099 0.843946 0.290285
vn -0.531648 0.795667 0.290285
vn -0.607077 0.739725 0.290285
vn -0.676659 0.676659 0.290285
vn -0.739725 0.607077 0.290285
vn -0.795667 0.531648 0.290285
vn -0.843946 0.451099 0.290285
vn -0.884098 0.366205 0.290285
vn -0.915735 0.277785 0.290285
vn -0.938553 0.186690 0.290285
vn -0.952332 0.093797 0.290285
vn -0.956940 0.000000 0.290285
vn -0.952332 -0.093797 0.290285
vn -0.938553 -0.186690 0.290285
vn -0.915735 -0.277785 0.290285
vn -0.884098 -0.366205 0.290285
vn -0.843946 -0.451099 0.290285
vn -0.795667 -0.531648 0.290285
vn -0.739725 -0.607077 0.290285
vn -0.676659 -0.676659 0.290285
vn -0.607077 -0.739725 0.290285
vn -0.531648 -0.795667 0.290285
vn -0.451099 -0.843946 0.290285
vn -0.366205 -0.884098 0.290285
vn -0.277785 -0.915735 0.290285
vn -0.186690 -0.938553 0.290285
vn -0.093797 -0.952332 0.290285
vn -0.000000 -0.956940 0.290285
vn 0.093797 -0.952332 0.290285
vn 0.186690 -0.938553 0.290285
vn 0.277785 -0.915735 0.290285
vn 0.366205 -0.884098 0.290285
vn 0.451099 -0.843946 0.290285
vn 0.531648 -0.795667 0.290285
vn 0.607077 -0.739725 0.290285
vn 0.676659 -0.676659 0.290285
vn 0.739725 -0.607077 0.290285
vn 0.795667 -0.531648 0.290285
vn 0.843946 -0.451099 0.290285
vn 0.884098 -0.366205 0.290285
vn 0.915735 -0.277785 0.290285
vn 0.938553 -0.186690 0.290285
vn 0.952332 -0.093797 0.290285
vn 0.980785 0.000000 0.195090
vn 0.976063 0.096134 0.195090
vn 0.961940 0.191342 0.195090
vn 0.938553 0.284707 0.195090
vn 0.906127 0.375330 0.195090
vn 0.864975 0.462339 0.195090
vn 0.815493 0.544895 0.195090
vn 0.758157 0.622204 0.195090
vn 0.693520 0.693520 0.195090
vn 0.622204 0.758157 0.195090
vn 0.544895 0.815493 0.195090
vn 0.462339 0.864975 0.195090
vn 0.375330 0.906127 0.195090
vn 0.284707 0.938553 0.195090
vn 0.191342 0.961940 0.195090
vn 0.096134 0.976063 0.195090
vn 0.000000 0.980785 0.195090
vn -0.096134 0.976063 0.195090
vn -0.191342 0.961940 0.195090
vn -0.284707 0.938553 0.195090
vn -0.375330 0.906127 0.195090
vn -0.462339 0.864975 0.195090
vn -0.544895 0.815493 0.195090
vn -0.622204 0.758157 0.195090
vn -0.693520 0.693520 0.195090
vn -0.758157 0.622204 0.195090
vn -0.815493 0.544895 0.195090
vn -0.864975 0.462339 0.195090
vn -0.906128 0.375330 0.195090
vn -0.938553 0.284707 0.195090
vn -0.961940 0.191342 0.195090
vn -0.976063 0.096134 0.195090
vn -0.980785 0.000000 0.195090
vn -0.976063 -0.096134 0.195090
vn -0.961940 -0.191342 0.195090
vn -0.938553 -0.284707 0.195090
vn -0.906128 -0.375330 0.195090
vn -0.864975 -0.462339 0.195090
vn -0.815493 -0.544895 0.195090
vn -0.758157 -0.622204 0.195090
vn -0.693520 -0.693520 0.195090
vn -0.622204 -0.758157 0.195090
vn -0.544895 -0.815493 0.195090
vn -0.462339 -0.864975 0.195090
vn -0.375330 -0.906127 0.195090
vn -0.284707 -0.938553 0.195090
vn -0.191342 -0.961940 0.195090
vn -0.096134 -0.976063 0.195090
vn -0.000000 -0.980785 0.195090
vn 0.096134 -0.976063 0.195090
vn 0.191342 -0.961940 0.195090
vn 0.284707 -0.938553 0.195090
vn 0.375330 -0.906127 0.195090
vn 0.462339 -0.864975 0.195090
vn 0.544895 -0.815493 0.195090
vn 0.622204 -0.758157 0.195090
vn 0.693520 -0.693520 0.195090
vn 0.758157 -0.622204 0.195090
vn 0.815493 -0.544895 0.195090
vn 0.864975 -0.462339 0.195090
vn 0.906127 -0.375330 0.195090
vn 0.938553 -0.284707 0.195090
vn 0.961940 -0.191342 0.195090
vn 0.976063 -0.096134 0.195090
vn 0.995185 0.000000 0.098017
vn 0.990393 0.097545 0.098017
vn 0.976063 0.194151 0.098017
vn 0.952332 0.288887 0.098017
vn 0.919431 0.380841 0.098017
vn 0.877675 0.469127 0.098017
vn 0.827466 0.552895 0.098017
vn 0.769288 0.631338 0.098017
vn 0.703702 0.703702 0.098017
vn 0.631338 0.769288 0.098017
vn 0.552895 0.827466 0.098017
vn 0.469127 0.877675 0.098017
vn 0.380841 0.919431 0.098017
vn 0.288887 0.952332 0.098017
vn 0.194151 0.976063 0.098017
vn 0.097545 0.990393 0.098017
vn 0.000000 0.995185 0.098017
vn -0.097545 0.990393 0.098017
vn -0.194151 0.976063 0.098017
vn -0.288887 0.952332 0.098017
vn -0.380841 0.919431 0.098017
vn -0.469127 0.877675 0.098017
vn -0.552895 0.827466 0.098017
vn -0.631339 0.769288 0.098017
vn -0.703702 0.703702 0.098017
vn -0.769288 0.631339 0.098017
vn -0.827466 0.552895 0.098017
vn -0.877675 0.469127 0.098017
vn -0.919431 0.380841 0.098017
vn -0.952332 0.288887 0.098017
vn -0.976063 0.194151 0.098017
vn -0.990393 0.097545 0.098017
vn -0.995185 0.000000 0.098017
vn -0.990393 -0.097545 0.098017
vn -0.976063 -0.194151 0.098017
vn -0.952332 -0.288887 0.098017
vn -0.919431 -0.380841 0.098017
vn -0.877675 -0.469127 0.098017
vn -0.827466 -0.552895 0.098017
vn -0.769288 -0.631339 0.098017
vn -0.703702 -0.703702 0.098017
vn -0.631339 -0.769288 0.098017
vn -0.552895 -0.827466 0.098017
vn -0.469127 -0.877675 0.098017
vn -0.380841 -0.919431 0.098017
vn -0.288887 -0.952332 0.098017
vn -0.194151 -0.976063 0.098017
vn -0.097545 -0.990393 0.098017
vn -0.000000 -0.995185 0.098017
vn 0.097545 -0.990393 0.098017
vn 0.194151 -0.976063 0.098017
vn 0.288887 -0.952332 0.098017
vn 0.380841 -0.919431 0.098017
vn 0.469127 -0.877675 0.098017
vn 0.552895 -0.827466 0.098017
vn 0.631338 -0.769288 0.098017
vn 0.703702 -0.703702 0.098017
vn 0.769288 -0.631338 0.098017
vn 0.827466 -0.552895 0.098017
vn 0.877675 -0.469127 0.098017
vn 0.919431 -0.380841 0.098017
vn 0.952332 -0.288887 0.098017
vn 0.976063 -0.194151 0.098017
vn 0.990393 -0.097545 0.098017
vn 1.000000 0.000000 0.000000
vn 0.995185 0.098017 0.000000
vn 0.980785 0.195090 0.000000
vn 0.956940 0.290285 0.000000
vn 0.923880 0.382683 0.000000
vn 0.881921 0.471397 0.000000
vn 0.831470 0.555570 0.000000
vn 0.773010 0.634393 0.000000
vn 0.707107 0.707107 0.000000
vn 0.634393 0.773010 0.000000
vn 0.555570 0.831470 0.000000
vn 0.471397 0.881921 0.000000
vn 0.382683 0.923880 0.000000
vn 0.290285 0.956940 0.000000
vn 0.195090 0.980785 0.000000
vn 0.098017 0.995185 0.000000
vn 0.000000 1.000000 0.000000
vn -0.098017 0.995185 0.000000
vn -0.195090 0.980785 0.000000
vn -0.290285 0.956940 0.000000
vn -0.382683 0.923880 0.000000
vn -0.471397 0.881921 0.000000
vn -0.555570 0.831470 0.000000
vn -0.634393 0.773010 0.000000
vn -0.707107 0.707107 0.000000
vn -0.773010 0.634393 0.000000
vn -0.831470 0.555570 0.000000
vn -0.881921 0.471397 0.000000
vn -0.923880 0.382683 0.000000
vn -0.956940 0.290285 0.000000
vn -0.980785 0.195090 0.000000
vn -0.995185 0.098017 0.000000
vn -1.000000 0.000000 0.000000
vn -0.995185 -0.098017 0.000000
vn -0.980785 -0.195090 0.000000
vn -0.956940 -0.290285 0.000000
vn -0.923880 -0.382683 0.000000
vn -0.881921 -0.471397 0.000000
vn -0.831470 -0.555570 0.000000
vn -0.773010 -0.634393 0.000000
vn -0.707107 -0.707107 0.000000
vn -0.634393 -0.773010 0.000000
vn -0.555570 -0.831470 0.000000
vn -0.471397 -0.881921 0.000000
vn -0.382683 -0.923880 0.000000
vn -0.290285 -0.956940 0.000000
vn -0.195090 -0.980785 0.000000
vn -0.098017 -0.995185 0.000000
vn -0.000000 -1.000000 0.000000
vn 0.098017 -0.995185 0.000000
vn 0.195090 -0.980785 0.000000
vn 0.290285 -0.956940 0.000000
vn 0.382683 -0.923880 0.000000
vn 0.471397 -0.881921 0.000000
vn 0.555570 -0.831470 0.000000
vn 0.634393 -0.773010 0.000000
vn 0.707107 -0.707107 0.000000
vn 0.773010 -0.634393 0.000000
vn 0.831470 -0.555570 0.000000
vn 0.881921 -0.471397 0.000000
vn 0.923880 -0.382683 0.000000
vn 0.956940 -0.290285 0.000000
vn 0.980785 -0.195090 0.000000
vn 0.995185 -0.098017 0.000000
vn 0.995185 0.000000 -0.098017
vn 0.990393 0.097545 -0.098017
vn 0.976063 0.194151 -0.098017
vn 0.952332 0.288887 -0.098017
vn 0.919431 0.380841 -0.098017
vn 0.877675 0.469127 -0.098017
vn 0.827466 0.552895 -0.098017
vn 0.769288 0.631339 -0.098017
vn 0.703702 0.703702 -0.098017
vn 0.631339 0.769288 -0.098017
vn 0.552895 0.827466 -0.098017
vn 0.469127 0.877675 -0.098017
vn 0.380841 0.919431 -0.098017
vn 0.288887 0.952332 -0.098017
vn 0.194151 0.976063 -0.098017
vn 0.097545 0.990393 -0.098017
vn 0.000000 0.995185 -0.098017
vn -0.097545 0.990393 -0.098017
vn -0.194151 0.976063 -0.098017
vn -0.288887 0.952332 -0.098017
vn -0.380841 0.919431 -0.098017
vn -0.469127 0.877675 -0.098017
vn -0.552895 0.827466 -0.098017
vn -0.631338 0.769288 -0.098017
vn -0.703702 0.703702 -0.098017
vn -0.769288 0.631338 -0.098017
vn -0.827466 0.552895 -0.098017
vn -0.877675 0.469127 -0.098017
vn -0.919431 0.380841 -0.098017
vn -0.952332 0.288887 -0.098017
vn -0.976063 0.194151 -0.098017
vn -0.990393 0.097545 -0.098017
vn -0.995185 0.000000 -0.098017
vn -0.990393 -0.097545 -0.098017
vn -0.976063 -0.194151 -0.098017
vn -0.952332 -0.288887 -0.098017
vn -0.919431 -0.380841 -0.098017
vn -0.877675 -0.469127 -0.098017
vn -0.827466 -0.552895 -0.098017
vn -0.769288 -0.631338 -0.098017
vn -0.703702 -0.703702 -0.098017
vn -0.631338 -0.769288 -0.098017
vn -0.552895 -0.827466 -0.098017
vn -0.469127 -0.877675 -0.098017
vn -0.380841 -0.919431 -0.098017
vn -0.288887 -0.952332 -0.098017
vn -0.194151 -0.976063 -0.098017
vn -0.097545 -0.990393 -0.098017
vn -0.000000 -0.995185 -0.098017
vn 0.097545 -0.990393 -0.098017
vn 0.194151 -0.976063 -0.098017
vn 0.288887 -0.952332 -0.098017
vn 0.380841 -0.919431 -0.098017
vn 0.469127 -0.877675 -0.098017
vn 0.552895 -0.827466 -0.098017
vn 0.631339 -0.769288 -0.098017
vn 0.703702 -0.703702 -0.098017
vn 0.769288 -0.631339 -0.098017
vn 0.827466 -0.552895 -0.098017
vn 0.877675 -0.469127 -0.098017
vn 0.919431 -0.380841 -0.098017
vn 0.952332 -0.288887 -0.098017
vn 0.976063 -0.194151 -0.098017
vn 0.990393 -0.097545 -0.098017
vn 0.980785 0.000000 -0.195090
vn 0.976063 0.096134 -0.195090
vn 0.961940 0.191342 -0.195090
vn 0.938553 0.284707 -0.195090
vn 0.906128 0.375330 -0.195090
vn 0.864975 0.462339 -0.195090
vn 0.815493 0.544895 -0.195090
vn 0.758157 0.622204 -0.195090
vn 0.693520 0.693520 -0.195090
vn 0.622204 0.758157 -0.195090
vn 0.544895 0.815493 -0.195090
vn 0.462339 0.864975 -0.195090
vn 0.375330 0.906127 -0.195090
vn 0.284707 0.938553 -0.195090
vn 0.191342 0.961940 -0.195090
vn 0.096134 0.976063 -0.195090
vn 0.000000 0.980785 -0.195090
vn -0.096134 0.976063 -0.195090
vn -0.191342 0.961940 -0.195090
vn -0.284707 0.938553 -0.195090
vn -0.375330 0.906127 -0.195090
vn -0.462339 0.864975 -0.195090
vn -0.544895 0.815493 -0.195090
vn -0.622204 0.758157 -0.195090
vn -0.693520 0.693520 -0.195090
vn -0.758157 0.622204 -0.195090
vn -0.815493 0.544895 -0.195090
vn -0.864975 0.462339 -0.195090
vn -0.906127 0.375330 -0.195090
vn -0.938553 0.284707 -0.195090
vn -0.961940 0.191342 -0.195090
vn -0.976063 0.096134 -0.195090
vn -0.980785 0.000000 -0.195090
vn -0.976063 -0.096134 -0.195090
vn -0.961940 -0.191342 -0.195090
vn -0.938553 -0.284707 -0.195090
vn -0.906127 -0.375330 -0.195090
vn -0.864975 -0.462339 -0.195090
vn -0.815493 -0.544895 -0.195090
vn -0.758157 -0.622204 -0.195090
vn -0.693520 -0.693520 -0.195090
vn -0.622204 -0.758157 -0.195090
vn -0.544895 -0.815493 -0.195090
vn -0.462339 -0.864975 -0.195090
vn -0.375330 -0.906127 -0.195090
vn -0.284707 -0.938553 -0.195090
vn -0.191342 -0.961940 -0.195090
vn -0.096134 -0.976063 -0.195090
vn -0.000000 -0.980785 -0.195090
vn 0.096134 -0.976063 -0.195090
vn 0.191342 -0.961940 -0.195090
vn 0.284707 -0.938553 -0.195090
vn 0.375330 -0.906127 -0.195090
vn 0.462339 -0.864975 -0.195090
vn 0.544895 -0.815493 -0.195090
vn 0.622204 -0.758157 -0.195090
vn 0.693520 -0.693520 -0.195090
vn 0.758157 -0.622204 -0.195090
vn 0.815493 -0.544895 -0.195090
vn 0.864975 -0.462339 -0.195090
vn 0.906128 -0.375330 -0.195090
vn 0.938553 -0.284707 -0.195090
vn 0.961940 -0.191342 -0.195090
vn 0.976063 -0.096134 -0.195090
vn 0.956940 0.000000 -0.290285
vn 0.952332 0.093797 -0.290285
vn 0.938553 0.186690 -0.290285
vn 0.915735 0.277785 -0.290285
vn 0.884098 0.366205 -0.290285
vn 0.843946 0.451099 -0.290285
vn 0.795667 0.531648 -0.290285
vn 0.739725 0.607077 -0.290285
vn 0.676659 0.676659 -0.290285
vn 0.607077 0.739725 -0.290285
vn 0.531648 0.795667 -0.290285
vn 0.451099 0.843946 -0.290285
vn 0.366205 0.884098 -0.290285
vn 0.277785 0.915735 -0.290285
vn 0.186690 0.938553 -0.290285
vn 0.093797 0.952332 -0.290285
vn 0.000000 0.956940 -0.290285
vn -0.093797 0.952332 -0.290285
vn -0.186690 0.938553 -0.290285
vn -0.277785 0.915735 -0.290285
vn -0.366205 0.884098 -0.290285
vn -0.451099 0.843946 -0.290285
vn -0.531648 0.795667 -0.290285
vn -0.607077 0.739725 -0.290285
vn -0.676659 0.676659 -0.290285
vn -0.739725 0.607077 -0.290285
vn -0.795667 0.531648 -0.290285
vn -0.843946 0.451099 -0.290285
vn -0.884098 0.366205 -0.290285
vn -0.915735 0.277785 -0.290285
vn -0.938553 0.186690 -0.290285
vn -0.952332 0.093797 -0.290285
vn -0.956940 0.000000 -0.290285
vn -0.952332 -0.093797 -0.290285
vn -0.938553 -0.186690 -0.290285
vn -0.915735 -0.277785 -0.290285
vn -0.884098 -0.366205 -0.290285
vn -0.843946 -0.451099 -0.290285
vn -0.795667 -0.531648 -0.290285
vn -0.739725 -0.607077 -0.290285
vn -0.676659 -0.676659 -0.290285
vn -0.607077 -0.739725 -0.290285
vn -0.531648 -0.795667 -0.290285
vn -0.451099 -0.843946 -0.290285
vn -0.366205 -0.884098 -0.290285
vn -0.277785 -0.915735 -0.290285
vn -0.186690 -0.938553 -0.290285
vn -0.093797 -0.952332 -0.290285
vn -0.000000 -0.956940 -0.290285
vn 0.093797 -0.952332 -0.290285
vn 0.186690 -0.938553 -0.290285
vn 0.277785 -0.915735 -0.290285
vn 0.366205 -0.884098 -0.290285
vn 0.451099 -0.843946 -0.290285
vn 0.531648 -0.795667 -0.290285
vn 0.607077 -0.739725 -0.290285
vn 0.676659 -0.676659 -0.290285
vn 0.739725 -0.607077 -0.290285
vn 0.795667 -0.531648 -0.290285
vn 0.843946 -0.451099 -0.290285
vn 0.884098 -0.366205 -0.290285
vn 0.915735 -0.277785 -0.290285
vn 0.938553 -0.186690 -0.290285
vn 0.952332 -0.093797 -0.290285
vn 0.923880 0.000000 -0.382683
vn 0.919431 0.090556 -0.382683
vn 0.906128 0.180240 -0.382683
vn 0.884098 0.268188 -0.382683
vn 0.853553 0.353553 -0.382683
vn 0.814789 0.435514 -0.382683
vn 0.768178 0.513280 -0.382683
vn 0.714169 0.586103 -0.382683
vn 0.653282 0.653282 -0.382683
vn 0.586103 0.714168 -0.382683
vn 0.513280 0.768178 -0.382683
vn 0.435514 0.814789 -0.382683
vn 0.353553 0.853553 -0.382683
vn 0.268188 0.884098 -0.382683
vn 0.180240 0.906127 -0.382683
vn 0.090556 0.919431 -0.382683
vn 0.000000 0.923880 -0.382683
vn -0.090556 0.919431 -0.382683
vn -0.180240 0.906127 -0.382683
vn -0.268188 0.884098 -0.382683
vn -0.353553 0.853553 -0.382683
vn -0.435514 0.814789 -0.382683
vn -0.513280 0.768178 -0.382683
vn -0.586103 0.714169 -0.382683
vn -0.653282 0.653282 -0.382683
vn -0.714169 0.586103 -0.382683
vn -0.768178 0.513280 -0.382683
vn -0.814789 0.435514 -0.382683
vn -0.853553 0.353553 -0.382683
vn -0.884098 0.268188 -0.382683
vn -0.906127 0.180240 -0.382683
vn -0.919431 0.090556 -0.382683
vn -0.923880 0.000000 -0.382683
vn -0.919431 -0.090556 -0.382683
vn -0.906127 -0.180240 -0.382683
vn -0.884098 -0.268188 -0.382683
vn -0.853553 -0.353553 -0.382683
vn -0.814789 -0.435514 -0.382683
vn -0.768178 -0.513280 -0.382683
vn -0.714169 -0.586103 -0.382683
vn -0.653282 -0.653282 -0.382683
vn -0.586103 -0.714169 -0.382683
vn -0.513280 -0.768178 -0.382683
vn -0.435514 -0.814789 -0.382683
vn -0.353553 -0.853553 -0.382683
vn -0.268188 -0.884098 -0.382683
vn -0.180240 -0.906127 -0.382683
vn -0.090556 -0.919431 -0.382683
vn -0.000000 -0.923880 -0.382683
vn 0.090556 -0.919431 -0.382683
vn 0.180240 -0.906127 -0.382683
vn 0.268188 -0.884098 -0.382683
vn 0.353553 -0.853553 -0.382683
vn 0.435514 -0.814789 -0.382683
vn 0.513280 -0.768178 -0.382683
vn 0.586103 -0.714168 -0.382683
vn 0.653282 -0.653282 -0.382683
vn 0.714169 -0.586103 -0.382683
vn 0.768178 -0.513280 -0.382683
vn 0.814789 -0.435514 -0.382683
vn 0.853553 -0.353553 -0.382683
vn 0.884098 -0.268188 -0.382683
vn 0.906128 -0.180240 -0.382683
vn 0.919431 -0.090556 -0.382683
vn 0.881921 0.000000 -0.471397
vn 0.877675 0.086443 -0.471397
vn 0.864975 0.172054 -0.471397
vn 0.843946 0.256008 -0.471397
vn 0.814789 0.337497 -0.471397
vn 0.777785 0.415735 -0.471397
vn 0.733291 0.489969 -0.471397
vn 0.681734 0.559485 -0.471397
vn 0.623613 0.623613 -0.471397
vn 0.559485 0.681734 -0.471397
vn 0.489969 0.733291 -0.471397
vn 0.415735 0.777785 -0.471397
vn 0.337497 0.814789 -0.471397
vn 0.256008 0.843946 -0.471397
vn 0.172054 0.864975 -0.471397
vn 0.086443 0.877675 -0.471397
vn 0.000000 0.881921 -0.471397
vn -0.086443 0.877675 -0.471397
vn -0.172054 0.864975 -0.471397
vn -0.256008 0.843946 -0.471397
vn -0.337497 0.814789 -0.471397
vn -0.415735 0.777785 -0.471397
vn -0.489969 0.733291 -0.471397
vn -0.559485 0.681734 -0.471397
vn -0.623612 0.623612 -0.471397
vn -0.681734 0.559485 -0.471397
vn -0.733291 0.489969 -0.471397
vn -0.777785 0.415735 -0.471397
vn -0.814789 0.337497 -0.471397
vn -0.843946 0.256008 -0.471397
vn -0.864975 0.172054 -0.471397
vn -0.877675 0.086443 -0.471397
vn -0.881921 0.000000 -0.471397
vn -0.877675 -0.086443 -0.471397
vn -0.864975 -0.172054 -0.471397
vn -0.843946 -0.256008 -0.471397
vn -0.814789 -0.337497 -0.471397
vn -0.777785 -0.415735 -0.471397
vn -0.733291 -0.489969 -0.471397
vn -0.681734 -0.559485 -0.471397
vn -0.623612 -0.623612 -0.471397
vn -0.559485 -0.681734 -0.471397
vn -0.489969 -0.733291 -0.471397
vn -0.415735 -0.777785 -0.471397
vn -0.337497 -0.814789 -0.471397
vn -0.256008 -0.843946 -0.471397
vn -0.172054 -0.864975 -0.471397
vn -0.086443 -0.877675 -0.471397
vn -0.000000 -0.881921 -0.471397
vn 0.086443 -0.877675 -0.471397
vn 0.172054 -0.864975 -0.471397
vn 0.256008 -0.843946 -0.471397
vn 0.337497 -0.814789 -0.471397
vn 0.415735 -0.777785 -0.471397
vn 0.489969 -0.733291 -0.471397
vn 0.559485 -0.681734 -0.471397
vn 0.623613 -0.623613 -0.471397
vn 0.681734 -0.559485 -0.471397
vn 0.733291 -0.489969 -0.471397
vn 0.777785 -0.415735 -0.471397
vn 0.814789 -0.337497 -0.471397
vn 0.843946 -0.256008 -0.471397
vn 0.864975 -0.172054 -0.471397
vn 0.877675 -0.086443 -0.471397
vn 0.831470 0.000000 -0.555570
vn 0.827466 0.081498 -0.555570
vn 0.815493 0.162212 -0.555570
vn 0.795667 0.241363 -0.555570
vn 0.768178 0.318190 -0.555570
vn 0.733291 0.391952 -0.555570
vn 0.691342 0.461940 -0.555570
vn 0.642735 0.527479 -0.555570
vn 0.587938 0.587938 -0.555570
vn 0.527479 0.642735 -0.555570
vn 0.461940 0.691342 -0.555570
vn 0.391952 0.733291 -0.555570
vn 0.318190 0.768178 -0.555570
vn 0.241363 0.795667 -0.555570
vn 0.162212 0.815493 -0.555570
vn 0.081498 0.827466 -0.555570
vn 0.000000 0.831470 -0.555570
vn -0.081498 0.827466 -0.555570
vn -0.162212 0.815493 -0.555570
vn -0.241363 0.795667 -0.555570
vn -0.318190 0.768178 -0.555570
vn -0.391952 0.733291 -0.555570
vn -0.461940 0.691342 -0.555570
vn -0.527479 0.642735 -0.555570
vn -0.587938 0.587938 -0.555570
vn -0.642735 0.527479 -0.555570
vn -0.691342 0.461940 -0.555570
vn -0.733291 0.391952 -0.555570
vn -0.768178 0.318190 -0.555570
vn -0.795667 0.241363 -0.555570
vn -0.815493 0.162212 -0.555570
vn -0.827466 0.081498 -0.555570
vn -0.831470 0.000000 -0.555570
vn -0.827466 -0.081498 -0.555570
vn -0.815493 -0.162212 -0.555570
vn -0.795667 -0.241363 -0.555570
vn -0.768178 -0.318190 -0.555570
vn -0.733291 -0.391952 -0.555570
vn -0.691342 -0.461940 -0.555570
vn -0.642735 -0.527479 -0.555570
vn -0.587938 -0.587938 -0.555570
vn -0.527479 -0.642735 -0.555570
vn -0.461940 -0.691342 -0.555570
vn -0.391952 -0.733291 -0.555570
vn -0.318190 -0.768178 -0.555570
vn -0.241363 -0.795667 -0.555570
vn -0.162212 -0.815493 -0.555570
vn -0.081498 -0.827466 -0.555570
vn -0.000000 -0.831470 -0.555570
vn 0.081498 -0.827466 -0.555570
vn 0.162212 -0.815493 -0.555570
vn 0.241363 -0.795667 -0.555570
vn 0.318190 -0.768178 -0.555570
vn 0.391952 -0.733291 -0.555570
vn 0.461940 -0.691342 -0.555570
vn 0.527479 -0.642735 -0.555570
vn 0.587938 -0.587938 -0.555570
vn 0.642735 -0.527479 -0.555570
vn 0.691342 -0.461940 -0.555570
vn 0.733291 -0.391952 -0.555570
vn 0.768178 -0.318190 -0.555570
vn 0.795667 -0.241363 -0.555570
vn 0.815493 -0.162212 -0.555570
vn 0.827466 -0.081498 -0.555570
vn 0.773010 0.000000 -0.634393
vn 0.769288 0.075768 -0.634393
vn 0.758157 0.150807 -0.634393
vn 0.739725 0.224393 -0.634393
vn 0.714169 0.295818 -0.634393
vn 0.681734 0.364395 -0.634393
vn 0.642735 0.429462 -0.634393
vn 0.597545 0.490393 -0.634393
vn 0.546601 0.546601 -0.634393
vn 0.490393 0.597545 -0.634393
vn 0.429462 0.642735 -0.634393
vn 0.364395 0.681734 -0.634393
vn 0.295818 0.714168 -0.634393
vn 0.224393 0.739725 -0.634393
vn 0.150807 0.758157 -0.634393
vn 0.075768 0.769288 -0.634393
vn 0.000000 0.773010 -0.634393
vn -0.075768 0.769288 -0.634393
vn -0.150807 0.758157 -0.634393
vn -0.224393 0.739725 -0.634393
vn -0.295818 0.714168 -0.634393
vn -0.364395 0.681734 -0.634393
vn -0.429462 0.642735 -0.634393
vn -0.490393 0.597545 -0.634393
vn -0.546601 0.546601 -0.634393
vn -0.597545 0.490393 -0.634393
vn -0.642735 0.429462 -0.634393
vn -0.681734 0.364395 -0.634393
vn -0.714168 0.295818 -0.634393
vn -0.739725 0.224393 -0.634393
vn -0.758157 0.150807 -0.634393
vn -0.769288 0.075768 -0.634393
vn -0.773010 0.000000 -0.634393
vn -0.769288 -0.075768 -0.634393
vn -0.758157 -0.150807 -0.634393
vn -0.739725 -0.224393 -0.634393
vn -0.714168 -0.295818 -0.634393
vn -0.681734 -0.364395 -0.634393
vn -0.642735 -0.429462 -0.634393
vn -0.597545 -0.490393 -0.634393
vn -0.546601 -0.546601 -0.634393
vn -0.490393 -0.597545 -0.634393
vn -0.429462 -0.642735 -0.634393
vn -0.364395 -0.681734 -0.634393
vn -0.295818 -0.714168 -0.634393
vn -0.224393 -0.739725 -0.634393
vn -0.150807 -0.758157 -0.634393
vn -0.075768 -0.769288 -0.634393
vn -0.000000 -0.773010 -0.634393
vn 0.075768 -0.769288 -0.634393
vn 0.150807 -0.758157 -0.634393
vn 0.224393 -0.739725 -0.634393
vn 0.295818 -0.714168 -0.634393
vn 0.364395 -0.681734 -0.634393
vn 0.429462 -0.642735 -0.634393
vn 0.490393 -0.597545 -0.634393
vn 0.546601 -0.546601 -0.634393
vn 0.597545 -0.490393 -0.634393
vn 0.642735 -0.429462 -0.634393
vn 0.681734 -0.364395 -0.634393
vn 0.714169 -0.295818 -0.634393
vn 0.739725 -0.224393 -0.634393
vn 0.758157 -0.150807 -0.634393
vn 0.769288 -0.075768 -0.634393
vn 0.707107 0.000000 -0.707107
vn 0.703702 0.069309 -0.707107
vn 0.693520 0.137950 -0.707107
vn 0.676659 0.205262 -0.707107
vn 0.653282 0.270598 -0.707107
vn 0.623613 0.333328 -0.707107
vn 0.587938 0.392847 -0.707107
vn 0.546601 0.448584 -0.707107
vn 0.500000 0.500000 -0.707107
vn 0.448584 0.546601 -0.707107
vn 0.392847 0.587938 -0.707107
vn 0.333328 0.623613 -0.707107
vn 0.270598 0.653282 -0.707107
vn 0.205262 0.676659 -0.707107
vn 0.137950 0.693520 -0.707107
vn 0.069309 0.703702 -0.707107
vn 0.000000 0.707107 -0.707107
vn -0.069309 0.703702 -0.707107
vn -0.137950 0.693520 -0.707107
vn -0.205262 0.676659 -0.707107
vn -0.270598 0.653282 -0.707107
vn -0.333328 0.623613 -0.707107
vn -0.392847 0.587938 -0.707107
vn -0.448584 0.546601 -0.707107
vn -0.500000 0.500000 -0.707107
vn -0.546601 0.448584 -0.707107
vn -0.587938 0.392847 -0.707107
vn -0.623613 0.333328 -0.707107
vn -0.653282 0.270598 -0.707107
vn -0.676659 0.205262 -0.707107
vn -0.693520 0.137950 -0.707107
vn -0.703702 0.069309 -0.707107
vn -0.707107 0.000000 -0.707107
vn -0.703702 -0.069309 -0.707107
vn -0.693520 -0.137950 -0.707107
vn -0.676659 -0.205262 -0.707107
vn -0.653282 -0.270598 -0.707107
vn -0.623613 -0.333328 -0.707107
vn -0.587938 -0.392847 -0.707107
vn -0.546601 -0.448584 -0.707107
vn -0.500000 -0.500000 -0.707107
vn -0.448584 -0.546601 -0.707107
vn -0.392847 -0.587938 -0.707107
vn -0.333328 -0.623613 -0.707107
vn -0.270598 -0.653282 -0.707107
vn -0.205262 -0.676659 -0.707107
vn -0.137950 -0.693520 -0.707107
vn -0.069309 -0.703702 -0.707107
vn -0.000000 -0.707107 -0.707107
vn 0.069309 -0.703702 -0.707107
vn 0.137950 -0.693520 -0.707107
vn 0.205262 -0.676659 -0.707107
vn 0.270598 -0.653282 -0.707107
vn 0.333328 -0.623613 -0.707107
vn 0.392847 -0.587938 -0.707107
vn 0.448584 -0.546601 -0.707107
vn 0.500000 -0.500000 -0.707107
vn 0.546601 -0.448584 -0.707107
vn 0.587938 -0.392847 -0.707107
vn 0.623613 -0.333328 -0.707107
vn 0.653282 -0.270598 -0.707107
vn 0.676659 -0.205262 -0.707107
vn 0.693520 -0.137950 -0.707107
vn 0.703702 -0.069309 -0.707107
vn 0.634393 0.000000 -0.773010
vn 0.631339 0.062181 -0.773010
vn 0.622204 0.123764 -0.773010
vn 0.607077 0.184155 -0.773010
vn 0.586103 0.242772 -0.773010
vn 0.559485 0.299051 -0.773010
vn 0.527479 0.352450 -0.773010
vn 0.490393 0.402455 -0.773010
vn 0.448584 0.448584 -0.773010
vn 0.402455 0.490393 -0.773010
vn 0.352450 0.527479 -0.773010
vn 0.299051 0.559485 -0.773010
vn 0.242772 0.586103 -0.773010
vn 0.184155 0.607077 -0.773010
vn 0.123764 0.622204 -0.773010
vn 0.062181 0.631338 -0.773010
vn 0.000000 0.634393 -0.773010
vn -0.062181 0.631339 -0.773010
vn -0.123764 0.622204 -0.773010
vn -0.184155 0.607077 -0.773010
vn -0.242772 0.586103 -0.773010
vn -0.299051 0.559485 -0.773010
vn -0.352450 0.527479 -0.773010
vn -0.402455 0.490393 -0.773010
vn -0.448584 0.448584 -0.773010
vn -0.490393 0.402455 -0.773010
vn -0.527479 0.352450 -0.773010
vn -0.559485 0.299051 -0.773010
vn -0.586103 0.242772 -0.773010
vn -0.607077 0.184155 -0.773010
vn -0.622204 0.123764 -0.773010
vn -0.631339 0.062181 -0.773010
vn -0.634393 0.000000 -0.773010
vn -0.631339 -0.062181 -0.773010
vn -0.622204 -0.123764 -0.773010
vn -0.607077 -0.184155 -0.773010
vn -0.586103 -0.242772 -0.773010
vn -0.559485 -0.299051 -0.773010
vn -0.527479 -0.352450 -0.773010
vn -0.490393 -0.402455 -0.773010
vn -0.448584 -0.448584 -0.773010
vn -0.402455 -0.490393 -0.773010
vn -0.352450 -0.527479 -0.773010
vn -0.299051 -0.559485 -0.773010
vn -0.242772 -0.586103 -0.773010
vn -0.184155 -0.607077 -0.773010
vn -0.123764 -0.622204 -0.773010
vn -0.062181 -0.631339 -0.773010
vn -0.000000 -0.634393 -0.773010
vn 0.062181 -0.631338 -0.773010
vn 0.123764 -0.622204 -0.773010
vn 0.184155 -0.607077 -0.773010
vn 0.242772 -0.586103 -0.773010
vn 0.299051 -0.559485 -0.773010
vn 0.352450 -0.527479 -0.773010
vn 0.402455 -0.490393 -0.773010
vn 0.448584 -0.448584 -0.773010
vn 0.490393 -0.402455 -0.773010
vn 0.527479 -0.352450 -0.773010
vn 0.559485 -0.299051 -0.773010
vn 0.586103 -0.242772 -0.773010
vn 0.607077 -0.184155 -0.773010
vn 0.622204 -0.123764 -0.773010
vn 0.631339 -0.062181 -0.773010
vn 0.555570 0.000000 -0.831470
vn 0.552895 0.054455 -0.831470
vn 0.544895 0.108386 -0.831470
vn 0.531648 0.161274 -0.831470
vn 0.513280 0.212608 -0.831470
vn 0.489969 0.261894 -0.831470
vn 0.461940 0.308658 -0.831470
vn 0.429462 0.352450 -0.831470
vn 0.392847 0.392847 -0.831470
vn 0.352450 0.429462 -0.831470
vn 0.308658 0.461940 -0.831470
vn 0.261894 0.489969 -0.831470
vn 0.212608 0.513280 -0.831470
vn 0.161274 0.531648 -0.831470
vn 0.108386 0.544895 -0.831470
vn 0.054455 0.552895 -0.831470
vn 0.000000 0.555570 -0.831470
vn -0.054455 0.552895 -0.831470
vn -0.108386 0.544895 -0.831470
vn -0.161274 0.531648 -0.831470
vn -0.212608 0.513280 -0.831470
vn -0.261894 0.489969 -0.831470
vn -0.308658 0.461940 -0.831470
vn -0.352450 0.429462 -0.831470
vn -0.392847 0.392847 -0.831470
vn -0.429462 0.352450 -0.831470
vn -0.461940 0.308658 -0.831470
vn -0.489969 0.261894 -0.831470
vn -0.513280 0.212608 -0.831470
vn -0.531648 0.161274 -0.831470
vn -0.544895 0.108386 -0.831470
vn -0.552895 0.054455 -0.831470
vn -0.555570 0.000000 -0.831470
vn -0.552895 -0.054455 -0.831470
vn -0.544895 -0.108386 -0.831470
vn -0.531648 -0.161274 -0.831470
vn -0.513280 -0.212608 -0.831470
vn -0.489969 -0.261894 -0.831470
vn -0.461940 -0.308658 -0.831470
vn -0.429462 -0.352450 -0.831470
vn -0.392847 -0.392847 -0.831470
vn -0.352450 -0.429462 -0.831470
vn -0.308658 -0.461940 -0.831470
vn -0.261894 -0.489969 -0.831470
vn -0.212608 -0.513280 -0.831470
vn -0.161274 -0.531648 -0.831470
vn -0.108386 -0.544895 -0.831470
vn -0.054455 -0.552895 -0.831470
vn -0.000000 -0.555570 -0.831470
vn 0.054455 -0.552895 -0.831470
vn 0.108386 -0.544895 -0.831470
vn 0.161274 -0.531648 -0.831470
vn 0.212608 -0.513280 -0.831470
vn 0.261894 -0.489969 -0.831470
vn 0.308658 -0.461940 -0.831470
vn 0.352450 -0.429462 -0.831470
vn 0.392847 -0.392847 -0.831470
vn 0.429462 -0.352450 -0.831470
vn 0.461940 -0.308658 -0.831470
vn 0.489969 -0.261894 -0.831470
vn 0.513280 -0.212608 -0.831470
vn 0.531648 -0.161274 -0.831470
vn 0.544895 -0.108386 -0.831470
vn 0.552895 -0.054455 -0.831470
vn 0.471397 0.000000 -0.881921
vn 0.469127 0.046205 -0.881921
vn 0.462339 0.091965 -0.881921
vn 0.451099 0.136839 -0.881921
vn 0.435514 0.180396 -0.881921
vn 0.415735 0.222215 -0.881921
vn 0.391952 0.261894 -0.881921
vn 0.364395 0.299051 -0.881921
vn 0.333328 0.333328 -0.881921
vn 0.299051 0.364395 -0.881921
vn 0.261894 0.391952 -0.881921
vn 0.222215 0.415735 -0.881921
vn 0.180396 0.435514 -0.881921
vn 0.136839 0.451099 -0.881921
vn 0.091965 0.462339 -0.881921
vn 0.046205 0.469127 -0.881921
vn 0.000000 0.471397 -0.881921
vn -0.046205 0.469127 -0.881921
vn -0.091965 0.462339 -0.881921
vn -0.136839 0.451099 -0.881921
vn -0.180396 0.435514 -0.881921
vn -0.222215 0.415735 -0.881921
vn -0.261894 0.391952 -0.881921
vn -0.299051 0.364395 -0.881921
vn -0.333328 0.333328 -0.881921
vn -0.364395 0.299051 -0.881921
vn -0.391952 0.261894 -0.881921
vn -0.415735 0.222215 -0.881921
vn -0.435514 0.180396 -0.881921
vn -0.451099 0.136839 -0.881921
vn -0.462339 0.091965 -0.881921
vn -0.469127 0.046205 -0.881921
vn -0.471397 0.000000 -0.881921
vn -0.469127 -0.046205 -0.881921
vn -0.462339 -0.091965 -0.881921
vn -0.451099 -0.136839 -0.881921
vn -0.435514 -0.180396 -0.881921
vn -0.415735 -0.222215 -0.881921
vn -0.391952 -0.261894 -0.881921
vn -0.364395 -0.299051 -0.881921
vn -0.333328 -0.333328 -0.881921
vn -0.299051 -0.364395 -0.881921
vn -0.261894 -0.391952 -0.881921
vn -0.222215 -0.415735 -0.881921
vn -0.180396 -0.435514 -0.881921
vn -0.136839 -0.451099 -0.881921
vn -0.091965 -0.462339 -0.881921
vn -0.046205 -0.469127 -0.881921
vn -0.000000 -0.471397 -0.881921
vn 0.046205 -0.469127 -0.881921
vn 0.091965 -0.462339 -0.881921
vn 0.136839 -0.451099 -0.881921
vn 0.180396 -0.435514 -0.881921
vn 0.222215 -0.415735 -0.881921
vn 0.261894 -0.391952 -0.881921
vn 0.299051 -0.364395 -0.881921
vn 0.333328 -0.333328 -0.881921
vn 0.364395 -0.299051 -0.881921
vn 0.391952 -0.261894 -0.881921
vn 0.415735 -0.222215 -0.881921
vn 0.435514 -0.180396 -0.881921
vn 0.451099 -0.136839 -0.881921
vn 0.462339 -0.091965 -0.881921
vn 0.469127 -0.046205 -0.881921
vn 0.382683 0.000000 -0.923880
vn 0.380841 0.037510 -0.923880
vn 0.375330 0.074658 -0.923880
vn 0.366205 0.111087 -0.923880
vn 0.353553 0.146447 -0.923880
vn 0.337497 0.180396 -0.923880
vn 0.318190 0.212608 -0.923880
vn 0.295818 0.242772 -0.923880
vn 0.270598 0.270598 -0.923880
vn 0.242772 0.295818 -0.923880
vn 0.212608 0.318190 -0.923880
vn 0.180396 0.337497 -0.923880
vn 0.146447 0.353553 -0.923880
vn 0.111087 0.366205 -0.923880
vn 0.074658 0.375330 -0.923880
vn 0.037510 0.380841 -0.923880
vn 0.000000 0.382683 -0.923880
vn -0.037510 0.380841 -0.923880
vn -0.074658 0.375330 -0.923880
vn -0.111087 0.366205 -0.923880
vn -0.146447 0.353553 -0.923880
vn -0.180396 0.337497 -0.923880
vn -0.212608 0.318190 -0.923880
vn -0.242772 0.295818 -0.923880
vn -0.270598 0.270598 -0.923880
vn -0.295818 0.242772 -0.923880
vn -0.318190 0.212608 -0.923880
vn -0.337497 0.180396 -0.923880
vn -0.353553 0.146447 -0.923880
vn -0.366205 0.111087 -0.923880
vn -0.375330 0.074658 -0.923880
vn -0.380841 0.037510 -0.923880
vn -0.382683 0.000000 -0.923880
vn -0.380841 -0.037510 -0.923880
vn -0.375330 -0.074658 -0.923880
vn -0.366205 -0.111087 -0.923880
vn -0.353553 -0.146447 -0.923880
vn -0.337497 -0.180396 -0.923880
vn -0.318190 -0.212608 -0.923880
vn -0.295818 -0.242772 -0.923880
vn -0.270598 -0.270598 -0.923880
vn -0.242772 -0.295818 -0.923880
vn -0.212608 -0.318190 -0.923880
vn -0.180396 -0.337497 -0.923880
vn -0.146447 -0.353553 -0.923880
vn -0.111087 -0.366205 -0.923880
vn -0.074658 -0.375330 -0.923880
vn -0.037510 -0.380841 -0.923880
vn -0.000000 -0.382683 -0.923880
vn 0.037510 -0.380841 -0.923880
vn 0.074658 -0.375330 -0.923880
vn 0.111087 -0.366205 -0.923880
vn 0.146447 -0.353553 -0.923880
vn 0.180396 -0.337497 -0.923880
vn 0.212608 -0.318190 -0.923880
vn 0.242772 -0.295818 -0.923880
vn 0.270598 -0.270598 -0.923880
vn 0.295818 -0.242772 -0.923880
vn 0.318190 -0.212608 -0.923880
vn 0.337497 -0.180396 -0.923880
vn 0.353553 -0.146447 -0.923880
vn 0.366205 -0.111087 -0.923880
vn 0.375330 -0.074658 -0.923880
vn 0.380841 -0.037510 -0.923880
vn 0.290285 0.000000 -0.956940
vn 0.288887 0.028453 -0.956940
vn 0.284707 0.056632 -0.956940
vn 0.277785 0.084265 -0.956940
vn 0.268188 0.111087 -0.956940
vn 0.256008 0.136839 -0.956940
vn 0.241363 0.161274 -0.956940
vn 0.224393 0.184155 -0.956940
vn 0.205262 0.205262 -0.956940
vn 0.184155 0.224393 -0.956940
vn 0.161274 0.241363 -0.956940
vn 0.136839 0.256008 -0.956940
vn 0.111087 0.268188 -0.956940
vn 0.084265 0.277785 -0.956940
vn 0.056632 0.284707 -0.956940
vn 0.028453 0.288887 -0.956940
vn 0.000000 0.290285 -0.956940
vn -0.028453 0.288887 -0.956940
vn -0.056632 0.284707 -0.956940
vn -0.084265 0.277785 -0.956940
vn -0.111087 0.268188 -0.956940
vn -0.136839 0.256008 -0.956940
vn -0.161274 0.241363 -0.956940
vn -0.184155 0.224393 -0.956940
vn -0.205262 0.205262 -0.956940
vn -0.224393 0.184155 -0.956940
vn -0.241363 0.161274 -0.956940
vn -0.256008 0.136839 -0.956940
vn -0.268188 0.111087 -0.956940
vn -0.277785 0.084265 -0.956940
vn -0.284707 0.056632 -0.956940
vn -0.288887 0.028453 -0.956940
vn -0.290285 0.000000 -0.956940
vn -0.288887 -0.028453 -0.956940
vn -0.284707 -0.056632 -0.956940
vn -0.277785 -0.084265 -0.956940
vn -0.268188 -0.111087 -0.956940
vn -0.256008 -0.136839 -0.956940
vn -0.241363 -0.161274 -0.956940
vn -0.224393 -0.184155 -0.956940
vn -0.205262 -0.205262 -0.956940
vn -0.184155 -0.224393 -0.956940
vn -0.161274 -0.241363 -0.956940
vn -0.136839 -0.256008 -0.956940
vn -0.111087 -0.268188 -0.956940
vn -0.084265 -0.277785 -0.956940
vn -0.056632 -0.284707 -0.956940
vn -0.028453 -0.288887 -0.956940
vn -0.000000 -0.290285 -0.956940
vn 0.028453 -0.288887 -0.956940
vn 0.056632 -0.284707 -0.956940
vn 0.084265 -0.277785 -0.956940
vn 0.111087 -0.268188 -0.956940
vn 0.136839 -0.256008 -0.956940
vn 0.161274 -0.241363 -0.956940
vn 0.184155 -0.224393 -0.956940
vn 0.205262 -0.205262 -0.956940
vn 0.224393 -0.184155 -0.956940
vn 0.241363 -0.161274 -0.956940
vn 0.256008 -0.136839 -0.956940
vn 0.268188 -0.111087 -0.956940
vn 0.277785 -0.084265 -0.956940
vn 0.284707 -0.056632 -0.956940
vn 0.288887 -0.028453 -0.956940
vn 0.195090 0.000000 -0.980785
vn 0.194151 0.019122 -0.980785
vn 0.191342 0.038060 -0.980785
vn 0.186690 0.056632 -0.980785
vn 0.180240 0.074658 -0.980785
vn 0.172054 0.091965 -0.980785
vn 0.162212 0.108386 -0.980785
vn 0.150807 0.123764 -0.980785
vn 0.137950 0.137950 -0.980785
vn 0.123764 0.150807 -0.980785
vn 0.108386 0.162212 -0.980785
vn 0.091965 0.172054 -0.980785
vn 0.074658 0.180240 -0.980785
vn 0.056632 0.186690 -0.980785
vn 0.038060 0.191342 -0.980785
vn 0.019122 0.194151 -0.980785
vn 0.000000 0.195090 -0.980785
vn -0.019122 0.194151 -0.980785
vn -0.038060 0.191342 -0.980785
vn -0.056632 0.186690 -0.980785
vn -0.074658 0.180240 -0.980785
vn -0.091965 0.172054 -0.980785
vn -0.108386 0.162212 -0.980785
vn -0.123764 0.150807 -0.980785
vn -0.137950 0.137950 -0.980785
vn -0.150807 0.123764 -0.980785
vn -0.162212 0.108386 -0.980785
vn -0.172054 0.091965 -0.980785
vn -0.180240 0.074658 -0.980785
vn -0.186690 0.056632 -0.980785
vn -0.191342 0.038060 -0.980785
vn -0.194151 0.019122 -0.980785
vn -0.195090 0.000000 -0.980785
vn -0.194151 -0.019122 -0.980785
vn -0.191342 -0.038060 -0.980785
vn -0.186690 -0.056632 -0.980785
vn -0.180240 -0.074658 -0.980785
vn -0.172054 -0.091965 -0.980785
vn -0.162212 -0.108386 -0.980785
vn -0.150807 -0.123764 -0.980785
vn -0.137950 -0.137950 -0.980785
vn -0.123764 -0.150807 -0.980785
vn -0.108386 -0.162212 -0.980785
vn -0.091965 -0.172054 -0.980785
vn -0.074658 -0.180240 -0.980785
vn -0.056632 -0.186690 -0.980785
vn -0.038060 -0.191342 -0.980785
vn -0.019122 -0.194151 -0.980785
vn -0.000000 -0.195090 -0.980785
vn 0.019122 -0.194151 -0.980785
vn 0.038060 -0.191342 -0.980785
vn 0.056632 -0.186690 -0.980785
vn 0.074658 -0.180240 -0.980785
vn 0.091965 -0.172054 -0.980785
vn 0.108386 -0.162212 -0.980785
vn 0.123764 -0.150807 -0.980785
vn 0.137950 -0.137950 -0.980785
vn 0.150807 -0.123764 -0.980785
vn 0.162212 -0.108386 -0.980785
vn 0.172054 -0.091965 -0.980785
vn 0.180240 -0.074658 -0.980785
vn 0.186690 -0.056632 -0.980785
vn 0.191342 -0.038060 -0.980785
vn 0.194151 -0.019122 -0.980785
vn 0.098017 0.000000 -0.995185
vn 0.097545 0.009607 -0.995185
vn 0.096134 0.019122 -0.995185
vn 0.093797 0.028453 -0.995185
vn 0.090556 0.037510 -0.995185
vn 0.086443 0.046205 -0.995185
vn 0.081498 0.054455 -0.995185
vn 0.075768 0.062181 -0.995185
vn 0.069309 0.069309 -0.995185
vn 0.062181 0.075768 -0.995185
vn 0.054455 0.081498 -0.995185
vn 0.046205 0.086443 -0.995185
vn 0.037510 0.090556 -0.995185
vn 0.028453 0.093797 -0.995185
vn 0.019122 0.096134 -0.995185
vn 0.009607 0.097545 -0.995185
vn 0.000000 0.098017 -0.995185
vn -0.009607 0.097545 -0.995185
vn -0.019122 0.096134 -0.995185
vn -0.028453 0.093797 -0.995185
vn -0.037510 0.090556 -0.995185
vn -0.046205 0.086443 -0.995185
vn -0.054455 0.081498 -0.995185
vn -0.062181 0.075768 -0.995185
vn -0.069309 0.069309 -0.995185
vn -0.075768 0.062181 -0.995185
vn -0.081498 0.054455 -0.995185
vn -0.086443 0.046205 -0.995185
vn -0.090556 0.037510 -0.995185
vn -0.093797 0.028453 -0.995185
vn -0.096134 0.019122 -0.995185
vn -0.097545 0.009607 -0.995185
vn -0.098017 0.000000 -0.995185
vn -0.097545 -0.009607 -0.995185
vn -0.096134 -0.019122 -0.995185
vn -0.093797 -0.028453 -0.995185
vn -0.090556 -0.037510 -0.995185
vn -0.086443 -0.046205 -0.995185
vn -0.081498 -0.054455 -0.995185
vn -0.075768 -0.062181 -0.995185
vn -0.069309 -0.069309 -0.995185
vn -0.062181 -0.075768 -0.995185
vn -0.054455 -0.081498 -0.995185
vn -0.046205 -0.086443 -0.995185
vn -0.037510 -0.090556 -0.995185
vn -0.028453 -0.093797 -0.995185
vn -0.019122 -0.096134 -0.995185
vn -0.009607 -0.097545 -0.995185
vn -0.000000 -0.098017 -0.995185
vn 0.009607 -0.097545 -0.995185
vn 0.019122 -0.096134 -0.995185
vn 0.028453 -0.093797 -0.995185
vn 0.037510 -0.090556 -0.995185
vn 0.046205 -0.086443 -0.995185
vn 0.054455 -0.081498 -0.995185
vn 0.062181 -0.075768 -0.995185
vn 0.069309 -0.069309 -0.995185
vn 0.075768 -0.062181 -0.995185
vn 0.081498 -0.054455 -0.995185
vn 0.086443 -0.046205 -0.995185
vn 0.090556 -0.037510 -0.995185
vn 0.093797 -0.028453 -0.995185
vn 0.096134 -0.019122 -0.995185
vn 0.097545 -0.009607 -0.995185
vn 0.000000 0.000000 -1.000000
vn 0.000000 0.000000 -1.000000
vn 0.000000 0.000000 -1.000000
vn 0.000000 0.000000 -1.000000
vn 0.000000 0.000000 -1.000000
vn 0.000000 0.000000 -1.000000
vn 0.000000 0.000000 -1.000000
vn 0.000000 0.000000 -1.000000
vn 0.000000 0.000000 -1.000000
vn 0.000000 0.000000 -1.000000
vn 0.000000 0.000000 -1.000000
vn 0.000000 0.000000 -1.000000
vn 0.000000 0.000000 -1.000000
vn 0.000000 0.000000 -1.000000
vn 0.000000 0.000000 -1.000000
vn 0.000000 0.000000 -1.000000
vn 0.000000 0.000000 -1.000000
vn -0.000000 0.000000 -1.000000
vn -0.000000 0.000000 -1.000000
vn -0.000000 0.000000 -1.000000
vn -0.000000 0.000000 -1.000000
vn -0.000000 0.000000 -1.000000
vn -0.000000 0.000000 -1.000000
vn -0.000000 0.000000 -1.000000
vn -0.000000 0.000000 -1.000000
vn -0.000000 0.000000 -1.000000
vn -0.000000 0.000000 -1.000000
vn -0.000000 0.000000 -1.000000
vn -0.000000 0.000000 -1.000000
vn -0.000000 0.000000 -1.000000
vn -0.000000 0.000000 -1.000000
vn -0.000000 0.000000 -1.000000
vn -0.000000 0.000000 -1.000000
vn -0.000000 -0.000000 -1.000000
vn -0.000000 -0.000000 -1.000000
vn -0.000000 -0.000000 -1.000000
vn -0.000000 -0.000000 -1.000000
vn -0.000000 -0.000000 -1.000000
vn -0.000000 -0.000000 -1.000000
vn -0.000000 -0.000000 -1.000000
vn -0.000000 -0.000000 -1.000000
vn -0.000000 -0.000000 -1.000000
vn -0.000000 -0.000000 -1.000000
vn -0.000000 -0.000000 -1.000000
vn -0.000000 -0.000000 -1.000000
vn -0.000000 -0.000000 -1.000000
vn -0.000000 -0.000000 -1.000000
vn -0.000000 -0.000000 -1.000000
vn -0.000000 -0.000000 -1.000000
vn 0.000000 -0.000000 -1.000000
vn 0.000000 -0.000000 -1.000000
vn 0.000000 -0.000000 -1.000000
vn 0.000000 -0.000000 -1.000000
vn 0.000000 -0.000000 -1.000000
vn 0.000000 -0.000000 -1.000000
vn 0.000000 -0.000000 -1.000000
vn 0.000000 -0.000000 -1.000000
vn 0.000000 -0.000000 -1.000000
vn 0.000000 -0.000000 -1.000000
vn 0.000000 -0.000000 -1.000000
vn 0.000000 -0.000000 -1.000000
vn 0.000000 -0.000000 -1.000000
vn 0.000000 -0.000000 -1.000000
vn 0.000000 -0.000000 -1.000000
f 65//65 66//66 2//2
f 66//66 67//67 3//3
f 67//67 68//68 4//4
f 68//68 69//69 5//5
f 69//69 70//70 6//6
f 70//70 71//71 7//7
f 71//71 72//72 8//8
f 72//72 73//73 9//9
f 73//73 74//74 10//10
f 74//74 75//75 11//11
f 75//75 76//76 12//12
f 76//76 77//77 13//13
f 77//77 78//78 14//14
f 78//78 79//79 15//15
f 79//79 80//80 16//16
f 80//80 81//81 17//17
f 81//81 82//82 18//18
f 82//82 83//83 19//19
f 83//83 84//84 20//20
f 84//84 85//85 21//21
f 85//85 86//86 22//22
f 86//86 87//87 23//23
f 87//87 88//88 24//24
f 88//88 89//89 25//25
f 89//89 90//90 26//26
f 90//90 91//91 27//27
f 91//91 92//92 28//28
f 92//92 93//93 29//29
f 93//93 94//94 30//30
f 94//94 95//95 31//31
f 95//95 96//96 32//32
f 96//96 97//97 33//33
f 97//97 98//98 34//34
f 98//98 99//99 35//35
f 99//99 100//100 36//36
f 100//100 101//101 37//37
f 101//101 102//102 38//38
f 102//102 103//103 39//39
f 103//103 104//104 40//40
f 104//104 105//105 41//41
f 105//105 106//106 42//42
f 106//106 107//107 43//43
f 107//107 108//108 44//44
f 108//108 109//109 45//45
f 109//109 110//110 46//46
f 110//110 111//111 47//47
f 111//111 112//112 48//48
f 112//112 113//113 49//49
f 113//113 114//114 50//50
f 114//114 115//115 51//51
f 115//115 116//116 52//52
f 116//116 117//117 53//53
f 117//117 118//118 54//54
f 118//118 119//119 55//55
f 119//119 120//120 56//56
f 120//120 121//121 57//57
f 121//121 122//122 58//58
f 122//122 123//123 59//59
f 123//123 124//124 60//60
f 124//124 125//125 61//61
f 125//125 126//126 62//62
f 126//126 127//127 63//63
f 127//127 128//128 64//64
f 128//128 65//65 1//1
f 65//65 129//129 66//66
f 129//129 130//130 66//66
f 66//66 130//130 67//67
f 130//130 131//131 67//67
f 67//67 131//131 68//68
f 131//131 132//132 68//68
f 68//68 132//132 69//69
f 132//132 133//133 69//69
f 69//69 133//133 70//70
f 133//133 134//134 70//70
f 70//70 134//134 71//71
f 134//134 135//135 71//71
f 71//71 135//135 72//72
f 135//135 136//136 72//72
f 72//72 136//136 73//73
f 136//136 137//137 73//73
f 73//73 137//137 74//74
f 137//137 138//138 74//74
f 74//74 138//138 75//75
f 138//138 139//139 75//75
f 75//75 139//139 76//76
f 139//139 140//140 76//76
f 76//76 140//140 77//77
f 140//140 141//141 77//77
f 77//77 141//141 78//78
f 141//141 142//142 78//78
f 78//78 142//142 79//79
f 142//142 143//143 79//79
f 79//79 143//143 80//80
f 143//143 144//144 80//80
f 80//80 144//144 81//81
f 144//144 145//145 81//81
f 81//81 145//145 82//82
f 145//145 146//146 82//82
f 82//82 146//146 83//83
f 146//146 147//147 83//83
f 83//83 147//147 84//84
f 147//147 148//148 84//84
f 84//84 148//148 85//85
f 148//148 149//149 85//85
f 85//85 149//149 86//86
f 149//149 150//150 86//86
f 86//86 150//150 87//87
f 150//150 151//151 87//87
f 87//87 151//151 88//88
f 151//151 152//152 88//88
f 88//88 152//152 89//89
f 152//152 153//153 89//89
f 89//89 153//153 90//90
f 153//153 154//154 90//90
f 90//90 154//154 91//91
f 154//154 155//155 91//91
f 91//91 155//155 92//92
f 155//155 156//156 92//92
f 92//92 156//156 93//93
f 156//156 157//157 93//93
f 93//93 157//157 94//94
f 157//157 158//158 94//94
f 94//94 158//158 95//95
f 158//158 159//159 95//95
f 95//95 159//159 96//96
f 159//159 160//160 96//96
f 96//96 160//160 97//97
f 160//160 161//161 97//97
f 97//97 161//161 98//98
f 161//161 162//162 98//98
f 98//98 162//162 99//99
f 162//162 163//163 99//99
f 99//99 163//163 100//100
f 163//163 164//164 100//100
f 100//100 164//164 101//101
f 164//164 165//165 101//101
f 101//101 165//165 102//102
f 165//165 166//166 102//102
f 102//102 166//166 103//103
f 166//166 167//167 103//103
f 103//103 167//167 104//104
f 167//167 168//168 104//104
f 104//104 168//168 105//105
f 168//168 169//169 105//105
f 105//105 169//169 106//106
f 169//169 170//170 106//106
f 106//106 170//170 107//107
f 170//170 171//171 107//107
f 107//107 171//171 108//108
f 171//171 172//172 108//108
f 108//108 172//172 109//109
f 172//172 173//173 109//109
f 109//109 173//173 110//110
f 173//173 174//174 110//110
f 110//110 174//174 111//111
f 174//174 175//175 111//111
f 111//111 175//175 112//112
f 175//175 176//176 112//112
f 112//112 176//176 113//113
f 176//176 177//177 113//113
f 113//113 177//177 114//114
f 177//177 178//178 114//114
f 114//114 178//178 115//115
f 178//178 179//179 115//115
f 115//115 179//179 116//116
f 179//179 180//180 116//116
f 116//116 180//180 117//117
f 180//180 181//181 117//117
f 117//117 181//181 118//118
f 181//181 182//182 118//118
f 118//118 182//182 119//119
f 182//182 183//183 119//119
f 119//119 183//183 120//120
f 183//183 184//184 120//120
f 120//120 184//184 121//121
f 184//184 185//185 121//121
f 121//121 185//185 122//122
f 185//185 186//186 122//122
f 122//122 186//186 123//123
f 186//186 187//187 123//123
f 123//123 187//187 124//124
f 187//187 188//188 124//124
f 124//124 188//188 125//125
f 188//188 189//189 125//125
f 125//125 189//189 126//126
f 189//189 190//190 126//126
f 126//126 190//190 127//127
f 190//190 191//191 127//127
f 127//127 191//191 128//128
f 191//191 192//192 128//128
f 128//128 192//192 65//65
f 192//192 129//129 65//65
f 129//129 193//193 130//130
f 193//193 194//194 130//130
f 130//130 194//194 131//131
f 194//194 195//195 131//131
f 131//131 195//195 132//132
f 195//195 196//196 132//132
f 132//132 196//196 133//133
f 196//196 197//197 133//133
f 133//133 197//197 134//134
f 197//197 198//198 134//134
f 134//134 198//198 135//135
f 198//198 199//199 135//135
f 135//135 199//199 136//136
f 199//199 200//200 136//136
f 136//136 200//200 137//137
f 200//200 201//201 137//137
f 137//137 201//201 138//138
f 201//201 202//202 138//138
f 138//138 202//202 139//139
f 202//202 203//203 139//139
f 139//139 203//203 140//140
f 203//203 204//204 140//140
f 140//140 204//204 141//141
f 204//204 205//205 141//141
f 141//141 205//205 142//142
f 205//205 206//206 142//142
f 142//142 206//206 143//143
f 206//206 207//207 143//143
f 143//143 207//207 144//144
f 207//207 208//208 144//144
f 144//144 208//208 145//145
f 208//208 209//209 145//145
f 145//145 209//209 146//146
f 209//209 210//210 146//146
f 146//146 210//210 147//147
f 210//210 211//211 147//147
f 147//147 211//211 148//148
f 211//211 212//212 148//148
f 148//148 212//212 149//149
f 212//212 213//213 149//149
f 149//149 213//213 150//150
f 213//213 214//214 150//150
f 150//150 214//214 151//151
f 214//214 215//215 151//151
f 151//151 215//215 152//152
f 215//215 216//216 152//152
f 152//152 216//216 153//153
f 216//216 217//217 153//153
f 153//153 217//217 154//154
f 217//217 218//218 154//154
f 154//154 218//218 155//155
f 218//218 219//219 155//155
f 155//155 219//219 156//156
f 219//219 220//220 156//156
f 156//156 220//220 157//157
f 220//220 221//221 157//157
f 157//157 221//221 158//158
f 221//221 222//222 158//158
f 158//158 222//222 159//159
f 222//222 223//223 159//159
f 159//159 223//223 160//160
f 223//223 224//224 160//160
f 160//160 224//224 161//161
f 224//224 225//225 161//161
f 161//161 225//225 162//162
f 225//225 226//226 162//162
f 162//162 226//226 163//163
f 226//226 227//227 163//163
f 163//163 227//227 164//164
f 227//227 228//228 164//164
f 164//164 228//228 165//165
f 228//228 229//229 165//165
f 165//165 229//229 166//166
f 229//229 230//230 166//166
f 166//166 230//230 167//167
f 230//230 231//231 167//167
f 167//167 231//231 168//168
f 231//231 232//232 168//168
f 168//168 232//232 169//169
f 232//232 233//233 169//169
f 169//169 233//233 170//170
f 233//233 234//234 170//170
f 170//170 234//234 171//171
f 234//234 235//235 171//171
f 171//171 235//235 172//172
f 235//235 236//236 172//172
f 172//172 236//236 173//173
f 236//236 237//237 173//173
f 173//173 237//237 174//174
f 237//237 238//238 174//174
f 174//174 238//238 175//175
f 238//238 239//239 175//175
f 175//175 239//239 176//176
f 239//239 240//240 176//176
f 176//176 240//240 177//177
f 240//240 241//241 177//177
f 177//177 241//241 178//178
f 241//241 242//242 178//178
f 178//178 242//242 179//179
f 242//242 243//243 179//179
f 179//179 243//243 180//180
f 243//243 244//244 180//180
f 180//180 244//244 181//181
f 244//244 245//245 181//181
f 181//181 245//245 182//182
f 245//245 246//246 182//182
f 182//182 246//246 183//183
f 246//246 247//247 183//183
f 183//183 247//247 184//184
f 247//247 248//248 184//184
f 184//184 248//248 185//185
f 248//248 249//249 185//185
f 185//185 249//249 186//186
f 249//249 250//250 186//186
f 186//186 250//250 187//187
f 250//250 251//251 187//187
f 187//187 251//251 188//188
f 251//251 252//252 188//188
f 188//188 252//252 189//189
f 252//252 253//253 189//189
f 189//189 253//253 190//190
f 253//253 254//254 190//190
f 190//190 254//254 191//191
f 254//254 255//255 191//191
f 191//191 255//255 192//192
f 255//255 256//256 192//192
f 192//192 256//256 129//129
f 256//256 193//193 129//129
f 193//193 257//257 194//194
f 257//257 258//258 194//194
f 194//194 258//258 195//195
f 258//258 259//259 195//195
f 195//195 259//259 196//196
f 259//259 260//260 196//196
f 196//196 260//260 197//197
f 260//260 261//261 197//197
f 197//197 261//261 198//198
f 261//261 262//262 198//198
f 198//198 262//262 199//199
f 262//262 263//263 199//199
f 199//199 263//263 200//200
f 263//263 264//264 200//200
f 200//200 264//264 201//201
f 264//264 265//265 201//201
f 201//201 265//265 202//202
f 265//265 266//266 202//202
f 202//202 266//266 203//203
f 266//266 267//267 203//203
f 203//203 267//267 204//204
f 267//267 268//268 204//204
f 204//204 268//268 205//205
f 268//268 269//269 205//205
f 205//205 269//269 206//206
f 269//269 270//270 206//206
f 206//206 270//270 207//207
f 270//270 271//271 207//207
f 207//207 271//271 208//208
f 271//271 272//272 208//208
f 208//208 272//272 209//209
f 272//272 273//273 209//209
f 209//209 273//273 210//210
f 273//273 274//274 210//210
f 210//210 274//274 211//211
f 274//274 275//275 211//211
f 211//211 275//275 212//212
f 275//275 276//276 212//212
f 212//212 276//276 213//213
f 276//276 277//277 213//213
f 213//213 277//277 214//214
f 277//277 278//278 214//214
f 214//214 278//278 215//215
f 278//278 279//279 215//215
f 215//215 279//279 216//216
f 279//279 280//280 216//216
f 216//216 280//280 217//217
f 280//280 281//281 217//217
f 217//217 281//281 218//218
f 281//281 282//282 218//218
f 218//218 282//282 219//219
f 282//282 283//283 219//219
f 219//219 283//283 220//220
f 283//283 284//284 220//220
f 220//220 284//284 221//221
f 284//284 285//285 221//221
f 221//221 285//285 222//222
f 285//285 286//286 222//222
f 222//222 286//286 223//223
f 286//286 287//287 223//223
f 223//223 287//287 224//224
f 287//287 288//288 224//224
f 224//224 288//288 225//225
f 288//288 289//289 225//225
f 225//225 289//289 226//226
f 289//289 290//290 226//226
f 226//226 290//290 227//227
f 290//290 291//291 227//227
f 227//227 291//291 228//228
f 291//291 292//292 228//228
f 228//228 292//292 229//229
f 292//292 293//293 229//229
f 229//229 293//293 230//230
f 293//293 294//294 230//230
f 230//230 294//294 231//231
f 294//294 295//295 231//231
f 231//231 295//295 232//232
f 295//295 296//296 232//232
f 232//232 296//296 233//233
f 296//296 297//297 233//233
f 233//233 297//297 234//234
f 297//297 298//298 234//234
f 234//234 298//298 235//235
f 298//298 299//299 235//235
f 235//235 299//299 236//236
f 299//299 300//300 236//236
f 236//236 300//300 237//237
f 300//300 301//301 237//237
f 237//237 301//301 238//238
f 301//301 302//302 238//238
f 238//238 302//302 239//239
f 302//302 303//303 239//239
f 239//239 303//303 240//240
f 303//303 304//304 240//240
f 240//240 304//304 241//241
f 304//304 305//305 241//241
f 241//241 305//305 242//242
f 305//305 306//306 242//242
f 242//242 306//306 243//243
f 306//306 307//307 243//243
f 243//243 307//307 244//244
f 307//307 308//308 244//244
f 244//244 308//308 245//245
f 308//308 309//309 245//245
f 245//245 309//309 246//246
f 309//309 310//310 246//246
f 246//246 310//310 247//247
f 310//310 311//311 247//247
f 247//247 311//311 248//248
f 311//311 312//312 248//248
f 248//248 312//312 249//249
f 312//312 313//313 249//249
f 249//249 313//313 250//250
f 313//313 314//314 250//250
f 250//250 314//314 251//251
f 314//314 315//315 251//251
f 251//251 315//315 252//252
f 315//315 316//316 252//252
f 252//252 316//316 253//253
f 316//316 317//317 253//253
f 253//253 317//317 254//254
f 317//317 318//318 254//254
f 254//254 318//318 255//255
f 318//318 319//319 255//255
f 255//255 319//319 256//256
f 319//319 320//320 256//256
f 256//256 320//320 193//193
f 320//320 257//257 193//193
f 257//257 321//321 258//258
f 321//321 322//322 258//258
f 258//258 322//322 259//259
f 322//322 323//323 259//259
f 259//259 323//323 260//260
f 323//323 324//324 260//260
f 260//260 324//324 261//261
f 324//324 325//325 261//261
f 261//261 325//325 262//262
f 325//325 326//326 262//262
f 262//262 326//326 263//263
f 326//326 327//327 263//263
f 263//263 327//327 264//264
f 327//327 328//328 264//264
f 264//264 328//328 265//265
f 328//328 329//329 265//265
f 265//265 329//329 266//266
f 329//329 330//330 266//266
f 266//266 330//330 267//267
f 330//330 331//331 267//267
f 267//267 331//331 268//268
f 331//331 332//332 268//268
f 268//268 332//332 269//269
f 332//332 333//333 269//269
f 269//269 333//333 270//270
f 333//333 334//334 270//270
f 270//270 334//334 271//271
f 334//334 335//335 271//271
f 271//271 335//335 272//272
f 335//335 336//336 272//272
f 272//272 336//336 273//273
f 336//336 337//337 273//273
f 273//273 337//337 274//274
f 337//337 338//338 274//274
f 274//274 338//338 275//275
f 338//338 339//339 275//275
f 275//275 339//339 276//276
f 339//339 340//340 276//276
f 276//276 340//340 277//277
f 340//340 341//341 277//277
f 277//277 341//341 278//278
f 341//341 342//342 278//278
f 278//278 342//342 279//279
f 342//342 343//343 279//279
f 279//279 343//343 280//280
f 343//343 344//344 280//280
f 280//280 344//344 281//281
f 344//344 345//345 281//281
f 281//281 345//345 282//282
f 345//345 346//346 282//282
f 282//282 346//346 283//283
f 346//346 347//347 283//283
f 283//283 347//347 284//284
f 347//347 348//348 284//284
f 284//284 348//348 285//285
f 348//348 349//349 285//285
f 285//285 349//349 286//286
f 349//349 350//350 286//286
f 286//286 350//350 287//287
f 350//350 351//351 287//287
f 287//287 351//351 288//288
f 351//351 352//352 288//288
f 288//288 352//352 289//289
f 352//352 353//353 289//289
f 289//289 353//353 290//290
f 353//353 354//354 290//290
f 290//290 354//354 291//291
f 354//354 355//355 291//291
f 291//291 355//355 292//292
f 355//355 356//356 292//292
f 292//292 356//356 293//293
f 356//356 357//357 293//293
f 293//293 357//357 294//294
f 357//357 358//358 294//294
f 294//294 358//358 295//295
f 358//358 359//359 295//295
f 295//295 359//359 296//296
f 359//359 360//360 296//296
f 296//296 360//360 297//297
f 360//360 361//361 297//297
f 297//297 361//361 298//298
f 361//361 362//362 298//298
f 298//298 362//362 299//299
f 362//362 363//363 299//299
f 299//299 363//363 300//300
f 363//363 364//364 300//300
f 300//300 364//364 301//301
f 364//364 365//365 301//301
f 301//301 365//365 302//302
f 365//365 366//366 302//302
f 302//302 366//366 303//303
f 366//366 367//367 303//303
f 303//303 367//367 304//304
f 367//367 368//368 304//304
f 304//304 368//368 305//305
f 368//368 369//369 305//305
f 305//305 369//369 306//306
f 369//369 370//370 306//306
f 306//306 370//370 307//307
f 370//370 371//371 307//307
f 307//307 371//371 308//308
f 371//371 372//372 308//308
f 308//308 372//372 309//309
f 372//372 373//373 309//309
f 309//309 373//373 310//310
f 373//373 374//374 310//310
f 310//310 374//374 311//311
f 374//374 375//375 311//311
f 311//311 375//375 312//312
f 375//375 376//376 312//312
f 312//312 376//376 313//313
f 376//376 377//377 313//313
f 313//313 377//377 314//314
f 377//377 378//378 314//314
f 314//314 378//378 315//315
f 378//378 379//379 315//315
f 315//315 379//379 316//316
f 379//379 380//380 316//316
f 316//316 380//380 317//317
f 380//380 381//381 317//317
f 317//317 381//381 318//318
f 381//381 382//382 318//318
f 318//318 382//382 319//319
f 382//382 383//383 319//319
f 319//319 383//383 320//320
f 383//383 384//384 320//320
f 320//320 384//384 257//257
f 384//384 321//321 257//257
f 321//321 385//385 322//322
f 385//385 386//386 322//322
f 322//322 386//386 323//323
f 386//386 387//387 323//323
f 323//323 387//387 324//324
f 387//387 388//388 324//324
f 324//324 388//388 325//325
f 388//388 389//389 325//325
f 325//325 389//389 326//326
f 389//389 390//390 326//326
f 326//326 390//390 327//327
f 390//390 391//391 327//327
f 327//327 391//391 328//328
f 391//391 392//392 328//328
f 328//328 392//392 329//329
f 392//392 393//393 329//329
f 329//329 393//393 330//330
f 393//393 394//394 330//330
f 330//330 394//394 331//331
f 394//394 395//395 331//331
f 331//331 395//395 332//332
f 395//395 396//396 332//332
f 332//332 396//396 333//333
f 396//396 397//397 333//333
f 333//333 397//397 334//334
f 397//397 398//398 334//334
f 334//334 398//398 335//335
f 398//398 399//399 335//335
f 335//335 399//399 336//336
f 399//399 400//400 336//336
f 336//336 400//400 337//337
f 400//400 401//401 337//337
f 337//337 401//401 338//338
f 401//401 402//402 338//338
f 338//338 402//402 339//339
f 402//402 403//403 339//339
f 339//339 403//403 340//340
f 403//403 404//404 340//340
f 340//340 404//404 341//341
f 404//404 405//405 341//341
f 341//341 405//405 342//342
f 405//405 406//406 342//342
f 342//342 406//406 343//343
f 406//406 407//407 343//343
f 343//343 407//407 344//344
f 407//407 408//408 344//344
f 344//344 408//408 345//345
f 408//408 409//409 345//345
f 345//345 409//409 346//346
f 409//409 410//410 346//346
f 346//346 410//410 347//347
f 410//410 411//411 347//347
f 347//347 411//411 348//348
f 411//411 412//412 348//348
f 348//348 412//412 349//349
f 412//412 413//413 349//349
f 349//349 413//413 350//350
f 413//413 414//414 350//350
f 350//350 414//414 351//351
f 414//414 415//415 351//351
f 351//351 415//415 352//352
f 415//415 416//416 352//352
f 352//352 416//416 353//353
f 416//416 417//417 353//353
f 353//353 417//417 354//354
f 417//417 418//418 354//354
f 354//354 418//418 355//355
f 418//418 419//419 355//355
f 355//355 419//419 356//356
f 419//419 420//420 356//356
f 356//356 420//420 357//357
f 420//420 421//421 357//357
f 357//357 421//421 358//358
f 421//421 422//422 358//358
f 358//358 422//422 359//359
f 422//422 423//423 359//359
f 359//359 423//423 360//360
f 423//423 424//424 360//360
f 360//360 424//424 361//361
f 424//424 425//425 361//361
f 361//361 425//425 362//362
f 425//425 426//426 362//362
f 362//362 426//426 363//363
f 426//426 427//427 363//363
f 363//363 427//427 364//364
f 427//427 428//428 364//364
f 364//364 428//428 365//365
f 428//428 429//429 365//365
f 365//365 429//429 366//366
f 429//429 430//430 366//366
f 366//366 430//430 367//367
f 430//430 431//431 367//367
f 367//367 431//431 368//368
f 431//431 432//432 368//368
f 368//368 432//432 369//369
f 432//432 433//433 369//369
f 369//369 433//433 370//370
f 433//433 434//434 370//370
f 370//370 434//434 371//371
f 434//434 435//435 371//371
f 371//371 435//435 372//372
f 435//435 436//436 372//372
f 372//372 436//436 373//373
f 436//436 437//437 373//373
f 373//373 437//437 374//374
f 437//437 438//438 374//374
f 374//374 438//438 375//375
f 438//438 439//439 375//375
f 375//375 439//439 376//376
f 439//439 440//440 376//376
f 376//376 440//440 377//377
f 440//440 441//441 377//377
f 377//377 441//441 378//378
f 441//441 442//442 378//378
f 378//378 442//442 379//379
f 442//442 443//443 379//379
f 379//379 443//443 380//380
f 443//443 444//444 380//380
f 380//380 444//444 381//381
f 444//444 445//445 381//381
f 381//381 445//445 382//382
f 445//445 446//446 382//382
f 382//382 446//446 383//383
f 446//446 447//447 383//383
f 383//383 447//447 384//384
f 447//447 448//448 384//384
f 384//384 448//448 321//321
f 448//448 385//385 321//321
f 385//385 449//449 386//386
f 449//449 450//450 386//386
f 386//386 450//450 387//387
f 450//450 451//451 387//387
f 387//387 451//451 388//388
f 451//451 452//452 388//388
f 388//388 452//452 389//389
f 452//452 453//453 389//389
f 389//389 453//453 390//390
f 453//453 454//454 390//390
f 390//390 454//454 391//391
f 454//454 455//455 391//391
f 391//391 455//455 392//392
f 455//455 456//456 392//392
f 392//392 456//456 393//393
f 456//456 457//457 393//393
f 393//393 457//457 394//394
f 457//457 458//458 394//394
f 394//394 458//458 395//395
f 458//458 459//459 395//395
f 395//395 459//459 396//396
f 459//459 460//460 396//396
f 396//396 460//460 397//397
f 460//460 461//461 397//397
f 397//397 461//461 398//398
f 461//461 462//462 398//398
f 398//398 462//462 399//399
f 462//462 463//463 399//399
f 399//399 463//463 400//400
f 463//463 464//464 400//400
f 400//400 464//464 401//401
f 464//464 465//465 401//401
f 401//401 465//465 402//402
f 465//465 466//466 402//402
f 402//402 466//466 403//403
f 466//466 467//467 403//403
f 403//403 467//467 404//404
f 467//467 468//468 404//404
f 404//404 468//468 405//405
f 468//468 469//469 405//405
f 405//405 469//469 406//406
f 469//469 470//470 406//406
f 406//406 470//470 407//407
f 470//470 471//471 407//407
f 407//407 471//471 408//408
f 471//471 472//472 408//408
f 408//408 472//472 409//409
f 472//472 473//473 409//409
f 409//409 473//473 410//410
f 473//473 474//474 410//410
f 410//410 474//474 411//411
f 474//474 475//475 411//411
f 411//411 475//475 412//412
f 475//475 476//476 412//412
f 412//412 476//476 413//413
f 476//476 477//477 413//413
f 413//413 477//477 414//414
f 477//477 478//478 414//414
f 414//414 478//478 415//415
f 478//478 479//479 415//415
f 415//415 479//479 416//416
f 479//479 480//480 416//416
f 416//416 480//480 417//417
f 480//480 481//481 417//417
f 417//417 481//481 418//418
f 481//481 482//482 418//418
f 418//418 482//482 419//419
f 482//482 483//483 419//419
f 419//419 483//483 420//420
f 483//483 484//484 420//420
f 420//420 484//484 421//421
f 484//484 485//485 421//421
f 421//421 485//485 422//422
f 485//485 486//486 422//422
f 422//422 486//486 423//423
f 486//486 487//487 423//423
f 423//423 487//487 424//424
f 487//487 488//488 424//424
f 424//424 488//488 425//425
f 488//488 489//489 425//425
f 425//425 489//489 426//426
f 489//489 490//490 426//426
f 426//426 490//490 427//427
f 490//490 491//491 427//427
f 427//427 491//491 428//428
f 491//491 492//492 428//428
f 428//428 492//492 429//429
f 492//492 493//493 429//429
f 429//429 493//493 430//430
f 493//493 494//494 430//430
f 430//430 494//494 431//431
f 494//494 495//495 431//431
f 431//431 495//495 432//432
f 495//495 496//496 432//432
f 432//432 496//496 433//433
f 496//496 497//497 433//433
f 433//433 497//497 434//434
f 497//497 498//498 434//434
f 434//434 498//498 435//435
f 498//498 499//499 435//435
f 435//435 499//499 436//436
f 499//499 500//500 436//436
f 436//436 500//500 437//437
f 500//500 501//501 437//437
f 437//437 501//501 438//438
f 501//501 502//502 438//438
f 438//438 502//502 439//439
f 502//502 503//503 439//439
f 439//439 503//503 440//440
f 503//503 504//504 440//440
f 440//440 504//504 441//441
f 504//504 505//505 441//441
f 441//441 505//505 442//442
f 505//505 506//506 442//442
f 442//442 506//506 443//443
f 506//506 507//507 443//443
f 443//443 507//507 444//444
f 507//507 508//508 444//444
f 444//444 508//508 445//445
f 508//508 509//509 445//445
f 445//445 509//509 446//446
f 509//509 510//510 446//446
f 446//446 510//510 447//447
f 510//510 511//511 447//447
f 447//447 511//511 448//448
f 511//511 512//512 448//448
f 448//448 512//512 385//385
f 512//512 449//449 385//385
f 449//449 513//513 450//450
f 513//513 514//514 450//450
f 450//450 514//514 451//451
f 514//514 515//515 451//451
f 451//451 515//515 452//452
f 515//515 516//516 452//452
f 452//452 516//516 453//453
f 516//516 517//517 453//453
f 453//453 517//517 454//454
f 517//517 518//518 454//454
f 454//454 518//518 455//455
f 518//518 519//519 455//455
f 455//455 519//519 456//456
f 519//519 520//520 456//456
f 456//456 520//520 457//457
f 520//520 521//521 457//457
f 457//457 521//521 458//458
f 521//521 522//522 458//458
f 458//458 522//522 459//459
f 522//522 523//523 459//459
f 459//459 523//523 460//460
f 523//523 524//524 460//460
f 460//460 524//524 461//461
f 524//524 525//525 461//461
f 461//461 525//525 462//462
f 525//525 526//526 462//462
f 462//462 526//526 463//463
f 526//526 527//527 463//463
f 463//463 527//527 464//464
f 527//527 528//528 464//464
f 464//464 528//528 465//465
f 528//528 529//529 465//465
f 465//465 529//529 466//466
f 529//529 530//530 466//466
f 466//466 530//530 467//467
f 530//530 531//531 467//467
f 467//467 531//531 468//468
f 531//531 532//532 468//468
f 468//468 532//532 469//469
f 532//532 533//533 469//469
f 469//469 533//533 470//470
f 533//533 534//534 470//470
f 470//470 534//534 471//471
f 534//534 535//535 471//471
f 471//471 535//535 472//472
f 535//535 536//536 472//472
f 472//472 536//536 473//473
f 536//536 537//537 473//473
f 473//473 537//537 474//474
f 537//537 538//538 474//474
f 474//474 538//538 475//475
f 538//538 539//539 475//475
f 475//475 539//539 476//476
f 539//539 540//540 476//476
f 476//476 540//540 477//477
f 540//540 541//541 477//477
f 477//477 541//541 478//478
f 541//541 542//542 478//478
f 478//478 542//542 479//479
f 542//542 543//543 479//479
f 479//479 543//543 480//480
f 543//543 544//544 480//480
f 480//480 544//544 481//481
f 544//544 545//545 481//481
f 481//481 545//545 482//482
f 545//545 546//546 482//482
f 482//482 546//546 483//483
f 546//546 547//547 483//483
f 483//483 547//547 484//484
f 547//547 548//548 484//484
f 484//484 548//548 485//485
f 548//548 549//549 485//485
f 485//485 549//549 486//486
f 549//549 550//550 486//486
f 486//486 550//550 487//487
f 550//550 551//551 487//487
f 487//487 551//551 488//488
f 551//551 552//552 488//488
f 488//488 552//552 489//489
f 552//552 553//553 489//489
f 489//489 553//553 490//490
f 553//553 554//554 490//490
f 490//490 554//554 491//491
f 554//554 555//555 491//491
f 491//491 555//555 492//492
f 555//555 556//556 492//492
f 492//492 556//556 493//493
f 556//556 557//557 493//493
f 493//493 557//557 494//494
f 557//557 558//558 494//494
f 494//494 558//558 495//495
f 558//558 559//559 495//495
f 495//495 559//559 496//496
f 559//559 560//560 496//496
f 496//496 560//560 497//497
f 560//560 561//561 497//497
f 497//497 561//561 498//498
f 561//561 562//562 498//498
f 498//498 562//562 499//499
f 562//562 563//563 499//499
f 499//499 563//563 500//500
f 563//563 564//564 500//500
f 500//500 564//564 501//501
f 564//564 565//565 501//501
f 501//501 565//565 502//502
f 565//565 566//566 502//502
f 502//502 566//566 503//503
f 566//566 567//567 503//503
f 503//503 567//567 504//504
f 567//567 568//568 504//504
f 504//504 568//568 505//505
f 568//568 569//569 505//505
f 505//505 569//569 506//506
f 569//569 570//570 506//506
f 506//506 570//570 507//507
f 570//570 571//571 507//507
f 507//507 571//571 508//508
f 571//571 572//572 508//508
f 508//508 572//572 509//509
f 572//572 573//573 509//509
f 509//509 573//573 510//510
f 573//573 574//574 510//510
f 510//510 574//574 511//511
f 574//574 575//575 511//511
f 511//511 575//575 512//512
f 575//575 576//576 512//512
f 512//512 576//576 449//449
f 576//576 513//513 449//449
f 513//513 577//577 514//514
f 577//577 578//578 514//514
f 514//514 578//578 515//515
f 578//578 579//579 515//515
f 515//515 579//579 516//516
f 579//579 580//580 516//516
f 516//516 580//580 517//517
f 580//580 581//581 517//517
f 517//517 581//581 518//518
f 581//581 582//582 518//518
f 518//518 582//582 519//519
f 582//582 583//583 519//519
f 519//519 583//583 520//520
f 583//583 584//584 520//520
f 520//520 584//584 521//521
f 584//584 585//585 521//521
f 521//521 585//585 522//522
f 585//585 586//586 522//522
f 522//522 586//586 523//523
f 586//586 587//587 523//523
f 523//523 587//587 524//524
f 587//587 588//588 524//524
f 524//524 588//588 525//525
f 588//588 589//589 525//525
f 525//525 589//589 526//526
f 589//589 590//590 526//526
f 526//526 590//590 527//527
f 590//590 591//591 527//527
f 527//527 591//591 528//528
f 591//591 592//592 528//528
f 528//528 592//592 529//529
f 592//592 593//593 529//529
f 529//529 593//593 530//530
f 593//593 594//594 530//530
f 530//530 594//594 531//531
f 594//594 595//595 531//531
f 531//531 595//595 532//532
f 595//595 596//596 532//532
f 532//532 596//596 533//533
f 596//596 597//597 533//533
f 533//533 597//597 534//534
f 597//597 598//598 534//534
f 534//534 598//598 535//535
f 598//598 599//599 535//535
f 535//535 599//599 536//536
f 599//599 600//600 536//536
f 536//536 600//600 537//537
f 600//600 601//601 537//537
f 537//537 601//601 538//538
f 601//601 602//602 538//538
f 538//538 602//602 539//539
f 602//602 603//603 539//539
f 539//539 603//603 540//540
f 603//603 604//604 540//540
f 540//540 604//604 541//541
f 604//604 605//605 541//541
f 541//541 605//605 542//542
f 605//605 606//606 542//542
f 542//542 606//606 543//543
f 606//606 607//607 543//543
f 543//543 607//607 544//544
f 607//607 608//608 544//544
f 544//544 608//608 545//545
f 608//608 609//609 545//545
f 545//545 609//609 546//546
f 609//609 610//610 546//546
f 546//546 610//610 547//547
f 610//610 611//611 547//547
f 547//547 611//611 548//548
f 611//611 612//612 548//548
f 548//548 612//612 549//549
f 612//612 613//613 549//549
f 549//549 613//613 550//550
f 613//613 614//614 550//550
f 550//550 614//614 551//551
f 614//614 615//615 551//551
f 551//551 615//615 552//552
f 615//615 616//616 552//552
f 552//552 616//616 553//553
f 616//616 617//617 553//553
f 553//553 617//617 554//554
f 617//617 618//618 554//554
f 554//554 618//618 555//555
f 618//618 619//619 555//555
f 555//555 619//619 556//556
f 619//619 620//620 556//556
f 556//556 620//620 557//557
f 620//620 621//621 557//557
f 557//557 621//621 558//558
f 621//621 622//622 558//558
f 558//558 622//622 559//559
f 622//622 623//623 559//559
f 559//559 623//623 560//560
f 623//623 624//624 560//560
f 560//560 624//624 561//561
f 624//624 625//625 561//561
f 561//561 625//625 562//562
f 625//625 626//626 562//562
f 562//562 626//626 563//563
f 626//626 627//627 563//563
f 563//563 627//627 564//564
f 627//627 628//628 564//564
f 564//564 628//628 565//565
f 628//628 629//629 565//565
f 565//565 629//629 566//566
f 629//629 630//630 566//566
f 566//566 630//630 567//567
f 630//630 631//631 567//567
f 567//567 631//631 568//568
f 631//631 632//632 568//568
f 568//568 632//632 569//569
f 632//632 633//633 569//569
f 569//569 633//633 570//570
f 633//633 634//634 570//570
f 570//570 634//634 571//571
f 634//634 635//635 571//571
f 571//571 635//635 572//572
f 635//635 636//636 572//572
f 572//572 636//636 573//573
f 636//636 637//637 573//573
f 573//573 637//637 574//574
f 637//637 638//638 574//574
f 574//574 638//638 575//575
f 638//638 639//639 575//575
f 575//575 639//639 576//576
f 639//639 640//640 576//576
f 576//576 640//640 513//513
f 640//640 577//577 513//513
f 577//577 641//641 578//578
f 641//641 642//642 578//578
f 578//578 642//642 579//579
f 642//642 643//643 579//579
f 579//579 643//643 580//580
f 643//643 644//644 580//580
f 580//580 644//644 581//581
f 644//644 645//645 581//581
f 581//581 645//645 582//582
f 645//645 646//646 582//582
f 582//582 646//646 583//583
f 646//646 647//647 583//583
f 583//583 647//647 584//584
f 647//647 648//648 584//584
f 584//584 648//648 585//585
f 648//648 649//649 585//585
f 585//585 649//649 586//586
f 649//649 650//650 586//586
f 586//586 650//650 587//587
f 650//650 651//651 587//587
f 587//587 651//651 588//588
f 651//651 652//652 588//588
f 588//588 652//652 589//589
f 652//652 653//653 589//589
f 589//589 653//653 590//590
f 653//653 654//654 590//590
f 590//590 654//654 591//591
f 654//654 655//655 591//591
f 591//591 655//655 592//592
f 655//655 656//656 592//592
f 592//592 656//656 593//593
f 656//656 657//657 593//593
f 593//593 657//657 594//594
f 657//657 658//658 594//594
f 594//594 658//658 595//595
f 658//658 659//659 595//595
f 595//595 659//659 596//596
f 659//659 660//660 596//596
f 596//596 660//660 597//597
f 660//660 661//661 597//597
f 597//597 661//661 598//598
f 661//661 662//662 598//598
f 598//598 662//662 599//599
f 662//662 663//663 599//599
f 599//599 663//663 600//600
f 663//663 664//664 600//600
f 600//600 664//664 601//601
f 664//664 665//665 601//601
f 601//601 665//665 602//602
f 665//665 666//666 602//602
f 602//602 666//666 603//603
f 666//666 667//667 603//603
f 603//603 667//667 604//604
f 667//667 668//668 604//604
f 604//604 668//668 605//605
f 668//668 669//669 605//605
f 605//605 669//669 606//606
f 669//669 670//670 606//606
f 606//606 670//670 607//607
f 670//670 671//671 607//607
f 607//607 671//671 608//608
f 671//671 672//672 608//608
f 608//608 672//672 609//609
f 672//672 673//673 609//609
f 609//609 673//673 610//610
f 673//673 674//674 610//610
f 610//610 674//674 611//611
f 674//674 675//675 611//611
f 611//611 675//675 612//612
f 675//675 676//676 612//612
f 612//612 676//676 613//613
f 676//676 677//677 613//613
f 613//613 677//677 614//614
f 677//677 678//678 614//614
f 614//614 678//678 615//615
f 678//678 679//679 615//615
f 615//615 679//679 616//616
f 679//679 680//680 616//616
f 616//616 680//680 617//617
f 680//680 681//681 617//617
f 617//617 681//681 618//618
f 681//681 682//682 618//618
f 618//618 682//682 619//619
f 682//682 683//683 619//619
f 619//619 683//683 620//620
f 683//683 684//684 620//620
f 620//620 684//684 621//621
f 684//684 685//685 621//621
f 621//621 685//685 622//622
f 685//685 686//686 622//622
f 622//622 686//686 623//623
f 686//686 687//687 623//623
f 623//623 687//687 624//624
f 687//687 688//688 624//624
f 624//624 688//688 625//625
f 688//688 689//689 625//625
f 625//625 689//689 626//626
f 689//689 690//690 626//626
f 626//626 690//690 627//627
f 690//690 691//691 627//627
f 627//627 691//691 628//628
f 691//691 692//692 628//628
f 628//628 692//692 629//629
f 692//692 693//693 629//629
f 629//629 693//693 630//630
f 693//693 694//694 630//630
f 630//630 694//694 631//631
f 694//694 695//695 631//631
f 631//631 695//695 632//632
f 695//695 696//696 632//632
f 632//632 696//696 633//633
f 696//696 697//697 633//633
f 633//633 697//697 634//634
f 697//697 698//698 634//634
f 634//634 698//698 635//635
f 698//698 699//699 635//635
f 635//635 699//699 636//636
f 699//699 700//700 636//636
f 636//636 700//700 637//637
f 700//700 701//701 637//637
f 637//637 701//701 638//638
f 701//701 702//702 638//638
f 638//638 702//702 639//639
f 702//702 703//703 639//639
f 639//639 703//703 640//640
f 703//703 704//704 640//640
f 640//640 704//704 577//577
f 704//704 641//641 577//577
f 641//641 705//705 642//642
f 705//705 706//706 642//642
f 642//642 706//706 643//643
f 706//706 707//707 643//643
f 643//643 707//707 644//644
f 707//707 708//708 644//644
f 644//644 708//708 645//645
f 708//708 709//709 645//645
f 645//645 709//709 646//646
f 709//709 710//710 646//646
f 646//646 710//710 647//647
f 710//710 711//711 647//647
f 647//647 711//711 648//648
f 711//711 712//712 648//648
f 648//648 712//712 649//649
f 712//712 713//713 649//649
f 649//649 713//713 650//650
f 713//713 714//714 650//650
f 650//650 714//714 651//651
f 714//714 715//715 651//651
f 651//651 715//715 652//652
f 715//715 716//716 652//652
f 652//652 716//716 653//653
f 716//716 717//717 653//653
f 653//653 717//717 654//654
f 717//717 718//718 654//654
f 654//654 718//718 655//655
f 718//718 719//719 655//655
f 655//655 719//719 656//656
f 719//719 720//720 656//656
f 656//656 720//720 657//657
f 720//720 721//721 657//657
f 657//657 721//721 658//658
f 721//721 722//722 658//658
f 658//658 722//722 659//659
f 722//722 723//723 659//659
f 659//659 723//723 660//660
f 723//723 724//724 660//660
f 660//660 724//724 661//661
f 724//724 725//725 661//661
f 661//661 725//725 662//662
f 725//725 726//726 662//662
f 662//662 726//726 663//663
f 726//726 727//727 663//663
f 663//663 727//727 664//664
f 727//727 728//728 664//664
f 664//664 728//728 665//665
f 728//728 729//729 665//665
f 665//665 729//729 666//666
f 729//729 730//730 666//666
f 666//666 730//730 667//667
f 730//730 731//731 667//667
f 667//667 731//731 668//668
f 731//731 732//732 668//668
f 668//668 732//732 669//669
f 732//732 733//733 669//669
f 669//669 733//733 670//670
f 733//733 734//734 670//670
f 670//670 734//734 671//671
f 734//734 735//735 671//671
f 671//671 735//735 672//672
f 735//735 736//736 672//672
f 672//672 736//736 673//673
f 736//736 737//737 673//673
f 673//673 737//737 674//674
f 737//737 738//738 674//674
f 674//674 738//738 675//675
f 738//738 739//739 675//675
f 675//675 739//739 676//676
f 739//739 740//740 676//676
f 676//676 740//740 677//677
f 740//740 741//741 677//677
f 677//677 741//741 678//678
f 741//741 742//742 678//678
f 678//678 742//742 679//679
f 742//742 743//743 679//679
f 679//679 743//743 680//680
f 743//743 744//744 680//680
f 680//680 744//744 681//681
f 744//744 745//745 681//681
f 681//681 745//745 682//682
f 745//745 746//746 682//682
f 682//682 746//746 683//683
f 746//746 747//747 683//683
f 683//683 747//747 684//684
f 747//747 748//748 684//684
f 684//684 748//748 685//685
f 748//748 749//749 685//685
f 685//685 749//749 686//686
f 749//749 750//750 686//686
f 686//686 750//750 687//687
f 750//750 751//751 687//687
f 687//687 751//751 688//688
f 751//751 752//752 688//688
f 688//688 752//752 689//689
f 752//752 753//753 689//689
f 689//689 753//753 690//690
f 753//753 754//754 690//690
f 690//690 754//754 691//691
f 754//754 755//755 691//691
f 691//691 755//755 692//692
f 755//755 756//756 692//692
f 692//692 756//756 693//693
f 756//756 757//757 693//693
f 693//693 757//757 694//694
f 757//757 758//758 694//694
f 694//694 758//758 695//695
f 758//758 759//759 695//695
f 695//695 759//759 696//696
f 759//759 760//760 696//696
f 696//696 760//760 697//697
f 760//760 761//761 697//697
f 697//697 761//761 698//698
f 761//761 762//762 698//698
f 698//698 762//762 699//699
f 762//762 763//763 699//699
f 699//699 763//763 700//700
f 763//763 764//764 700//700
f 700//700 764//764 701//701
f 764//764 765//765 701//701
f 701//701 765//765 702//702
f 765//765 766//766 702//702
f 702//702 766//766 703//703
f 766//766 767//767 703//703
f 703//703 767//767 704//704
f 767//767 768//768 704//704
f 704//704 768//768 641//641
f 768//768 705//705 641//641
f 705//705 769//769 706//706
f 769//769 770//770 706//706
f 706//706 770//770 707//707
f 770//770 771//771 707//707
f 707//707 771//771 708//708
f 771//771 772//772 708//708
f 708//708 772//772 709//709
f 772//772 773//773 709//709
f 709//709 773//773 710//710
f 773//773 774//774 710//710
f 710//710 774//774 711//711
f 774//774 775//775 711//711
f 711//711 775//775 712//712
f 775//775 776//776 712//712
f 712//712 776//776 713//713
f 776//776 777//777 713//713
f 713//713 777//777 714//714
f 777//777 778//778 714//714
f 714//714 778//778 715//715
f 778//778 779//779 715//715
f 715//715 779//779 716//716
f 779//779 780//780 716//716
f 716//716 780//780 717//717
f 780//780 781//781 717//717
f 717//717 781//781 718//718
f 781//781 782//782 718//718
f 718//718 782//782 719//719
f 782//782 783//783 719//719
f 719//719 783//783 720//720
f 783//783 784//784 720//720
f 720//720 784//784 721//721
f 784//784 785//785 721//721
f 721//721 785//785 722//722
f 785//785 786//786 722//722
f 722//722 786//786 723//723
f 786//786 787//787 723//723
f 723//723 787//787 724//724
f 787//787 788//788 724//724
f 724//724 788//788 725//725
f 788//788 789//789 725//725
f 725//725 789//789 726//726
f 789//789 790//790 726//726
f 726//726 790//790 727//727
f 790//790 791//791 727//727
f 727//727 791//791 728//728
f 791//791 792//792 728//728
f 728//728 792//792 729//729
f 792//792 793//793 729//729
f 729//729 793//793 730//730
f 793//793 794//794 730//730
f 730//730 794//794 731//731
f 794//794 795//795 731//731
f 731//731 795//795 732//732
f 795//795 796//796 732//732
f 732//732 796//796 733//733
f 796//796 797//797 733//733
f 733//733 797//797 734//734
f 797//797 798//798 734//734
f 734//734 798//798 735//735
f 798//798 799//799 735//735
f 735//735 799//799 736//736
f 799//799 800//800 736//736
f 736//736 800//800 737//737
f 800//800 801//801 737//737
f 737//737 801//801 738//738
f 801//801 802//802 738//738
f 738//738 802//802 739//739
f 802//802 803//803 739//739
f 739//739 803//803 740//740
f 803//803 804//804 740//740
f 740//740 804//804 741//741
f 804//804 805//805 741//741
f 741//741 805//805 742//742
f 805//805 806//806 742//742
f 742//742 806//806 743//743
f 806//806 807//807 743//743
f 743//743 807//807 744//744
f 807//807 808//808 744//744
f 744//744 808//808 745//745
f 808//808 809//809 745//745
f 745//745 809//809 746//746
f 809//809 810//810 746//746
f 746//746 810//810 747//747
f 810//810 811//811 747//747
f 747//747 811//811 748//748
f 811//811 812//812 748//748
f 748//748 812//812 749//749
f 812//812 813//813 749//749
f 749//749 813//813 750//750
f 813//813 814//814 750//750
f 750//750 814//814 751//751
f 814//814 815//815 751//751
f 751//751 815//815 752//752
f 815//815 816//816 752//752
f 752//752 816//816 753//753
f 816//816 817//817 753//753
f 753//753 817//817 754//754
f 817//817 818//818 754//754
f 754//754 818//818 755//755
f 818//818 819//819 755//755
f 755//755 819//819 756//756
f 819//819 820//820 756//756
f 756//756 820//820 757//757
f 820//820 821//821 757//757
f 757//757 821//821 758//758
f 821//821 822//822 758//758
f 758//758 822//822 759//759
f 822//822 823//823 759//759
f 759//759 823//823 760//760
f 823//823 824//824 760//760
f 760//760 824//824 761//761
f 824//824 825//825 761//761
f 761//761 825//825 762//762
f 825//825 826//826 762//762
f 762//762 826//826 763//763
f 826//826 827//827 763//763
f 763//763 827//827 764//764
f 827//827 828//828 764//764
f 764//764 828//828 765//765
f 828//828 829//829 765//765
f 765//765 829//829 766//766
f 829//829 830//830 766//766
f 766//766 830//830 767//767
f 830//830 831//831 767//767
f 767//767 831//831 768//768
f 831//831 832//832 768//768
f 768//768 832//832 705//705
f 832//832 769//769 705//705
f 769//769 833//833 770//770
f 833//833 834//834 770//770
f 770//770 834//834 771//771
f 834//834 835//835 771//771
f 771//771 835//835 772//772
f 835//835 836//836 772//772
f 772//772 836//836 773//773
f 836//836 837//837 773//773
f 773//773 837//837 774//774
f 837//837 838//838 774//774
f 774//774 838//838 775//775
f 838//838 839//839 775//775
f 775//775 839//839 776//776
f 839//839 840//840 776//776
f 776//776 840//840 777//777
f 840//840 841//841 777//777
f 777//777 841//841 778//778
f 841//841 842//842 778//778
f 778//778 842//842 779//779
f 842//842 843//843 779//779
f 779//779 843//843 780//780
f 843//843 844//844 780//780
f 780//780 844//844 781//781
f 844//844 845//845 781//781
f 781//781 845//845 782//782
f 845//845 846//846 782//782
f 782//782 846//846 783//783
f 846//846 847//847 783//783
f 783//783 847//847 784//784
f 847//847 848//848 784//784
f 784//784 848//848 785//785
f 848//848 849//849 785//785
f 785//785 849//849 786//786
f 849//849 850//850 786//786
f 786//786 850//850 787//787
f 850//850 851//851 787//787
f 787//787 851//851 788//788
f 851//851 852//852 788//788
f 788//788 852//852 789//789
f 852//852 853//853 789//789
f 789//789 853//853 790//790
f 853//853 854//854 790//790
f 790//790 854//854 791//791
f 854//854 855//855 791//791
f 791//791 855//855 792//792
f 855//855 856//856 792//792
f 792//792 856//856 793//793
f 856//856 857//857 793//793
f 793//793 857//857 794//794
f 857//857 858//858 794//794
f 794//794 858//858 795//795
f 858//858 859//859 795//795
f 795//795 859//859 796//796
f 859//859 860//860 796//796
f 796//796 860//860 797//797
f 860//860 861//861 797//797
f 797//797 861//861 798//798
f 861//861 862//862 798//798
f 798//798 862//862 799//799
f 862//862 863//863 799//799
f 799//799 863//863 800//800
f 863//863 864//864 800//800
f 800//800 864//864 801//801
f 864//864 865//865 801//801
f 801//801 865//865 802//802
f 865//865 866//866 802//802
f 802//802 866//866 803//803
f 866//866 867//867 803//803
f 803//803 867//867 804//804
f 867//867 868//868 804//804
f 804//804 868//868 805//805
f 868//868 869//869 805//805
f 805//805 869//869 806//806
f 869//869 870//870 806//806
f 806//806 870//870 807//807
f 870//870 871//871 807//807
f 807//807 871//871 808//808
f 871//871 872//872 808//808
f 808//808 872//872 809//809
f 872//872 873//873 809//809
f 809//809 873//873 810//810
f 873//873 874//874 810//810
f 810//810 874//874 811//811
f 874//874 875//875 811//811
f 811//811 875//875 812//812
f 875//875 876//876 812//812
f 812//812 876//876 813//813
f 876//876 877//877 813//813
f 813//813 877//877 814//814
f 877//877 878//878 814//814
f 814//814 878//878 815//815
f 878//878 879//879 815//815
f 815//815 879//879 816//816
f 879//879 880//880 816//816
f 816//816 880//880 817//817
f 880//880 881//881 817//817
f 817//817 881//881 818//818
f 881//881 882//882 818//818
f 818//818 882//882 819//819
f 882//882 883//883 819//819
f 819//819 883//883 820//820
f 883//883 884//884 820//820
f 820//820 884//884 821//821
f 884//884 885//885 821//821
f 821//821 885//885 822//822
f 885//885 886//886 822//822
f 822//822 886//886 823//823
f 886//886 887//887 823//823
f 823//823 887//887 824//824
f 887//887 888//888 824//824
f 824//824 888//888 825//825
f 888//888 889//889 825//825
f 825//825 889//889 826//826
f 889//889 890//890 826//826
f 826//826 890//890 827//827
f 890//890 891//891 827//827
f 827//827 891//891 828//828
f 891//891 892//892 828//828
f 828//828 892//892 829//829
f 892//892 893//893 829//829
f 829//829 893//893 830//830
f 893//893 894//894 830//830
f 830//830 894//894 831//831
f 894//894 895//895 831//831
f 831//831 895//895 832//832
f 895//895 896//896 832//832
f 832//832 896//896 769//769
f 896//896 833//833 769//769
f 833//833 897//897 834//834
f 897//897 898//898 834//834
f 834//834 898//898 835//835
f 898//898 899//899 835//835
f 835//835 899//899 836//836
f 899//899 900//900 836//836
f 836//836 900//900 837//837
f 900//900 901//901 837//837
f 837//837 901//901 838//838
f 901//901 902//902 838//838
f 838//838 902//902 839//839
f 902//902 903//903 839//839
f 839//839 903//903 840//840
f 903//903 904//904 840//840
f 840//840 904//904 841//841
f 904//904 905//905 841//841
f 841//841 905//905 842//842
f 905//905 906//906 842//842
f 842//842 906//906 843//843
f 906//906 907//907 843//843
f 843//843 907//907 844//844
f 907//907 908//908 844//844
f 844//844 908//908 845//845
f 908//908 909//909 845//845
f 845//845 909//909 846//846
f 909//909 910//910 846//846
f 846//846 910//910 847//847
f 910//910 911//911 847//847
f 847//847 911//911 848//848
f 911//911 912//912 848//848
f 848//848 912//912 849//849
f 912//912 913//913 849//849
f 849//849 913//913 850//850
f 913//913 914//914 850//850
f 850//850 914//914 851//851
f 914//914 915//915 851//851
f 851//851 915//915 852//852
f 915//915 916//916 852//852
f 852//852 916//916 853//853
f 916//916 917//917 853//853
f 853//853 917//917 854//854
f 917//917 918//918 854//854
f 854//854 918//918 855//855
f 918//918 919//919 855//855
f 855//855 919//919 856//856
f 919//919 920//920 856//856
f 856//856 920//920 857//857
f 920//920 921//921 857//857
f 857//857 921//921 858//858
f 921//921 922//922 858//858
f 858//858 922//922 859//859
f 922//922 923//923 859//859
f 859//859 923//923 860//860
f 923//923 924//924 860//860
f 860//860 924//924 861//861
f 924//924 925//925 861//861
f 861//861 925//925 862//862
f 925//925 926//926 862//862
f 862//862 926//926 863//863
f 926//926 927//927 863//863
f 863//863 927//927 864//864
f 927//927 928//928 864//864
f 864//864 928//928 865//865
f 928//928 929//929 865//865
f 865//865 929//929 866//866
f 929//929 930//930 866//866
f 866//866 930//930 867//867
f 930//930 931//931 867//867
f 867//867 931//931 868//868
f 931//931 932//932 868//868
f 868//868 932//932 869//869
f 932//932 933//933 869//869
f 869//869 933//933 870//870
f 933//933 934//934 870//870
f 870//870 934//934 871//871
f 934//934 935//935 871//871
f 871//871 935//935 872//872
f 935//935 936//936 872//872
f 872//872 936//936 873//873
f 936//936 937//937 873//873
f 873//873 937//937 874//874
f 937//937 938//938 874//874
f 874//874 938//938 875//875
f 938//938 939//939 875//875
f 875//875 939//939 876//876
f 939//939 940//940 876//876
f 876//876 940//940 877//877
f 940//940 941//941 877//877
f 877//877 941//941 878//878
f 941//941 942//942 878//878
f 878//878 942//942 879//879
f 942//942 943//943 879//879
f 879//879 943//943 880//880
f 943//943 944//944 880//880
f 880//880 944//944 881//881
f 944//944 945//945 881//881
f 881//881 945//945 882//882
f 945//945 946//946 882//882
f 882//882 946//946 883//883
f 946//946 947//947 883//883
f 883//883 947//947 884//884
f 947//947 948//948 884//884
f 884//884 948//948 885//885
f 948//948 949//949 885//885
f 885//885 949//949 886//886
f 949//949 950//950 886//886
f 886//886 950//950 887//887
f 950//950 951//951 887//887
f 887//887 951//951 888//888
f 951//951 952//952 888//888
f 888//888 952//952 889//889
f 952//952 953//953 889//889
f 889//889 953//953 890//890
f 953//953 954//954 890//890
f 890//890 954//954 891//891
f 954//954 955//955 891//891
f 891//891 955//955 892//892
f 955//955 956//956 892//892
f 892//892 956//956 893//893
f 956//956 957//957 893//893
f 893//893 957//957 894//894
f 957//957 958//958 894//894
f 894//894 958//958 895//895
f 958//958 959//959 895//895
f 895//895 959//959 896//896
f 959//959 960//960 896//896
f 896//896 960//960 833//833
f 960//960 897//897 833//833
f 897//897 961//961 898//898
f 961//961 962//962 898//898
f 898//898 962//962 899//899
f 962//962 963//963 899//899
f 899//899 963//963 900//900
f 963//963 964//964 900//900
f 900//900 964//964 901//901
f 964//964 965//965 901//901
f 901//901 965//965 902//902
f 965//965 966//966 902//902
f 902//902 966//966 903//903
f 966//966 967//967 903//903
f 903//903 967//967 904//904
f 967//967 968//968 904//904
f 904//904 968//968 905//905
f 968//968 969//969 905//905
f 905//905 969//969 906//906
f 969//969 970//970 906//906
f 906//906 970//970 907//907
f 970//970 971//971 907//907
f 907//907 971//971 908//908
f 971//971 972//972 908//908
f 908//908 972//972 909//909
f 972//972 973//973 909//909
f 909//909 973//973 910//910
f 973//973 974//974 910//910
f 910//910 974//974 911//911
f 974//974 975//975 911//911
f 911//911 975//975 912//912
f 975//975 976//976 912//912
f 912//912 976//976 913//913
f 976//976 977//977 913//913
f 913//913 977//977 914//914
f 977//977 978//978 914//914
f 914//914 978//978 915//915
f 978//978 979//979 915//915
f 915//915 979//979 916//916
f 979//979 980//980 916//916
f 916//916 980//980 917//917
f 980//980 981//981 917//917
f 917//917 981//981 918//918
f 981//981 982//982 918//918
f 918//918 982//982 919//919
f 982//982 983//983 919//919
f 919//919 983//983 920//920
f 983//983 984//984 920//920
f 920//920 984//984 921//921
f 984//984 985//985 921//921
f 921//921 985//985 922//922
f 985//985 986//986 922//922
f 922//922 986//986 923//923
f 986//986 987//987 923//923
f 923//923 987//987 924//924
f 987//987 988//988 924//924
f 924//924 988//988 925//925
f 988//988 989//989 925//925
f 925//925 989//989 926//926
f 989//989 990//990 926//926
f 926//926 990//990 927//927
f 990//990 991//991 927//927
f 927//927 991//991 928//928
f 991//991 992//992 928//928
f 928//928 992//992 929//929
f 992//992 993//993 929//929
f 929//929 993//993 930//930
f 993//993 994//994 930//930
f 930//930 994//994 931//931
f 994//994 995//995 931//931
f 931//931 995//995 932//932
f 995//995 996//996 932//932
f 932//932 996//996 933//933
f 996//996 997//997 933//933
f 933//933 997//997 934//934
f 997//997 998//998 934//934
f 934//934 998//998 935//935
f 998//998 999//999 935//935
f 935//935 999//999 936//936
f 999//999 1000//1000 936//936
f 936//936 1000//1000 937//937
f 1000//1000 1001//1001 937//937
f 937//937 1001//1001 938//938
f 1001//1001 1002//1002 938//938
f 938//938 1002//1002 939//939
f 1002//1002 1003//1003 939//939
f 939//939 1003//1003 940//940
f 1003//1003 1004//1004 940//940
f 940//940 1004//1004 941//941
f 1004//1004 1005//1005 941//941
f 941//941 1005//1005 942//942
f 1005//1005 1006//1006 942//942
f 942//942 1006//1006 943//943
f 1006//1006 1007//1007 943//943
f 943//943 1007//1007 944//944
f 1007//1007 1008//1008 944//944
f 944//944 1008//1008 945//945
f 1008//1008 1009//1009 945//945
f 945//945 1009//1009 946//946
f 1009//1009 1010//1010 946//946
f 946//946 1010//1010 947//947
f 1010//1010 1011//1011 947//947
f 947//947 1011//1011 948//948
f 1011//1011 1012//1012 948//948
f 948//948 1012//1012 949//949
f 1012//1012 1013//1013 949//949
f 949//949 1013//1013 950//950
f 1013//1013 1014//1014 950//950
f 950//950 1014//1014 951//951
f 1014//1014 1015//1015 951//951
f 951//951 1015//1015 952//952
f 1015//1015 1016//1016 952//952
f 952//952 1016//1016 953//953
f 1016//1016 1017//1017 953//953
f 953//953 1017//1017 954//954
f 1017//1017 1018//1018 954//954
f 954//954 1018//1018 955//955
f 1018//1018 1019//1019 955//955
f 955//955 1019//1019 956//956
f 1019//1019 1020//1020 956//956
f 956//956 1020//1020 957//957
f 1020//1020 1021//1021 957//957
f 957//957 1021//1021 958//958
f 1021//1021 1022//1022 958//958
f 958//958 1022//1022 959//959
f 1022//1022 1023//1023 959//959
f 959//959 1023//1023 960//960
f 1023//1023 1024//1024 960//960
f 960//960 1024//1024 897//897
f 1024//1024 961//961 897//897
f 961//961 1025//1025 962//962
f 1025//1025 1026//1026 962//962
f 962//962 1026//1026 963//963
f 1026//1026 1027//1027 963//963
f 963//963 1027//1027 964//964
f 1027//1027 1028//1028 964//964
f 964//964 1028//1028 965//965
f 1028//1028 1029//1029 965//965
f 965//965 1029//1029 966//966
f 1029//1029 1030//1030 966//966
f 966//966 1030//1030 967//967
f 1030//1030 1031//1031 967//967
f 967//967 1031//1031 968//968
f 1031//1031 1032//1032 968//968
f 968//968 1032//1032 969//969
f 1032//1032 1033//1033 969//969
f 969//969 1033//1033 970//970
f 1033//1033 1034//1034 970//970
f 970//970 1034//1034 971//971
f 1034//1034 1035//1035 971//971
f 971//971 1035//1035 972//972
f 1035//1035 1036//1036 972//972
f 972//972 1036//1036 973//973
f 1036//1036 1037//1037 973//973
f 973//973 1037//1037 974//974
f 1037//1037 1038//1038 974//974
f 974//974 1038//1038 975//975
f 1038//1038 1039//1039 975//975
f 975//975 1039//1039 976//976
f 1039//1039 1040//1040 976//976
f 976//976 1040//1040 977//977
f 1040//1040 1041//1041 977//977
f 977//977 1041//1041 978//978
f 1041//1041 1042//1042 978//978
f 978//978 1042//1042 979//979
f 1042//1042 1043//1043 979//979
f 979//979 1043//1043 980//980
f 1043//1043 1044//1044 980//980
f 980//980 1044//1044 981//981
f 1044//1044 1045//1045 981//981
f 981//981 1045//1045 982//982
f 1045//1045 1046//1046 982//982
f 982//982 1046//1046 983//983
f 1046//1046 1047//1047 983//983
f 983//983 1047//1047 984//984
f 1047//1047 1048//1048 984//984
f 984//984 1048//1048 985//985
f 1048//1048 1049//1049 985//985
f 985//985 1049//1049 986//986
f 1049//1049 1050//1050 986//986
f 986//986 1050//1050 987//987
f 1050//1050 1051//1051 987//987
f 987//987 1051//1051 988//988
f 1051//1051 1052//1052 988//988
f 988//988 1052//1052 989//989
f 1052//1052 1053//1053 989//989
f 989//989 1053//1053 990//990
f 1053//1053 1054//1054 990//990
f 990//990 1054//1054 991//991
f 1054//1054 1055//1055 991//991
f 991//991 1055//1055 992//992
f 1055//1055 1056//1056 992//992
f 992//992 1056//1056 993//993
f 1056//1056 1057//1057 993//993
f 993//993 1057//1057 994//994
f 1057//1057 1058//1058 994//994
f 994//994 1058//1058 995//995
f 1058//1058 1059//1059 995//995
f 995//995 1059//1059 996//996
f 1059//1059 1060//1060 996//996
f 996//996 1060//1060 997//997
f 1060//1060 1061//1061 997//997
f 997//997 1061//1061 998//998
f 1061//1061 1062//1062 998//998
f 998//998 1062//1062 999//999
f 1062//1062 1063//1063 999//999
f 999//999 1063//1063 1000//1000
f 1063//1063 1064//1064 1000//1000
f 1000//1000 1064//1064 1001//1001
f 1064//1064 1065//1065 1001//1001
f 1001//1001 1065//1065 1002//1002
f 1065//1065 1066//1066 1002//1002
f 1002//1002 1066//1066 1003//1003
f 1066//1066 1067//1067 1003//1003
f 1003//1003 1067//1067 1004//1004
f 1067//1067 1068//1068 1004//1004
f 1004//1004 1068//1068 1005//1005
f 1068//1068 1069//1069 1005//1005
f 1005//1005 1069//1069 1006//1006
f 1069//1069 1070//1070 1006//1006
f 1006//1006 1070//1070 1007//1007
f 1070//1070 1071//1071 1007//1007
f 1007//1007 1071//1071 1008//1008
f 1071//1071 1072//1072 1008//1008
f 1008//1008 1072//1072 1009//1009
f 1072//1072 1073//1073 1009//1009
f 1009//1009 1073//1073 1010//1010
f 1073//1073 1074//1074 1010//1010
f 1010//1010 1074//1074 1011//1011
f 1074//1074 1075//1075 1011//1011
f 1011//1011 1075//1075 1012//1012
f 1075//1075 1076//1076 1012//1012
f 1012//1012 1076//1076 1013//1013
f 1076//1076 1077//1077 1013//1013
f 1013//1013 1077//1077 1014//1014
f 1077//1077 1078//1078 1014//1014
f 1014//1014 1078//1078 1015//1015
f 1078//1078 1079//1079 1015//1015
f 1015//1015 1079//1079 1016//1016
f 1079//1079 1080//1080 1016//1016
f 1016//1016 1080//1080 1017//1017
f 1080//1080 1081//1081 1017//1017
f 1017//1017 1081//1081 1018//1018
f 1081//1081 1082//1082 1018//1018
f 1018//1018 1082//1082 1019//1019
f 1082//1082 1083//1083 1019//1019
f 1019//1019 1083//1083 1020//1020
f 1083//1083 1084//1084 1020//1020
f 1020//1020 1084//1084 1021//1021
f 1084//1084 1085//1085 1021//1021
f 1021//1021 1085//1085 1022//1022
f 1085//1085 1086//1086 1022//1022
f 1022//1022 1086//1086 1023//1023
f 1086//1086 1087//1087 1023//1023
f 1023//1023 1087//1087 1024//1024
f 1087//1087 1088//1088 1024//1024
f 1024//1024 1088//1088 961//961
f 1088//1088 1025//1025 961//961
f 1025//1025 1089//1089 1026//1026
f 1089//1089 1090//1090 1026//1026
f 1026//1026 1090//1090 1027//1027
f 1090//1090 1091//1091 1027//1027
f 1027//1027 1091//1091 1028//1028
f 1091//1091 1092//1092 1028//1028
f 1028//1028 1092//1092 1029//1029
f 1092//1092 1093//1093 1029//1029
f 1029//1029 1093//1093 1030//1030
f 1093//1093 1094//1094 1030//1030
f 1030//1030 1094//1094 1031//1031
f 1094//1094 1095//1095 1031//1031
f 1031//1031 1095//1095 1032//1032
f 1095//1095 1096//1096 1032//1032
f 1032//1032 1096//1096 1033//1033
f 1096//1096 1097//1097 1033//1033
f 1033//1033 1097//1097 1034//1034
f 1097//1097 1098//1098 1034//1034
f 1034//1034 1098//1098 1035//1035
f 1098//1098 1099//1099 1035//1035
f 1035//1035 1099//1099 1036//1036
f 1099//1099 1100//1100 1036//1036
f 1036//1036 1100//1100 1037//1037
f 1100//1100 1101//1101 1037//1037
f 1037//1037 1101//1101 1038//1038
f 1101//1101 1102//1102 1038//1038
f 1038//1038 1102//1102 1039//1039
f 1102//1102 1103//1103 1039//1039
f 1039//1039 1103//1103 1040//1040
f 1103//1103 1104//1104 1040//1040
f 1040//1040 1104//1104 1041//1041
f 1104//1104 1105//1105 1041//1041
f 1041//1041 1105//1105 1042//1042
f 1105//1105 1106//1106 1042//1042
f 1042//1042 1106//1106 1043//1043
f 1106//1106 1107//1107 1043//1043
f 1043//1043 1107//1107 1044//1044
f 1107//1107 1108//1108 1044//1044
f 1044//1044 1108//1108 1045//1045
f 1108//1108 1109//1109 1045//1045
f 1045//1045 1109//1109 1046//1046
f 1109//1109 1110//1110 1046//1046
f 1046//1046 1110//1110 1047//1047
f 1110//1110 1111//1111 1047//1047
f 1047//1047 1111//1111 1048//1048
f 1111//1111 1112//1112 1048//1048
f 1048//1048 1112//1112 1049//1049
f 1112//1112 1113//1113 1049//1049
f 1049//1049 1113//1113 1050//1050
f 1113//1113 1114//1114 1050//1050
f 1050//1050 1114//1114 1051//1051
f 1114//1114 1115//1115 1051//1051
f 1051//1051 1115//1115 1052//1052
f 1115//1115 1116//1116 1052//1052
f 1052//1052 1116//1116 1053//1053
f 1116//1116 1117//1117 1053//1053
f 1053//1053 1117//1117 1054//1054
f 1117//1117 1118//1118 1054//1054
f 1054//1054 1118//1118 1055//1055
f 1118//1118 1119//1119 1055//1055
f 1055//1055 1119//1119 1056//1056
f 1119//1119 1120//1120 1056//1056
f 1056//1056 1120//1120 1057//1057
f 1120//1120 1121//1121 1057//1057
f 1057//1057 1121//1121 1058//1058
f 1121//1121 1122//1122 1058//1058
f 1058//1058 1122//1122 1059//1059
f 1122//1122 1123//1123 1059//1059
f 1059//1059 1123//1123 1060//1060
f 1123//1123 1124//1124 1060//1060
f 1060//1060 1124//1124 1061//1061
f 1124//1124 1125//1125 1061//1061
f 1061//1061 1125//1125 1062//1062
f 1125//1125 1126//1126 1062//1062
f 1062//1062 1126//1126 1063//1063
f 1126//1126 1127//1127 1063//1063
f 1063//1063 1127//1127 1064//1064
f 1127//1127 1128//1128 1064//1064
f 1064//1064 1128//1128 1065//1065
f 1128//1128 1129//1129 1065//1065
f 1065//1065 1129//1129 1066//1066
f 1129//1129 1130//1130 1066//1066
f 1066//1066 1130//1130 1067//1067
f 1130//1130 1131//1131 1067//1067
f 1067//1067 1131//1131 1068//1068
f 1131//1131 1132//1132 1068//1068
f 1068//1068 1132//1132 1069//1069
f 1132//1132 1133//1133 1069//1069
f 1069//1069 1133//1133 1070//1070
f 1133//1133 1134//1134 1070//1070
f 1070//1070 1134//1134 1071//1071
f 1134//1134 1135//1135 1071//1071
f 1071//1071 1135//1135 1072//1072
f 1135//1135 1136//1136 1072//1072
f 1072//1072 1136//1136 1073//1073
f 1136//1136 1137//1137 1073//1073
f 1073//1073 1137//1137 1074//1074
f 1137//1137 1138//1138 1074//1074
f 1074//1074 1138//1138 1075//1075
f 1138//1138 1139//1139 1075//1075
f 1075//1075 1139//1139 1076//1076
f 1139//1139 1140//1140 1076//1076
f 1076//1076 1140//1140 1077//1077
f 1140//1140 1141//1141 1077//1077
f 1077//1077 1141//1141 1078//1078
f 1141//1141 1142//1142 1078//1078
f 1078//1078 1142//1142 1079//1079
f 1142//1142 1143//1143 1079//1079
f 1079//1079 1143//1143 1080//1080
f 1143//1143 1144//1144 1080//1080
f 1080//1080 1144//1144 1081//1081
f 1144//1144 1145//1145 1081//1081
f 1081//1081 1145//1145 1082//1082
f 1145//1145 1146//1146 1082//1082
f 1082//1082 1146//1146 1083//1083
f 1146//1146 1147//1147 1083//1083
f 1083//1083 1147//1147 1084//1084
f 1147//1147 1148//1148 1084//1084
f 1084//1084 1148//1148 1085//1085
f 1148//1148 1149//1149 1085//1085
f 1085//1085 1149//1149 1086//1086
f 1149//1149 1150//1150 1086//1086
f 1086//1086 1150//1150 1087//1087
f 1150//1150 1151//1151 1087//1087
f 1087//1087 1151//1151 1088//1088
f 1151//1151 1152//1152 1088//1088
f 1088//1088 1152//1152 1025//1025
f 1152//1152 1089//1089 1025//1025
f 1089//1089 1153//1153 1090//1090
f 1153//1153 1154//1154 1090//1090
f 1090//1090 1154//1154 1091//1091
f 1154//1154 1155//1155 1091//1091
f 1091//1091 1155//1155 1092//1092
f 1155//1155 1156//1156 1092//1092
f 1092//1092 1156//1156 1093//1093
f 1156//1156 1157//1157 1093//1093
f 1093//1093 1157//1157 1094//1094
f 1157//1157 1158//1158 1094//1094
f 1094//1094 1158//1158 1095//1095
f 1158//1158 1159//1159 1095//1095
f 1095//1095 1159//1159 1096//1096
f 1159//1159 1160//1160 1096//1096
f 1096//1096 1160//1160 1097//1097
f 1160//1160 1161//1161 1097//1097
f 1097//1097 1161//1161 1098//1098
f 1161//1161 1162//1162 1098//1098
f 1098//1098 1162//1162 1099//1099
f 1162//1162 1163//1163 1099//1099
f 1099//1099 1163//1163 1100//1100
f 1163//1163 1164//1164 1100//1100
f 1100//1100 1164//1164 1101//1101
f 1164//1164 1165//1165 1101//1101
f 1101//1101 1165//1165 1102//1102
f 1165//1165 1166//1166 1102//1102
f 1102//1102 1166//1166 1103//1103
f 1166//1166 1167//1167 1103//1103
f 1103//1103 1167//1167 1104//1104
f 1167//1167 1168//1168 1104//1104
f 1104//1104 1168//1168 1105//1105
f 1168//1168 1169//1169 1105//1105
f 1105//1105 1169//1169 1106//1106
f 1169//1169 1170//1170 1106//1106
f 1106//1106 1170//1170 1107//1107
f 1170//1170 1171//1171 1107//1107
f 1107//1107 1171//1171 1108//1108
f 1171//1171 1172//1172 1108//1108
f 1108//1108 1172//1172 1109//1109
f 1172//1172 1173//1173 1109//1109
f 1109//1109 1173//1173 1110//1110
f 1173//1173 1174//1174 1110//1110
f 1110//1110 1174//1174 1111//1111
f 1174//1174 1175//1175 1111//1111
f 1111//1111 1175//1175 1112//1112
f 1175//1175 1176//1176 1112//1112
f 1112//1112 1176//1176 1113//1113
f 1176//1176 1177//1177 1113//1113
f 1113//1113 1177//1177 1114//1114
f 1177//1177 1178//1178 1114//1114
f 1114//1114 1178//1178 1115//1115
f 1178//1178 1179//1179 1115//1115
f 1115//1115 1179//1179 1116//1116
f 1179//1179 1180//1180 1116//1116
f 1116//1116 1180//1180 1117//1117
f 1180//1180 1181//1181 1117//1117
f 1117//1117 1181//1181 1118//1118
f 1181//1181 1182//1182 1118//1118
f 1118//1118 1182//1182 1119//1119
f 1182//1182 1183//1183 1119//1119
f 1119//1119 1183//1183 1120//1120
f 1183//1183 1184//1184 1120//1120
f 1120//1120 1184//1184 1121//1121
f 1184//1184 1185//1185 1121//1121
f 1121//1121 1185//1185 1122//1122
f 1185//1185 1186//1186 1122//1122
f 1122//1122 1186//1186 1123//1123
f 1186//1186 1187//1187 1123//1123
f 1123//1123 1187//1187 1124//1124
f 1187//1187 1188//1188 1124//1124
f 1124//1124 1188//1188 1125//1125
f 1188//1188 1189//1189 1125//1125
f 1125//1125 1189//1189 1126//1126
f 1189//1189 1190//1190 1126//1126
f 1126//1126 1190//1190 1127//1127
f 1190//1190 1191//1191 1127//1127
f 1127//1127 1191//1191 1128//1128
f 1191//1191 1192//1192 1128//1128
f 1128//1128 1192//1192 1129//1129
f 1192//1192 1193//1193 1129//1129
f 1129//1129 1193//1193 1130//1130
f 1193//1193 1194//1194 1130//1130
f 1130//1130 1194//1194 1131//1131
f 1194//1194 1195//1195 1131//1131
f 1131//1131 1195//1195 1132//1132
f 1195//1195 1196//1196 1132//1132
f 1132//1132 1196//1196 1133//1133
f 1196//1196 1197//1197 1133//1133
f 1133//1133 1197//1197 1134//1134
f 1197//1197 1198//1198 1134//1134
f 1134//1134 1198//1198 1135//1135
f 1198//1198 1199//1199 1135//1135
f 1135//1135 1199//1199 1136//1136
f 1199//1199 1200//1200 1136//1136
f 1136//1136 1200//1200 1137//1137
f 1200//1200 1201//1201 1137//1137
f 1137//1137 1201//1201 1138//1138
f 1201//1201 1202//1202 1138//1138
f 1138//1138 1202//1202 1139//1139
f 1202//1202 1203//1203 1139//1139
f 1139//1139 1203//1203 1140//1140
f 1203//1203 1204//1204 1140//1140
f 1140//1140 1204//1204 1141//1141
f 1204//1204 1205//1205 1141//1141
f 1141//1141 1205//1205 1142//1142
f 1205//1205 1206//1206 1142//1142
f 1142//1142 1206//1206 1143//1143
f 1206//1206 1207//1207 1143//1143
f 1143//1143 1207//1207 1144//1144
f 1207//1207 1208//1208 1144//1144
f 1144//1144 1208//1208 1145//1145
f 1208//1208 1209//1209 1145//1145
f 1145//1145 1209//1209 1146//1146
f 1209//1209 1210//1210 1146//1146
f 1146//1146 1210//1210 1147//1147
f 1210//1210 1211//1211 1147//1147
f 1147//1147 1211//1211 1148//1148
f 1211//1211 1212//1212 1148//1148
f 1148//1148 1212//1212 1149//1149
f 1212//1212 1213//1213 1149//1149
f 1149//1149 1213//1213 1150//1150
f 1213//1213 1214//1214 1150//1150
f 1150//1150 1214//1214 1151//1151
f 1214//1214 1215//1215 1151//1151
f 1151//1151 1215//1215 1152//1152
f 1215//1215 1216//1216 1152//1152
f 1152//1152 1216//1216 1089//1089
f 1216//1216 1153//1153 1089//1089
f 1153//1153 1217//1217 1154//1154
f 1217//1217 1218//1218 1154//1154
f 1154//1154 1218//1218 1155//1155
f 1218//1218 1219//1219 1155//1155
f 1155//1155 1219//1219 1156//1156
f 1219//1219 1220//1220 1156//1156
f 1156//1156 1220//1220 1157//1157
f 1220//1220 1221//1221 1157//1157
f 1157//1157 1221//1221 1158//1158
f 1221//1221 1222//1222 1158//1158
f 1158//1158 1222//1222 1159//1159
f 1222//1222 1223//1223 1159//1159
f 1159//1159 1223//1223 1160//1160
f 1223//1223 1224//1224 1160//1160
f 1160//1160 1224//1224 1161//1161
f 1224//1224 1225//1225 1161//1161
f 1161//1161 1225//1225 1162//1162
f 1225//1225 1226//1226 1162//1162
f 1162//1162 1226//1226 1163//1163
f 1226//1226 1227//1227 1163//1163
f 1163//1163 1227//1227 1164//1164
f 1227//1227 1228//1228 1164//1164
f 1164//1164 1228//1228 1165//1165
f 1228//1228 1229//1229 1165//1165
f 1165//1165 1229//1229 1166//1166
f 1229//1229 1230//1230 1166//1166
f 1166//1166 1230//1230 1167//1167
f 1230//1230 1231//1231 1167//1167
f 1167//1167 1231//1231 1168//1168
f 1231//1231 1232//1232 1168//1168
f 1168//1168 1232//1232 1169//1169
f 1232//1232 1233//1233 1169//1169
f 1169//1169 1233//1233 1170//1170
f 1233//1233 1234//1234 1170//1170
f 1170//1170 1234//1234 1171//1171
f 1234//1234 1235//1235 1171//1171
f 1171//1171 1235//1235 1172//1172
f 1235//1235 1236//1236 1172//1172
f 1172//1172 1236//1236 1173//1173
f 1236//1236 1237//1237 1173//1173
f 1173//1173 1237//1237 1174//1174
f 1237//1237 1238//1238 1174//1174
f 1174//1174 1238//1238 1175//1175
f 1238//1238 1239//1239 1175//1175
f 1175//1175 1239//1239 1176//1176
f 1239//1239 1240//1240 1176//1176
f 1176//1176 1240//1240 1177//1177
f 1240//1240 1241//1241 1177//1177
f 1177//1177 1241//1241 1178//1178
f 1241//1241 1242//1242 1178//1178
f 1178//1178 1242//1242 1179//1179
f 1242//1242 1243//1243 1179//1179
f 1179//1179 1243//1243 1180//1180
f 1243//1243 1244//1244 1180//1180
f 1180//1180 1244//1244 1181//1181
f 1244//1244 1245//1245 1181//1181
f 1181//1181 1245//1245 1182//1182
f 1245//1245 1246//1246 1182//1182
f 1182//1182 1246//1246 1183//1183
f 1246//1246 1247//1247 1183//1183
f 1183//1183 1247//1247 1184//1184
f 1247//1247 1248//1248 1184//1184
f 1184//1184 1248//1248 1185//1185
f 1248//1248 1249//1249 1185//1185
f 1185//1185 1249//1249 1186//1186
f 1249//1249 1250//1250 1186//1186
f 1186//1186 1250//1250 1187//1187
f 1250//1250 1251//1251 1187//1187
f 1187//1187 1251//1251 1188//1188
f 1251//1251 1252//1252 1188//1188
f 1188//1188 1252//1252 1189//1189
f 1252//1252 1253//1253 1189//1189
f 1189//1189 1253//1253 1190//1190
f 1253//1253 1254//1254 1190//1190
f 1190//1190 1254//1254 1191//1191
f 1254//1254 1255//1255 1191//1191
f 1191//1191 1255//1255 1192//1192
f 1255//1255 1256//1256 1192//1192
f 1192//1192 1256//1256 1193//1193
f 1256//1256 1257//1257 1193//1193
f 1193//1193 1257//1257 1194//1194
f 1257//1257 1258//1258 1194//1194
f 1194//1194 1258//1258 1195//1195
f 1258//1258 1259//1259 1195//1195
f 1195//1195 1259//1259 1196//1196
f 1259//1259 1260//1260 1196//1196
f 1196//1196 1260//1260 1197//1197
f 1260//1260 1261//1261 1197//1197
f 1197//1197 1261//1261 1198//1198
f 1261//1261 1262//1262 1198//1198
f 1198//1198 1262//1262 1199//1199
f 1262//1262 1263//1263 1199//1199
f 1199//1199 1263//1263 1200//1200
f 1263//1263 1264//1264 1200//1200
f 1200//1200 1264//1264 1201//1201
f 1264//1264 1265//1265 1201//1201
f 1201//1201 1265//1265 1202//1202
f 1265//1265 1266//1266 1202//1202
f 1202//1202 1266//1266 1203//1203
f 1266//1266 1267//1267 1203//1203
f 1203//1203 1267//1267 1204//1204
f 1267//1267 1268//1268 1204//1204
f 1204//1204 1268//1268 1205//1205
f 1268//1268 1269//1269 1205//1205
f 1205//1205 1269//1269 1206//1206
f 1269//1269 1270//1270 1206//1206
f 1206//1206 1270//1270 1207//1207
f 1270//1270 1271//1271 1207//1207
f 1207//1207 1271//1271 1208//1208
f 1271//1271 1272//1272 1208//1208
f 1208//1208 1272//1272 1209//1209
f 1272//1272 1273//1273 1209//1209
f 1209//1209 1273//1273 1210//1210
f 1273//1273 1274//1274 1210//1210
f 1210//1210 1274//1274 1211//1211
f 1274//1274 1275//1275 1211//1211
f 1211//1211 1275//1275 1212//1212
f 1275//1275 1276//1276 1212//1212
f 1212//1212 1276//1276 1213//1213
f 1276//1276 1277//1277 1213//1213
f 1213//1213 1277//1277 1214//1214
f 1277//1277 1278//1278 1214//1214
f 1214//1214 1278//1278 1215//1215
f 1278//1278 1279//1279 1215//1215
f 1215//1215 1279//1279 1216//1216
f 1279//1279 1280//1280 1216//1216
f 1216//1216 1280//1280 1153//1153
f 1280//1280 1217//1217 1153//1153
f 1217//1217 1281//1281 1218//1218
f 1281//1281 1282//1282 1218//1218
f 1218//1218 1282//1282 1219//1219
f 1282//1282 1283//1283 1219//1219
f 1219//1219 1283//1283 1220//1220
f 1283//1283 1284//1284 1220//1220
f 1220//1220 1284//1284 1221//1221
f 1284//1284 1285//1285 1221//1221
f 1221//1221 1285//1285 1222//1222
f 1285//1285 1286//1286 1222//1222
f 1222//1222 1286//1286 1223//1223
f 1286//1286 1287//1287 1223//1223
f 1223//1223 1287//1287 1224//1224
f 1287//1287 1288//1288 1224//1224
f 1224//1224 1288//1288 1225//1225
f 1288//1288 1289//1289 1225//1225
f 1225//1225 1289//1289 1226//1226
f 1289//1289 1290//1290 1226//1226
f 1226//1226 1290//1290 1227//1227
f 1290//1290 1291//1291 1227//1227
f 1227//1227 1291//1291 1228//1228
f 1291//1291 1292//1292 1228//1228
f 1228//1228 1292//1292 1229//1229
f 1292//1292 1293//1293 1229//1229
f 1229//1229 1293//1293 1230//1230
f 1293//1293 1294//1294 1230//1230
f 1230//1230 1294//1294 1231//1231
f 1294//1294 1295//1295 1231//1231
f 1231//1231 1295//1295 1232//1232
f 1295//1295 1296//1296 1232//1232
f 1232//1232 1296//1296 1233//1233
f 1296//1296 1297//1297 1233//1233
f 1233//1233 1297//1297 1234//1234
f 1297//1297 1298//1298 1234//1234
f 1234//1234 1298//1298 1235//1235
f 1298//1298 1299//1299 1235//1235
f 1235//1235 1299//1299 1236//1236
f 1299//1299 1300//1300 1236//1236
f 1236//1236 1300//1300 1237//1237
f 1300//1300 1301//1301 1237//1237
f 1237//1237 1301//1301 1238//1238
f 1301//1301 1302//1302 1238//1238
f 1238//1238 1302//1302 1239//1239
f 1302//1302 1303//1303 1239//1239
f 1239//1239 1303//1303 1240//1240
f 1303//1303 1304//1304 1240//1240
f 1240//1240 1304//1304 1241//1241
f 1304//1304 1305//1305 1241//1241
f 1241//1241 1305//1305 1242//1242
f 1305//1305 1306//1306 1242//1242
f 1242//1242 1306//1306 1243//1243
f 1306//1306 1307//1307 1243//1243
f 1243//1243 1307//1307 1244//1244
f 1307//1307 1308//1308 1244//1244
f 1244//1244 1308//1308 1245//1245
f 1308//1308 1309//1309 1245//1245
f 1245//1245 1309//1309 1246//1246
f 1309//1309 1310//1310 1246//1246
f 1246//1246 1310//1310 1247//1247
f 1310//1310 1311//1311 1247//1247
f 1247//1247 1311//1311 1248//1248
f 1311//1311 1312//1312 1248//1248
f 1248//1248 1312//1312 1249//1249
f 1312//1312 1313//1313 1249//1249
f 1249//1249 1313//1313 1250//1250
f 1313//1313 1314//1314 1250//1250
f 1250//1250 1314//1314 1251//1251
f 1314//1314 1315//1315 1251//1251
f 1251//1251 1315//1315 1252//1252
f 1315//1315 1316//1316 1252//1252
f 1252//1252 1316//1316 1253//1253
f 1316//1316 1317//1317 1253//1253
f 1253//1253 1317//1317 1254//1254
f 1317//1317 1318//1318 1254//1254
f 1254//1254 1318//1318 1255//1255
f 1318//1318 1319//1319 1255//1255
f 1255//1255 1319//1319 1256//1256
f 1319//1319 1320//1320 1256//1256
f 1256//1256 1320//1320 1257//1257
f 1320//1320 1321//1321 1257//1257
f 1257//1257 1321//1321 1258//1258
f 1321//1321 1322//1322 1258//1258
f 1258//1258 1322//1322 1259//1259
f 1322//1322 1323//1323 1259//1259
f 1259//1259 1323//1323 1260//1260
f 1323//1323 1324//1324 1260//1260
f 1260//1260 1324//1324 1261//1261
f 1324//1324 1325//1325 1261//1261
f 1261//1261 1325//1325 1262//1262
f 1325//1325 1326//1326 1262//1262
f 1262//1262 1326//1326 1263//1263
f 1326//1326 1327//1327 1263//1263
f 1263//1263 1327//1327 1264//1264
f 1327//1327 1328//1328 1264//1264
f 1264//1264 1328//1328 1265//1265
f 1328//1328 1329//1329 1265//1265
f 1265//1265 1329//1329 1266//1266
f 1329//1329 1330//1330 1266//1266
f 1266//1266 1330//1330 1267//1267
f 1330//1330 1331//1331 1267//1267
f 1267//1267 1331//1331 1268//1268
f 1331//1331 1332//1332 1268//1268
f 1268//1268 1332//1332 1269//1269
f 1332//1332 1333//1333 1269//1269
f 1269//1269 1333//1333 1270//1270
f 1333//1333 1334//1334 1270//1270
f 1270//1270 1334//1334 1271//1271
f 1334//1334 1335//1335 1271//1271
f 1271//1271 1335//1335 1272//1272
f 1335//1335 1336//1336 1272//1272
f 1272//1272 1336//1336 1273//1273
f 1336//1336 1337//1337 1273//1273
f 1273//1273 1337//1337 1274//1274
f 1337//1337 1338//1338 1274//1274
f 1274//1274 1338//1338 1275//1275
f 1338//1338 1339//1339 1275//1275
f 1275//1275 1339//1339 1276//1276
f 1339//1339 1340//1340 1276//1276
f 1276//1276 1340//1340 1277//1277
f 1340//1340 1341//1341 1277//1277
f 1277//1277 1341//1341 1278//1278
f 1341//1341 1342//1342 1278//1278
f 1278//1278 1342//1342 1279//1279
f 1342//1342 1343//1343 1279//1279
f 1279//1279 1343//1343 1280//1280
f 1343//1343 1344//1344 1280//1280
f 1280//1280 1344//1344 1217//1217
f 1344//1344 1281//1281 1217//1217
f 1281//1281 1345//1345 1282//1282
f 1345//1345 1346//1346 1282//1282
f 1282//1282 1346//1346 1283//1283
f 1346//1346 1347//1347 1283//1283
f 1283//1283 1347//1347 1284//1284
f 1347//1347 1348//1348 1284//1284
f 1284//1284 1348//1348 1285//1285
f 1348//1348 1349//1349 1285//1285
f 1285//1285 1349//1349 1286//1286
f 1349//1349 1350//1350 1286//1286
f 1286//1286 1350//1350 1287//1287
f 1350//1350 1351//1351 1287//1287
f 1287//1287 1351//1351 1288//1288
f 1351//1351 1352//1352 1288//1288
f 1288//1288 1352//1352 1289//1289
f 1352//1352 1353//1353 1289//1289
f 1289//1289 1353//1353 1290//1290
f 1353//1353 1354//1354 1290//1290
f 1290//1290 1354//1354 1291//1291
f 1354//1354 1355//1355 1291//1291
f 1291//1291 1355//1355 1292//1292
f 1355//1355 1356//1356 1292//1292
f 1292//1292 1356//1356 1293//1293
f 1356//1356 1357//1357 1293//1293
f 1293//1293 1357//1357 1294//1294
f 1357//1357 1358//1358 1294//1294
f 1294//1294 1358//1358 1295//1295
f 1358//1358 1359//1359 1295//1295
f 1295//1295 1359//1359 1296//1296
f 1359//1359 1360//1360 1296//1296
f 1296//1296 1360//1360 1297//1297
f 1360//1360 1361//1361 1297//1297
f 1297//1297 1361//1361 1298//1298
f 1361//1361 1362//1362 1298//1298
f 1298//1298 1362//1362 1299//1299
f 1362//1362 1363//1363 1299//1299
f 1299//1299 1363//1363 1300//1300
f 1363//1363 1364//1364 1300//1300
f 1300//1300 1364//1364 1301//1301
f 1364//1364 1365//1365 1301//1301
f 1301//1301 1365//1365 1302//1302
f 1365//1365 1366//1366 1302//1302
f 1302//1302 1366//1366 1303//1303
f 1366//1366 1367//1367 1303//1303
f 1303//1303 1367//1367 1304//1304
f 1367//1367 1368//1368 1304//1304
f 1304//1304 1368//1368 1305//1305
f 1368//1368 1369//1369 1305//1305
f 1305//1305 1369//1369 1306//1306
f 1369//1369 1370//1370 1306//1306
f 1306//1306 1370//1370 1307//1307
f 1370//1370 1371//1371 1307//1307
f 1307//1307 1371//1371 1308//1308
f 1371//1371 1372//1372 1308//1308
f 1308//1308 1372//1372 1309//1309
f 1372//1372 1373//1373 1309//1309
f 1309//1309 1373//1373 1310//1310
f 1373//1373 1374//1374 1310//1310
f 1310//1310 1374//1374 1311//1311
f 1374//1374 1375//1375 1311//1311
f 1311//1311 1375//1375 1312//1312
f 1375//1375 1376//1376 1312//1312
f 1312//1312 1376//1376 1313//1313
f 1376//1376 1377//1377 1313//1313
f 1313//1313 1377//1377 1314//1314
f 1377//1377 1378//1378 1314//1314
f 1314//1314 1378//1378 1315//1315
f 1378//1378 1379//1379 1315//1315
f 1315//1315 1379//1379 1316//1316
f 1379//1379 1380//1380 1316//1316
f 1316//1316 1380//1380 1317//1317
f 1380//1380 1381//1381 1317//1317
f 1317//1317 1381//1381 1318//1318
f 1381//1381 1382//1382 1318//1318
f 1318//1318 1382//1382 1319//1319
f 1382//1382 1383//1383 1319//1319
f 1319//1319 1383//1383 1320//1320
f 1383//1383 1384//1384 1320//1320
f 1320//1320 1384//1384 1321//1321
f 1384//1384 1385//1385 1321//1321
f 1321//1321 1385//1385 1322//1322
f 1385//1385 1386//1386 1322//1322
f 1322//1322 1386//1386 1323//1323
f 1386//1386 1387//1387 1323//1323
f 1323//1323 1387//1387 1324//1324
f 1387//1387 1388//1388 1324//1324
f 1324//1324 1388//1388 1325//1325
f 1388//1388 1389//1389 1325//1325
f 1325//1325 1389//1389 1326//1326
f 1389//1389 1390//1390 1326//1326
f 1326//1326 1390//1390 1327//1327
f 1390//1390 1391//1391 1327//1327
f 1327//1327 1391//1391 1328//1328
f 1391//1391 1392//1392 1328//1328
f 1328//1328 1392//1392 1329//1329
f 1392//1392 1393//1393 1329//1329
f 1329//1329 1393//1393 1330//1330
f 1393//1393 1394//1394 1330//1330
f 1330//1330 1394//1394 1331//1331
f 1394//1394 1395//1395 1331//1331
f 1331//1331 1395//1395 1332//1332
f 1395//1395 1396//1396 1332//1332
f 1332//1332 1396//1396 1333//1333
f 1396//1396 1397//1397 1333//1333
f 1333//1333 1397//1397 1334//1334
f 1397//1397 1398//1398 1334//1334
f 1334//1334 1398//1398 1335//1335
f 1398//1398 1399//1399 1335//1335
f 1335//1335 1399//1399 1336//1336
f 1399//1399 1400//1400 1336//1336
f 1336//1336 1400//1400 1337//1337
f 1400//1400 1401//1401 1337//1337
f 1337//1337 1401//1401 1338//1338
f 1401//1401 1402//1402 1338//1338
f 1338//1338 1402//1402 1339//1339
f 1402//1402 1403//1403 1339//1339
f 1339//1339 1403//1403 1340//1340
f 1403//1403 1404//1404 1340//1340
f 1340//1340 1404//1404 1341//1341
f 1404//1404 1405//1405 1341//1341
f 1341//1341 1405//1405 1342//1342
f 1405//1405 1406//1406 1342//1342
f 1342//1342 1406//1406 1343//1343
f 1406//1406 1407//1407 1343//1343
f 1343//1343 1407//1407 1344//1344
f 1407//1407 1408//1408 1344//1344
f 1344//1344 1408//1408 1281//1281
f 1408//1408 1345//1345 1281//1281
f 1345//1345 1409//1409 1346//1346
f 1409//1409 1410//1410 1346//1346
f 1346//1346 1410//1410 1347//1347
f 1410//1410 1411//1411 1347//1347
f 1347//1347 1411//1411 1348//1348
f 1411//1411 1412//1412 1348//1348
f 1348//1348 1412//1412 1349//1349
f 1412//1412 1413//1413 1349//1349
f 1349//1349 1413//1413 1350//1350
f 1413//1413 1414//1414 1350//1350
f 1350//1350 1414//1414 1351//1351
f 1414//1414 1415//1415 1351//1351
f 1351//1351 1415//1415 1352//1352
f 1415//1415 1416//1416 1352//1352
f 1352//1352 1416//1416 1353//1353
f 1416//1416 1417//1417 1353//1353
f 1353//1353 1417//1417 1354//1354
f 1417//1417 1418//1418 1354//1354
f 1354//1354 1418//1418 1355//1355
f 1418//1418 1419//1419 1355//1355
f 1355//1355 1419//1419 1356//1356
f 1419//1419 1420//1420 1356//1356
f 1356//1356 1420//1420 1357//1357
f 1420//1420 1421//1421 1357//1357
f 1357//1357 1421//1421 1358//1358
f 1421//1421 1422//1422 1358//1358
f 1358//1358 1422//1422 1359//1359
f 1422//1422 1423//1423 1359//1359
f 1359//1359 1423//1423 1360//1360
f 1423//1423 1424//1424 1360//1360
f 1360//1360 1424//1424 1361//1361
f 1424//1424 1425//1425 1361//1361
f 1361//1361 1425//1425 1362//1362
f 1425//1425 1426//1426 1362//1362
f 1362//1362 1426//1426 1363//1363
f 1426//1426 1427//1427 1363//1363
f 1363//1363 1427//1427 1364//1364
f 1427//1427 1428//1428 1364//1364
f 1364//1364 1428//1428 1365//1365
f 1428//1428 1429//1429 1365//1365
f 1365//1365 1429//1429 1366//1366
f 1429//1429 1430//1430 1366//1366
f 1366//1366 1430//1430 1367//1367
f 1430//1430 1431//1431 1367//1367
f 1367//1367 1431//1431 1368//1368
f 1431//1431 1432//1432 1368//1368
f 1368//1368 1432//1432 1369//1369
f 1432//1432 1433//1433 1369//1369
f 1369//1369 1433//1433 1370//1370
f 1433//1433 1434//1434 1370//1370
f 1370//1370 1434//1434 1371//1371
f 1434//1434 1435//1435 1371//1371
f 1371//1371 1435//1435 1372//1372
f 1435//1435 1436//1436 1372//1372
f 1372//1372 1436//1436 1373//1373
f 1436//1436 1437//1437 1373//1373
f 1373//1373 1437//1437 1374//1374
f 1437//1437 1438//1438 1374//1374
f 1374//1374 1438//1438 1375//1375
f 1438//1438 1439//1439 1375//1375
f 1375//1375 1439//1439 1376//1376
f 1439//1439 1440//1440 1376//1376
f 1376//1376 1440//1440 1377//1377
f 1440//1440 1441//1441 1377//1377
f 1377//1377 1441//1441 1378//1378
f 1441//1441 1442//1442 1378//1378
f 1378//1378 1442//1442 1379//1379
f 1442//1442 1443//1443 1379//1379
f 1379//1379 1443//1443 1380//1380
f 1443//1443 1444//1444 1380//1380
f 1380//1380 1444//1444 1381//1381
f 1444//1444 1445//1445 1381//1381
f 1381//1381 1445//1445 1382//1382
f 1445//1445 1446//1446 1382//1382
f 1382//1382 1446//1446 1383//1383
f 1446//1446 1447//1447 1383//1383
f 1383//1383 1447//1447 1384//1384
f 1447//1447 1448//1448 1384//1384
f 1384//1384 1448//1448 1385//1385
f 1448//1448 1449//1449 1385//1385
f 1385//1385 1449//1449 1386//1386
f 1449//1449 1450//1450 1386//1386
f 1386//1386 1450//1450 1387//1387
f 1450//1450 1451//1451 1387//1387
f 1387//1387 1451//1451 1388//1388
f 1451//1451 1452//1452 1388//1388
f 1388//1388 1452//1452 1389//1389
f 1452//1452 1453//1453 1389//1389
f 1389//1389 1453//1453 1390//1390
f 1453//1453 1454//1454 1390//1390
f 1390//1390 1454//1454 1391//1391
f 1454//1454 1455//1455 1391//1391
f 1391//1391 1455//1455 1392//1392
f 1455//1455 1456//1456 1392//1392
f 1392//1392 1456//1456 1393//1393
f 1456//1456 1457//1457 1393//1393
f 1393//1393 1457//1457 1394//1394
f 1457//1457 1458//1458 1394//1394
f 1394//1394 1458//1458 1395//1395
f 1458//1458 1459//1459 1395//1395
f 1395//1395 1459//1459 1396//1396
f 1459//1459 1460//1460 1396//1396
f 1396//1396 1460//1460 1397//1397
f 1460//1460 1461//1461 1397//1397
f 1397//1397 1461//1461 1398//1398
f 1461//1461 1462//1462 1398//1398
f 1398//1398 1462//1462 1399//1399
f 1462//1462 1463//1463 1399//1399
f 1399//1399 1463//1463 1400//1400
f 1463//1463 1464//1464 1400//1400
f 1400//1400 1464//1464 1401//1401
f 1464//1464 1465//1465 1401//1401
f 1401//1401 1465//1465 1402//1402
f 1465//1465 1466//1466 1402//1402
f 1402//1402 1466//1466 1403//1403
f 1466//1466 1467//1467 1403//1403
f 1403//1403 1467//1467 1404//1404
f 1467//1467 1468//1468 1404//1404
f 1404//1404 1468//1468 1405//1405
f 1468//1468 1469//1469 1405//1405
f 1405//1405 1469//1469 1406//1406
f 1469//1469 1470//1470 1406//1406
f 1406//1406 1470//1470 1407//1407
f 1470//1470 1471//1471 1407//1407
f 1407//1407 1471//1471 1408//1408
f 1471//1471 1472//1472 1408//1408
f 1408//1408 1472//1472 1345//1345
f 1472//1472 1409//1409 1345//1345
f 1409//1409 1473//1473 1410//1410
f 1473//1473 1474//1474 1410//1410
f 1410//1410 1474//1474 1411//1411
f 1474//1474 1475//1475 1411//1411
f 1411//1411 1475//1475 1412//1412
f 1475//1475 1476//1476 1412//1412
f 1412//1412 1476//1476 1413//1413
f 1476//1476 1477//1477 1413//1413
f 1413//1413 1477//1477 1414//1414
f 1477//1477 1478//1478 1414//1414
f 1414//1414 1478//1478 1415//1415
f 1478//1478 1479//1479 1415//1415
f 1415//1415 1479//1479 1416//1416
f 1479//1479 1480//1480 1416//1416
f 1416//1416 1480//1480 1417//1417
f 1480//1480 1481//1481 1417//1417
f 1417//1417 1481//1481 1418//1418
f 1481//1481 1482//1482 1418//1418
f 1418//1418 1482//1482 1419//1419
f 1482//1482 1483//1483 1419//1419
f 1419//1419 1483//1483 1420//1420
f 1483//1483 1484//1484 1420//1420
f 1420//1420 1484//1484 1421//1421
f 1484//1484 1485//1485 1421//1421
f 1421//1421 1485//1485 1422//1422
f 1485//1485 1486//1486 1422//1422
f 1422//1422 1486//1486 1423//1423
f 1486//1486 1487//1487 1423//1423
f 1423//1423 1487//1487 1424//1424
f 1487//1487 1488//1488 1424//1424
f 1424//1424 1488//1488 1425//1425
f 1488//1488 1489//1489 1425//1425
f 1425//1425 1489//1489 1426//1426
f 1489//1489 1490//1490 1426//1426
f 1426//1426 1490//1490 1427//1427
f 1490//1490 1491//1491 1427//1427
f 1427//1427 1491//1491 1428//1428
f 1491//1491 1492//1492 1428//1428
f 1428//1428 1492//1492 1429//1429
f 1492//1492 1493//1493 1429//1429
f 1429//1429 1493//1493 1430//1430
f 1493//1493 1494//1494 1430//1430
f 1430//1430 1494//1494 1431//1431
f 1494//1494 1495//1495 1431//1431
f 1431//1431 1495//1495 1432//1432
f 1495//1495 1496//1496 1432//1432
f 1432//1432 1496//1496 1433//1433
f 1496//1496 1497//1497 1433//1433
f 1433//1433 1497//1497 1434//1434
f 1497//1497 1498//1498 1434//1434
f 1434//1434 1498//1498 1435//1435
f 1498//1498 1499//1499 1435//1435
f 1435//1435 1499//1499 1436//1436
f 1499//1499 1500//1500 1436//1436
f 1436//1436 1500//1500 1437//1437
f 1500//1500 1501//1501 1437//1437
f 1437//1437 1501//1501 1438//1438
f 1501//1501 1502//1502 1438//1438
f 1438//1438 1502//1502 1439//1439
f 1502//1502 1503//1503 1439//1439
f 1439//1439 1503//1503 1440//1440
f 1503//1503 1504//1504 1440//1440
f 1440//1440 1504//1504 1441//1441
f 1504//1504 1505//1505 1441//1441
f 1441//1441 1505//1505 1442//1442
f 1505//1505 1506//1506 1442//1442
f 1442//1442 1506//1506 1443//1443
f 1506//1506 1507//1507 1443//1443
f 1443//1443 1507//1507 1444//1444
f 1507//1507 1508//1508 1444//1444
f 1444//1444 1508//1508 1445//1445
f 1508//1508 1509//1509 1445//1445
f 1445//1445 1509//1509 1446//1446
f 1509//1509 1510//1510 1446//1446
f 1446//1446 1510//1510 1447//1447
f 1510//1510 1511//1511 1447//1447
f 1447//1447 1511//1511 1448//1448
f 1511//1511 1512//1512 1448//1448
f 1448//1448 1512//1512 1449//1449
f 1512//1512 1513//1513 1449//1449
f 1449//1449 1513//1513 1450//1450
f 1513//1513 1514//1514 1450//1450
f 1450//1450 1514//1514 1451//1451
f 1514//1514 1515//1515 1451//1451
f 1451//1451 1515//1515 1452//1452
f 1515//1515 1516//1516 1452//1452
f 1452//1452 1516//1516 1453//1453
f 1516//1516 1517//1517 1453//1453
f 1453//1453 1517//1517 1454//1454
f 1517//1517 1518//1518 1454//1454
f 1454//1454 1518//1518 1455//1455
f 1518//1518 1519//1519 1455//1455
f 1455//1455 1519//1519 1456//1456
f 1519//1519 1520//1520 1456//1456
f 1456//1456 1520//1520 1457//1457
f 1520//1520 1521//1521 1457//1457
f 1457//1457 1521//1521 1458//1458
f 1521//1521 1522//1522 1458//1458
f 1458//1458 1522//1522 1459//1459
f 1522//1522 1523//1523 1459//1459
f 1459//1459 1523//1523 1460//1460
f 1523//1523 1524//1524 1460//1460
f 1460//1460 1524//1524 1461//1461
f 1524//1524 1525//1525 1461//1461
f 1461//1461 1525//1525 1462//1462
f 1525//1525 1526//1526 1462//1462
f 1462//1462 1526//1526 1463//1463
f 1526//1526 1527//1527 1463//1463
f 1463//1463 1527//1527 1464//1464
f 1527//1527 1528//1528 1464//1464
f 1464//1464 1528//1528 1465//1465
f 1528//1528 1529//1529 1465//1465
f 1465//1465 1529//1529 1466//1466
f 1529//1529 1530//1530 1466//1466
f 1466//1466 1530//1530 1467//1467
f 1530//1530 1531//1531 1467//1467
f 1467//1467 1531//1531 1468//1468
f 1531//1531 1532//1532 1468//1468
f 1468//1468 1532//1532 1469//1469
f 1532//1532 1533//1533 1469//1469
f 1469//1469 1533//1533 1470//1470
f 1533//1533 1534//1534 1470//1470
f 1470//1470 1534//1534 1471//1471
f 1534//1534 1535//1535 1471//1471
f 1471//1471 1535//1535 1472//1472
f 1535//1535 1536//1536 1472//1472
f 1472//1472 1536//1536 1409//1409
f 1536//1536 1473//1473 1409//1409
f 1473//1473 1537//1537 1474//1474
f 1537//1537 1538//1538 1474//1474
f 1474//1474 1538//1538 1475//1475
f 1538//1538 1539//1539 1475//1475
f 1475//1475 1539//1539 1476//1476
f 1539//1539 1540//1540 1476//1476
f 1476//1476 1540//1540 1477//1477
f 1540//1540 1541//1541 1477//1477
f 1477//1477 1541//1541 1478//1478
f 1541//1541 1542//1542 1478//1478
f 1478//1478 1542//1542 1479//1479
f 1542//1542 1543//1543 1479//1479
f 1479//1479 1543//1543 1480//1480
f 1543//1543 1544//1544 1480//1480
f 1480//1480 1544//1544 1481//1481
f 1544//1544 1545//1545 1481//1481
f 1481//1481 1545//1545 1482//1482
f 1545//1545 1546//1546 1482//1482
f 1482//1482 1546//1546 1483//1483
f 1546//1546 1547//1547 1483//1483
f 1483//1483 1547//1547 1484//1484
f 1547//1547 1548//1548 1484//1484
f 1484//1484 1548//1548 1485//1485
f 1548//1548 1549//1549 1485//1485
f 1485//1485 1549//1549 1486//1486
f 1549//1549 1550//1550 1486//1486
f 1486//1486 1550//1550 1487//1487
f 1550//1550 1551//1551 1487//1487
f 1487//1487 1551//1551 1488//1488
f 1551//1551 1552//1552 1488//1488
f 1488//1488 1552//1552 1489//1489
f 1552//1552 1553//1553 1489//1489
f 1489//1489 1553//1553 1490//1490
f 1553//1553 1554//1554 1490//1490
f 1490//1490 1554//1554 1491//1491
f 1554//1554 1555//1555 1491//1491
f 1491//1491 1555//1555 1492//1492
f 1555//1555 1556//1556 1492//1492
f 1492//1492 1556//1556 1493//1493
f 1556//1556 1557//1557 1493//1493
f 1493//1493 1557//1557 1494//1494
f 1557//1557 1558//1558 1494//1494
f 1494//1494 1558//1558 1495//1495
f 1558//1558 1559//1559 1495//1495
f 1495//1495 1559//1559 1496//1496
f 1559//1559 1560//1560 1496//1496
f 1496//1496 1560//1560 1497//1497
f 1560//1560 1561//1561 1497//1497
f 1497//1497 1561//1561 1498//1498
f 1561//1561 1562//1562 1498//1498
f 1498//1498 1562//1562 1499//1499
f 1562//1562 1563//1563 1499//1499
f 1499//1499 1563//1563 1500//1500
f 1563//1563 1564//1564 1500//1500
f 1500//1500 1564//1564 1501//1501
f 1564//1564 1565//1565 1501//1501
f 1501//1501 1565//1565 1502//1502
f 1565//1565 1566//1566 1502//1502
f 1502//1502 1566//1566 1503//1503
f 1566//1566 1567//1567 1503//1503
f 1503//1503 1567//1567 1504//1504
f 1567//1567 1568//1568 1504//1504
f 1504//1504 1568//1568 1505//1505
f 1568//1568 1569//1569 1505//1505
f 1505//1505 1569//1569 1506//1506
f 1569//1569 1570//1570 1506//1506
f 1506//1506 1570//1570 1507//1507
f 1570//1570 1571//1571 1507//1507
f 1507//1507 1571//1571 1508//1508
f 1571//1571 1572//1572 1508//1508
f 1508//1508 1572//1572 1509//1509
f 1572//1572 1573//1573 1509//1509
f 1509//1509 1573//1573 1510//1510
f 1573//1573 1574//1574 1510//1510
f 1510//1510 1574//1574 1511//1511
f 1574//1574 1575//1575 1511//1511
f 1511//1511 1575//1575 1512//1512
f 1575//1575 1576//1576 1512//1512
f 1512//1512 1576//1576 1513//1513
f 1576//1576 1577//1577 1513//1513
f 1513//1513 1577//1577 1514//1514
f 1577//1577 1578//1578 1514//1514
f 1514//1514 1578//1578 1515//1515
f 1578//1578 1579//1579 1515//1515
f 1515//1515 1579//1579 1516//1516
f 1579//1579 1580//1580 1516//1516
f 1516//1516 1580//1580 1517//1517
f 1580//1580 1581//1581 1517//1517
f 1517//1517 1581//1581 1518//1518
f 1581//1581 1582//1582 1518//1518
f 1518//1518 1582//1582 1519//1519
f 1582//1582 1583//1583 1519//1519
f 1519//1519 1583//1583 1520//1520
f 1583//1583 1584//1584 1520//1520
f 1520//1520 1584//1584 1521//1521
f 1584//1584 1585//1585 1521//1521
f 1521//1521 1585//1585 1522//1522
f 1585//1585 1586//1586 1522//1522
f 1522//1522 1586//1586 1523//1523
f 1586//1586 1587//1587 1523//1523
f 1523//1523 1587//1587 1524//1524
f 1587//1587 1588//1588 1524//1524
f 1524//1524 1588//1588 1525//1525
f 1588//1588 1589//1589 1525//1525
f 1525//1525 1589//1589 1526//1526
f 1589//1589 1590//1590 1526//1526
f 1526//1526 1590//1590 1527//1527
f 1590//1590 1591//1591 1527//1527
f 1527//1527 1591//1591 1528//1528
f 1591//1591 1592//1592 1528//1528
f 1528//1528 1592//1592 1529//1529
f 1592//1592 1593//1593 1529//1529
f 1529//1529 1593//1593 1530//1530
f 1593//1593 1594//1594 1530//1530
f 1530//1530 1594//1594 1531//1531
f 1594//1594 1595//1595 1531//1531
f 1531//1531 1595//1595 1532//1532
f 1595//1595 1596//1596 1532//1532
f 1532//1532 1596//1596 1533//1533
f 1596//1596 1597//1597 1533//1533
f 1533//1533 1597//1597 1534//1534
f 1597//1597 1598//1598 1534//1534
f 1534//1534 1598//1598 1535//1535
f 1598//1598 1599//1599 1535//1535
f 1535//1535 1599//1599 1536//1536
f 1599//1599 1600//1600 1536//1536
f 1536//1536 1600//1600 1473//1473
f 1600//1600 1537//1537 1473//1473
f 1537//1537 1601//1601 1538//1538
f 1601//1601 1602//1602 1538//1538
f 1538//1538 1602//1602 1539//1539
f 1602//1602 1603//1603 1539//1539
f 1539//1539 1603//1603 1540//1540
f 1603//1603 1604//1604 1540//1540
f 1540//1540 1604//1604 1541//1541
f 1604//1604 1605//1605 1541//1541
f 1541//1541 1605//1605 1542//1542
f 1605//1605 1606//1606 1542//1542
f 1542//1542 1606//1606 1543//1543
f 1606//1606 1607//1607 1543//1543
f 1543//1543 1607//1607 1544//1544
f 1607//1607 1608//1608 1544//1544
f 1544//1544 1608//1608 1545//1545
f 1608//1608 1609//1609 1545//1545
f 1545//1545 1609//1609 1546//1546
f 1609//1609 1610//1610 1546//1546
f 1546//1546 1610//1610 1547//1547
f 1610//1610 1611//1611 1547//1547
f 1547//1547 1611//1611 1548//1548
f 1611//1611 1612//1612 1548//1548
f 1548//1548 1612//1612 1549//1549
f 1612//1612 1613//1613 1549//1549
f 1549//1549 1613//1613 1550//1550
f 1613//1613 1614//1614 1550//1550
f 1550//1550 1614//1614 1551//1551
f 1614//1614 1615//1615 1551//1551
f 1551//1551 1615//1615 1552//1552
f 1615//1615 1616//1616 1552//1552
f 1552//1552 1616//1616 1553//1553
f 1616//1616 1617//1617 1553//1553
f 1553//1553 1617//1617 1554//1554
f 1617//1617 1618//1618 1554//1554
f 1554//1554 1618//1618 1555//1555
f 1618//1618 1619//1619 1555//1555
f 1555//1555 1619//1619 1556//1556
f 1619//1619 1620//1620 1556//1556
f 1556//1556 1620//1620 1557//1557
f 1620//1620 1621//1621 1557//1557
f 1557//1557 1621//1621 1558//1558
f 1621//1621 1622//1622 1558//1558
f 1558//1558 1622//1622 1559//1559
f 1622//1622 1623//1623 1559//1559
f 1559//1559 1623//1623 1560//1560
f 1623//1623 1624//1624 1560//1560
f 1560//1560 1624//1624 1561//1561
f 1624//1624 1625//1625 1561//1561
f 1561//1561 1625//1625 1562//1562
f 1625//1625 1626//1626 1562//1562
f 1562//1562 1626//1626 1563//1563
f 1626//1626 1627//1627 1563//1563
f 1563//1563 1627//1627 1564//1564
f 1627//1627 1628//1628 1564//1564
f 1564//1564 1628//1628 1565//1565
f 1628//1628 1629//1629 1565//1565
f 1565//1565 1629//1629 1566//1566
f 1629//1629 1630//1630 1566//1566
f 1566//1566 1630//1630 1567//1567
f 1630//1630 1631//1631 1567//1567
f 1567//1567 1631//1631 1568//1568
f 1631//1631 1632//1632 1568//1568
f 1568//1568 1632//1632 1569//1569
f 1632//1632 1633//1633 1569//1569
f 1569//1569 1633//1633 1570//1570
f 1633//1633 1634//1634 1570//1570
f 1570//1570 1634//1634 1571//1571
f 1634//1634 1635//1635 1571//1571
f 1571//1571 1635//1635 1572//1572
f 1635//1635 1636//1636 1572//1572
f 1572//1572 1636//1636 1573//1573
f 1636//1636 1637//1637 1573//1573
f 1573//1573 1637//1637 1574//1574
f 1637//1637 1638//1638 1574//1574
f 1574//1574 1638//1638 1575//1575
f 1638//1638 1639//1639 1575//1575
f 1575//1575 1639//1639 1576//1576
f 1639//1639 1640//1640 1576//1576
f 1576//1576 1640//1640 1577//1577
f 1640//1640 1641//1641 1577//1577
f 1577//1577 1641//1641 1578//1578
f 1641//1641 1642//1642 1578//1578
f 1578//1578 1642//1642 1579//1579
f 1642//1642 1643//1643 1579//1579
f 1579//1579 1643//1643 1580//1580
f 1643//1643 1644//1644 1580//1580
f 1580//1580 1644//1644 1581//1581
f 1644//1644 1645//1645 1581//1581
f 1581//1581 1645//1645 1582//1582
f 1645//1645 1646//1646 1582//1582
f 1582//1582 1646//1646 1583//1583
f 1646//1646 1647//1647 1583//1583
f 1583//1583 1647//1647 1584//1584
f 1647//1647 1648//1648 1584//1584
f 1584//1584 1648//1648 1585//1585
f 1648//1648 1649//1649 1585//1585
f 1585//1585 1649//1649 1586//1586
f 1649//1649 1650//1650 1586//1586
f 1586//1586 1650//1650 1587//1587
f 1650//1650 1651//1651 1587//1587
f 1587//1587 1651//1651 1588//1588
f 1651//1651 1652//1652 1588//1588
f 1588//1588 1652//1652 1589//1589
f 1652//1652 1653//1653 1589//1589
f 1589//1589 1653//1653 1590//1590
f 1653//1653 1654//1654 1590//1590
f 1590//1590 1654//1654 1591//1591
f 1654//1654 1655//1655 1591//1591
f 1591//1591 1655//1655 1592//1592
f 1655//1655 1656//1656 1592//1592
f 1592//1592 1656//1656 1593//1593
f 1656//1656 1657//1657 1593//1593
f 1593//1593 1657//1657 1594//1594
f 1657//1657 1658//1658 1594//1594
f 1594//1594 1658//1658 1595//1595
f 1658//1658 1659//1659 1595//1595
f 1595//1595 1659//1659 1596//1596
f 1659//1659 1660//1660 1596//1596
f 1596//1596 1660//1660 1597//1597
f 1660//1660 1661//1661 1597//1597
f 1597//1597 1661//1661 1598//1598
f 1661//1661 1662//1662 1598//1598
f 1598//1598 1662//1662 1599//1599
f 1662//1662 1663//1663 1599//1599
f 1599//1599 1663//1663 1600//1600
f 1663//1663 1664//1664 1600//1600
f 1600//1600 1664//1664 1537//1537
f 1664//1664 1601//1601 1537//1537
f 1601//1601 1665//1665 1602//1602
f 1665//1665 1666//1666 1602//1602
f 1602//1602 1666//1666 1603//1603
f 1666//1666 1667//1667 1603//1603
f 1603//1603 1667//1667 1604//1604
f 1667//1667 1668//1668 1604//1604
f 1604//1604 1668//1668 1605//1605
f 1668//1668 1669//1669 1605//1605
f 1605//1605 1669//1669 1606//1606
f 1669//1669 1670//1670 1606//1606
f 1606//1606 1670//1670 1607//1607
f 1670//1670 1671//1671 1607//1607
f 1607//1607 1671//1671 1608//1608
f 1671//1671 1672//1672 1608//1608
f 1608//1608 1672//1672 1609//1609
f 1672//1672 1673//1673 1609//1609
f 1609//1609 1673//1673 1610//1610
f 1673//1673 1674//1674 1610//1610
f 1610//1610 1674//1674 1611//1611
f 1674//1674 1675//1675 1611//1611
f 1611//1611 1675//1675 1612//1612
f 1675//1675 1676//1676 1612//1612
f 1612//1612 1676//1676 1613//1613
f 1676//1676 1677//1677 1613//1613
f 1613//1613 1677//1677 1614//1614
f 1677//1677 1678//1678 1614//1614
f 1614//1614 1678//1678 1615//1615
f 1678//1678 1679//1679 1615//1615
f 1615//1615 1679//1679 1616//1616
f 1679//1679 1680//1680 1616//1616
f 1616//1616 1680//1680 1617//1617
f 1680//1680 1681//1681 1617//1617
f 1617//1617 1681//1681 1618//1618
f 1681//1681 1682//1682 1618//1618
f 1618//1618 1682//1682 1619//1619
f 1682//1682 1683//1683 1619//1619
f 1619//1619 1683//1683 1620//1620
f 1683//1683 1684//1684 1620//1620
f 1620//1620 1684//1684 1621//1621
f 1684//1684 1685//1685 1621//1621
f 1621//1621 1685//1685 1622//1622
f 1685//1685 1686//1686 1622//1622
f 1622//1622 1686//1686 1623//1623
f 1686//1686 1687//1687 1623//1623
f 1623//1623 1687//1687 1624//1624
f 1687//1687 1688//1688 1624//1624
f 1624//1624 1688//1688 1625//1625
f 1688//1688 1689//1689 1625//1625
f 1625//1625 1689//1689 1626//1626
f 1689//1689 1690//1690 1626//1626
f 1626//1626 1690//1690 1627//1627
f 1690//1690 1691//1691 1627//1627
f 1627//1627 1691//1691 1628//1628
f 1691//1691 1692//1692 1628//1628
f 1628//1628 1692//1692 1629//1629
f 1692//1692 1693//1693 1629//1629
f 1629//1629 1693//1693 1630//1630
f 1693//1693 1694//1694 1630//1630
f 1630//1630 1694//1694 1631//1631
f 1694//1694 1695//1695 1631//1631
f 1631//1631 1695//1695 1632//1632
f 1695//1695 1696//1696 1632//1632
f 1632//1632 1696//1696 1633//1633
f 1696//1696 1697//1697 1633//1633
f 1633//1633 1697//1697 1634//1634
f 1697//1697 1698//1698 1634//1634
f 1634//1634 1698//1698 1635//1635
f 1698//1698 1699//1699 1635//1635
f 1635//1635 1699//1699 1636//1636
f 1699//1699 1700//1700 1636//1636
f 1636//1636 1700//1700 1637//1637
f 1700//1700 1701//1701 1637//1637
f 1637//1637 1701//1701 1638//1638
f 1701//1701 1702//1702 1638//1638
f 1638//1638 1702//1702 1639//1639
f 1702//1702 1703//1703 1639//1639
f 1639//1639 1703//1703 1640//1640
f 1703//1703 1704//1704 1640//1640
f 1640//1640 1704//1704 1641//1641
f 1704//1704 1705//1705 1641//1641
f 1641//1641 1705//1705 1642//1642
f 1705//1705 1706//1706 1642//1642
f 1642//1642 1706//1706 1643//1643
f 1706//1706 1707//1707 1643//1643
f 1643//1643 1707//1707 1644//1644
f 1707//1707 1708//1708 1644//1644
f 1644//1644 1708//1708 1645//1645
f 1708//1708 1709//1709 1645//1645
f 1645//1645 1709//1709 1646//1646
f 1709//1709 1710//1710 1646//1646
f 1646//1646 1710//1710 1647//1647
f 1710//1710 1711//1711 1647//1647
f 1647//1647 1711//1711 1648//1648
f 1711//1711 1712//1712 1648//1648
f 1648//1648 1712//1712 1649//1649
f 1712//1712 1713//1713 1649//1649
f 1649//1649 1713//1713 1650//1650
f 1713//1713 1714//1714 1650//1650
f 1650//1650 1714//1714 1651//1651
f 1714//1714 1715//1715 1651//1651
f 1651//1651 1715//1715 1652//1652
f 1715//1715 1716//1716 1652//1652
f 1652//1652 1716//1716 1653//1653
f 1716//1716 1717//1717 1653//1653
f 1653//1653 1717//1717 1654//1654
f 1717//1717 1718//1718 1654//1654
f 1654//1654 1718//1718 1655//1655
f 1718//1718 1719//1719 1655//1655
f 1655//1655 1719//1719 1656//1656
f 1719//1719 1720//1720 1656//1656
f 1656//1656 1720//1720 1657//1657
f 1720//1720 1721//1721 1657//1657
f 1657//1657 1721//1721 1658//1658
f 1721//1721 1722//1722 1658//1658
f 1658//1658 1722//1722 1659//1659
f 1722//1722 1723//1723 1659//1659
f 1659//1659 1723//1723 1660//1660
f 1723//1723 1724//1724 1660//1660
f 1660//1660 1724//1724 1661//1661
f 1724//1724 1725//1725 1661//1661
f 1661//1661 1725//1725 1662//1662
f 1725//1725 1726//1726 1662//1662
f 1662//1662 1726//1726 1663//1663
f 1726//1726 1727//1727 1663//1663
f 1663//1663 1727//1727 1664//1664
f 1727//1727 1728//1728 1664//1664
f 1664//1664 1728//1728 1601//1601
f 1728//1728 1665//1665 1601//1601
f 1665//1665 1729//1729 1666//1666
f 1729//1729 1730//1730 1666//1666
f 1666//1666 1730//1730 1667//1667
f 1730//1730 1731//1731 1667//1667
f 1667//1667 1731//1731 1668//1668
f 1731//1731 1732//1732 1668//1668
f 1668//1668 1732//1732 1669//1669
f 1732//1732 1733//1733 1669//1669
f 1669//1669 1733//1733 1670//1670
f 1733//1733 1734//1734 1670//1670
f 1670//1670 1734//1734 1671//1671
f 1734//1734 1735//1735 1671//1671
f 1671//1671 1735//1735 1672//1672
f 1735//1735 1736//1736 1672//1672
f 1672//1672 1736//1736 1673//1673
f 1736//1736 1737//1737 1673//1673
f 1673//1673 1737//1737 1674//1674
f 1737//1737 1738//1738 1674//1674
f 1674//1674 1738//1738 1675//1675
f 1738//1738 1739//1739 1675//1675
f 1675//1675 1739//1739 1676//1676
f 1739//1739 1740//1740 1676//1676
f 1676//1676 1740//1740 1677//1677
f 1740//1740 1741//1741 1677//1677
f 1677//1677 1741//1741 1678//1678
f 1741//1741 1742//1742 1678//1678
f 1678//1678 1742//1742 1679//1679
f 1742//1742 1743//1743 1679//1679
f 1679//1679 1743//1743 1680//1680
f 1743//1743 1744//1744 1680//1680
f 1680//1680 1744//1744 1681//1681
f 1744//1744 1745//1745 1681//1681
f 1681//1681 1745//1745 1682//1682
f 1745//1745 1746//1746 1682//1682
f 1682//1682 1746//1746 1683//1683
f 1746//1746 1747//1747 1683//1683
f 1683//1683 1747//1747 1684//1684
f 1747//1747 1748//1748 1684//1684
f 1684//1684 1748//1748 1685//1685
f 1748//1748 1749//1749 1685//1685
f 1685//1685 1749//1749 1686//1686
f 1749//1749 1750//1750 1686//1686
f 1686//1686 1750//1750 1687//1687
f 1750//1750 1751//1751 1687//1687
f 1687//1687 1751//1751 1688//1688
f 1751//1751 1752//1752 1688//1688
f 1688//1688 1752//1752 1689//1689
f 1752//1752 1753//1753 1689//1689
f 1689//1689 1753//1753 1690//1690
f 1753//1753 1754//1754 1690//1690
f 1690//1690 1754//1754 1691//1691
f 1754//1754 1755//1755 1691//1691
f 1691//1691 1755//1755 1692//1692
f 1755//1755 1756//1756 1692//1692
f 1692//1692 1756//1756 1693//1693
f 1756//1756 1757//1757 1693//1693
f 1693//1693 1757//1757 1694//1694
f 1757//1757 1758//1758 1694//1694
f 1694//1694 1758//1758 1695//1695
f 1758//1758 1759//1759 1695//1695
f 1695//1695 1759//1759 1696//1696
f 1759//1759 1760//1760 1696//1696
f 1696//1696 1760//1760 1697//1697
f 1760//1760 1761//1761 1697//1697
f 1697//1697 1761//1761 1698//1698
f 1761//1761 1762//1762 1698//1698
f 1698//1698 1762//1762 1699//1699
f 1762//1762 1763//1763 1699//1699
f 1699//1699 1763//1763 1700//1700
f 1763//1763 1764//1764 1700//1700
f 1700//1700 1764//1764 1701//1701
f 1764//1764 1765//1765 1701//1701
f 1701//1701 1765//1765 1702//1702
f 1765//1765 1766//1766 1702//1702
f 1702//1702 1766//1766 1703//1703
f 1766//1766 1767//1767 1703//1703
f 1703//1703 1767//1767 1704//1704
f 1767//1767 1768//1768 1704//1704
f 1704//1704 1768//1768 1705//1705
f 1768//1768 1769//1769 1705//1705
f 1705//1705 1769//1769 1706//1706
f 1769//1769 1770//1770 1706//1706
f 1706//1706 1770//1770 1707//1707
f 1770//1770 1771//1771 1707//1707
f 1707//1707 1771//1771 1708//1708
f 1771//1771 1772//1772 1708//1708
f 1708//1708 1772//1772 1709//1709
f 1772//1772 1773//1773 1709//1709
f 1709//1709 1773//1773 1710//1710
f 1773//1773 1774//1774 1710//1710
f 1710//1710 1774//1774 1711//1711
f 1774//1774 1775//1775 1711//1711
f 1711//1711 1775//1775 1712//1712
f 1775//1775 1776//1776 1712//1712
f 1712//1712 1776//1776 1713//1713
f 1776//1776 1777//1777 1713//1713
f 1713//1713 1777//1777 1714//1714
f 1777//1777 1778//1778 1714//1714
f 1714//1714 1778//1778 1715//1715
f 1778//1778 1779//1779 1715//1715
f 1715//1715 1779//1779 1716//1716
f 1779//1779 1780//1780 1716//1716
f 1716//1716 1780//1780 1717//1717
f 1780//1780 1781//1781 1717//1717
f 1717//1717 1781//1781 1718//1718
f 1781//1781 1782//1782 1718//1718
f 1718//1718 1782//1782 1719//1719
f 1782//1782 1783//1783 1719//1719
f 1719//1719 1783//1783 1720//1720
f 1783//1783 1784//1784 1720//1720
f 1720//1720 1784//1784 1721//1721
f 1784//1784 1785//1785 1721//1721
f 1721//1721 1785//1785 1722//1722
f 1785//1785 1786//1786 1722//1722
f 1722//1722 1786//1786 1723//1723
f 1786//1786 1787//1787 1723//1723
f 1723//1723 1787//1787 1724//1724
f 1787//1787 1788//1788 1724//1724
f 1724//1724 1788//1788 1725//1725
f 1788//1788 1789//1789 1725//1725
f 1725//1725 1789//1789 1726//1726
f 1789//1789 1790//1790 1726//1726
f 1726//1726 1790//1790 1727//1727
f 1790//1790 1791//1791 1727//1727
f 1727//1727 1791//1791 1728//1728
f 1791//1791 1792//1792 1728//1728
f 1728//1728 1792//1792 1665//1665
f 1792//1792 1729//1729 1665//1665
f 1729//1729 1793//1793 1730//1730
f 1793//1793 1794//1794 1730//1730
f 1730//1730 1794//1794 1731//1731
f 1794//1794 1795//1795 1731//1731
f 1731//1731 1795//1795 1732//1732
f 1795//1795 1796//1796 1732//1732
f 1732//1732 1796//1796 1733//1733
f 1796//1796 1797//1797 1733//1733
f 1733//1733 1797//1797 1734//1734
f 1797//1797 1798//1798 1734//1734
f 1734//1734 1798//1798 1735//1735
f 1798//1798 1799//1799 1735//1735
f 1735//1735 1799//1799 1736//1736
f 1799//1799 1800//1800 1736//1736
f 1736//1736 1800//1800 1737//1737
f 1800//1800 1801//1801 1737//1737
f 1737//1737 1801//1801 1738//1738
f 1801//1801 1802//1802 1738//1738
f 1738//1738 1802//1802 1739//1739
f 1802//1802 1803//1803 1739//1739
f 1739//1739 1803//1803 1740//1740
f 1803//1803 1804//1804 1740//1740
f 1740//1740 1804//1804 1741//1741
f 1804//1804 1805//1805 1741//1741
f 1741//1741 1805//1805 1742//1742
f 1805//1805 1806//1806 1742//1742
f 1742//1742 1806//1806 1743//1743
f 1806//1806 1807//1807 1743//1743
f 1743//1743 1807//1807 1744//1744
f 1807//1807 1808//1808 1744//1744
f 1744//1744 1808//1808 1745//1745
f 1808//1808 1809//1809 1745//1745
f 1745//1745 1809//1809 1746//1746
f 1809//1809 1810//1810 1746//1746
f 1746//1746 1810//1810 1747//1747
f 1810//1810 1811//1811 1747//1747
f 1747//1747 1811//1811 1748//1748
f 1811//1811 1812//1812 1748//1748
f 1748//1748 1812//1812 1749//1749
f 1812//1812 1813//1813 1749//1749
f 1749//1749 1813//1813 1750//1750
f 1813//1813 1814//1814 1750//1750
f 1750//1750 1814//1814 1751//1751
f 1814//1814 1815//1815 1751//1751
f 1751//1751 1815//1815 1752//1752
f 1815//1815 1816//1816 1752//1752
f 1752//1752 1816//1816 1753//1753
f 1816//1816 1817//1817 1753//1753
f 1753//1753 1817//1817 1754//1754
f 1817//1817 1818//1818 1754//1754
f 1754//1754 1818//1818 1755//1755
f 1818//1818 1819//1819 1755//1755
f 1755//1755 1819//1819 1756//1756
f 1819//1819 1820//1820 1756//1756
f 1756//1756 1820//1820 1757//1757
f 1820//1820 1821//1821 1757//1757
f 1757//1757 1821//1821 1758//1758
f 1821//1821 1822//1822 1758//1758
f 1758//1758 1822//1822 1759//1759
f 1822//1822 1823//1823 1759//1759
f 1759//1759 1823//1823 1760//1760
f 1823//1823 1824//1824 1760//1760
f 1760//1760 1824//1824 1761//1761
f 1824//1824 1825//1825 1761//1761
f 1761//1761 1825//1825 1762//1762
f 1825//1825 1826//1826 1762//1762
f 1762//1762 1826//1826 1763//1763
f 1826//1826 1827//1827 1763//1763
f 1763//1763 1827//1827 1764//1764
f 1827//1827 1828//1828 1764//1764
f 1764//1764 1828//1828 1765//1765
f 1828//1828 1829//1829 1765//1765
f 1765//1765 1829//1829 1766//1766
f 1829//1829 1830//1830 1766//1766
f 1766//1766 1830//1830 1767//1767
f 1830//1830 1831//1831 1767//1767
f 1767//1767 1831//1831 1768//1768
f 1831//1831 1832//1832 1768//1768
f 1768//1768 1832//1832 1769//1769
f 1832//1832 1833//1833 1769//1769
f 1769//1769 1833//1833 1770//1770
f 1833//1833 1834//1834 1770//1770
f 1770//1770 1834//1834 1771//1771
f 1834//1834 1835//1835 1771//1771
f 1771//1771 1835//1835 1772//1772
f 1835//1835 1836//1836 1772//1772
f 1772//1772 1836//1836 1773//1773
f 1836//1836 1837//1837 1773//1773
f 1773//1773 1837//1837 1774//1774
f 1837//1837 1838//1838 1774//1774
f 1774//1774 1838//1838 1775//1775
f 1838//1838 1839//1839 1775//1775
f 1775//1775 1839//1839 1776//1776
f 1839//1839 1840//1840 1776//1776
f 1776//1776 1840//1840 1777//1777
f 1840//1840 1841//1841 1777//1777
f 1777//1777 1841//1841 1778//1778
f 1841//1841 1842//1842 1778//1778
f 1778//1778 1842//1842 1779//1779
f 1842//1842 1843//1843 1779//1779
f 1779//1779 1843//1843 1780//1780
f 1843//1843 1844//1844 1780//1780
f 1780//1780 1844//1844 1781//1781
f 1844//1844 1845//1845 1781//1781
f 1781//1781 1845//1845 1782//1782
f 1845//1845 1846//1846 1782//1782
f 1782//1782 1846//1846 1783//1783
f 1846//1846 1847//1847 1783//1783
f 1783//1783 1847//1847 1784//1784
f 1847//1847 1848//1848 1784//1784
f 1784//1784 1848//1848 1785//1785
f 1848//1848 1849//1849 1785//1785
f 1785//1785 1849//1849 1786//1786
f 1849//1849 1850//1850 1786//1786
f 1786//1786 1850//1850 1787//1787
f 1850//1850 1851//1851 1787//1787
f 1787//1787 1851//1851 1788//1788
f 1851//1851 1852//1852 1788//1788
f 1788//1788 1852//1852 1789//1789
f 1852//1852 1853//1853 1789//1789
f 1789//1789 1853//1853 1790//1790
f 1853//1853 1854//1854 1790//1790
f 1790//1790 1854//1854 1791//1791
f 1854//1854 1855//1855 1791//1791
f 1791//1791 1855//1855 1792//1792
f 1855//1855 1856//1856 1792//1792
f 1792//1792 1856//1856 1729//1729
f 1856//1856 1793//1793 1729//1729
f 1793//1793 1857//1857 1794//1794
f 1857//1857 1858//1858 1794//1794
f 1794//1794 1858//1858 1795//1795
f 1858//1858 1859//1859 1795//1795
f 1795//1795 1859//1859 1796//1796
f 1859//1859 1860//1860 1796//1796
f 1796//1796 1860//1860 1797//1797
f 1860//1860 1861//1861 1797//1797
f 1797//1797 1861//1861 1798//1798
f 1861//1861 1862//1862 1798//1798
f 1798//1798 1862//1862 1799//1799
f 1862//1862 1863//1863 1799//1799
f 1799//1799 1863//1863 1800//1800
f 1863//1863 1864//1864 1800//1800
f 1800//1800 1864//1864 1801//1801
f 1864//1864 1865//1865 1801//1801
f 1801//1801 1865//1865 1802//1802
f 1865//1865 1866//1866 1802//1802
f 1802//1802 1866//1866 1803//1803
f 1866//1866 1867//1867 1803//1803
f 1803//1803 1867//1867 1804//1804
f 1867//1867 1868//1868 1804//1804
f 1804//1804 1868//1868 1805//1805
f 1868//1868 1869//1869 1805//1805
f 1805//1805 1869//1869 1806//1806
f 1869//1869 1870//1870 1806//1806
f 1806//1806 1870//1870 1807//1807
f 1870//1870 1871//1871 1807//1807
f 1807//1807 1871//1871 1808//1808
f 1871//1871 1872//1872 1808//1808
f 1808//1808 1872//1872 1809//1809
f 1872//1872 1873//1873 1809//1809
f 1809//1809 1873//1873 1810//1810
f 1873//1873 1874//1874 1810//1810
f 1810//1810 1874//1874 1811//1811
f 1874//1874 1875//1875 1811//1811
f 1811//1811 1875//1875 1812//1812
f 1875//1875 1876//1876 1812//1812
f 1812//1812 1876//1876 1813//1813
f 1876//1876 1877//1877 1813//1813
f 1813//1813 1877//1877 1814//1814
f 1877//1877 1878//1878 1814//1814
f 1814//1814 1878//1878 1815//1815
f 1878//1878 1879//1879 1815//1815
f 1815//1815 1879//1879 1816//1816
f 1879//1879 1880//1880 1816//1816
f 1816//1816 1880//1880 1817//1817
f 1880//1880 1881//1881 1817//1817
f 1817//1817 1881//1881 1818//1818
f 1881//1881 1882//1882 1818//1818
f 1818//1818 1882//1882 1819//1819
f 1882//1882 1883//1883 1819//1819
f 1819//1819 1883//1883 1820//1820
f 1883//1883 1884//1884 1820//1820
f 1820//1820 1884//1884 1821//1821
f 1884//1884 1885//1885 1821//1821
f 1821//1821 1885//1885 1822//1822
f 1885//1885 1886//1886 1822//1822
f 1822//1822 1886//1886 1823//1823
f 1886//1886 1887//1887 1823//1823
f 1823//1823 1887//1887 1824//1824
f 1887//1887 1888//1888 1824//1824
f 1824//1824 1888//1888 1825//1825
f 1888//1888 1889//1889 1825//1825
f 1825//1825 1889//1889 1826//1826
f 1889//1889 1890//1890 1826//1826
f 1826//1826 1890//1890 1827//1827
f 1890//1890 1891//1891 1827//1827
f 1827//1827 1891//1891 1828//1828
f 1891//1891 1892//1892 1828//1828
f 1828//1828 1892//1892 1829//1829
f 1892//1892 1893//1893 1829//1829
f 1829//1829 1893//1893 1830//1830
f 1893//1893 1894//1894 1830//1830
f 1830//1830 1894//1894 1831//1831
f 1894//1894 1895//1895 1831//1831
f 1831//1831 1895//1895 1832//1832
f 1895//1895 1896//1896 1832//1832
f 1832//1832 1896//1896 1833//1833
f 1896//1896 1897//1897 1833//1833
f 1833//1833 1897//1897 1834//1834
f 1897//1897 1898//1898 1834//1834
f 1834//1834 1898//1898 1835//1835
f 1898//1898 1899//1899 1835//1835
f 1835//1835 1899//1899 1836//1836
f 1899//1899 1900//1900 1836//1836
f 1836//1836 1900//1900 1837//1837
f 1900//1900 1901//1901 1837//1837
f 1837//1837 1901//1901 1838//1838
f 1901//1901 1902//1902 1838//1838
f 1838//1838 1902//1902 1839//1839
f 1902//1902 1903//1903 1839//1839
f 1839//1839 1903//1903 1840//1840
f 1903//1903 1904//1904 1840//1840
f 1840//1840 1904//1904 1841//1841
f 1904//1904 1905//1905 1841//1841
f 1841//1841 1905//1905 1842//1842
f 1905//1905 1906//1906 1842//1842
f 1842//1842 1906//1906 1843//1843
f 1906//1906 1907//1907 1843//1843
f 1843//1843 1907//1907 1844//1844
f 1907//1907 1908//1908 1844//1844
f 1844//1844 1908//1908 1845//1845
f 1908//1908 1909//1909 1845//1845
f 1845//1845 1909//1909 1846//1846
f 1909//1909 1910//1910 1846//1846
f 1846//1846 1910//1910 1847//1847
f 1910//1910 1911//1911 1847//1847
f 1847//1847 1911//1911 1848//1848
f 1911//1911 1912//1912 1848//1848
f 1848//1848 1912//1912 1849//1849
f 1912//1912 1913//1913 1849//1849
f 1849//1849 1913//1913 1850//1850
f 1913//1913 1914//1914 1850//1850
f 1850//1850 1914//1914 1851//1851
f 1914//1914 1915//1915 1851//1851
f 1851//1851 1915//1915 1852//1852
f 1915//1915 1916//1916 1852//1852
f 1852//1852 1916//1916 1853//1853
f 1916//1916 1917//1917 1853//1853
f 1853//1853 1917//1917 1854//1854
f 1917//1917 1918//1918 1854//1854
f 1854//1854 1918//1918 1855//1855
f 1918//1918 1919//1919 1855//1855
f 1855//1855 1919//1919 1856//1856
f 1919//1919 1920//1920 1856//1856
f 1856//1856 1920//1920 1793//1793
f 1920//1920 1857//1857 1793//1793
f 1857//1857 1921//1921 1858//1858
f 1921//1921 1922//1922 1858//1858
f 1858//1858 1922//1922 1859//1859
f 1922//1922 1923//1923 1859//1859
f 1859//1859 1923//1923 1860//1860
f 1923//1923 1924//1924 1860//1860
f 1860//1860 1924//1924 1861//1861
f 1924//1924 1925//1925 1861//1861
f 1861//1861 1925//1925 1862//1862
f 1925//1925 1926//1926 1862//1862
f 1862//1862 1926//1926 1863//1863
f 1926//1926 1927//1927 1863//1863
f 1863//1863 1927//1927 1864//1864
f 1927//1927 1928//1928 1864//1864
f 1864//1864 1928//1928 1865//1865
f 1928//1928 1929//1929 1865//1865
f 1865//1865 1929//1929 1866//1866
f 1929//1929 1930//1930 1866//1866
f 1866//1866 1930//1930 1867//1867
f 1930//1930 1931//1931 1867//1867
f 1867//1867 1931//1931 1868//1868
f 1931//1931 1932//1932 1868//1868
f 1868//1868 1932//1932 1869//1869
f 1932//1932 1933//1933 1869//1869
f 1869//1869 1933//1933 1870//1870
f 1933//1933 1934//1934 1870//1870
f 1870//1870 1934//1934 1871//1871
f 1934//1934 1935//1935 1871//1871
f 1871//1871 1935//1935 1872//1872
f 1935//1935 1936//1936 1872//1872
f 1872//1872 1936//1936 1873//1873
f 1936//1936 1937//1937 1873//1873
f 1873//1873 1937//1937 1874//1874
f 1937//1937 1938//1938 1874//1874
f 1874//1874 1938//1938 1875//1875
f 1938//1938 1939//1939 1875//1875
f 1875//1875 1939//1939 1876//1876
f 1939//1939 1940//1940 1876//1876
f 1876//1876 1940//1940 1877//1877
f 1940//1940 1941//1941 1877//1877
f 1877//1877 1941//1941 1878//1878
f 1941//1941 1942//1942 1878//1878
f 1878//1878 1942//1942 1879//1879
f 1942//1942 1943//1943 1879//1879
f 1879//1879 1943//1943 1880//1880
f 1943//1943 1944//1944 1880//1880
f 1880//1880 1944//1944 1881//1881
f 1944//1944 1945//1945 1881//1881
f 1881//1881 1945//1945 1882//1882
f 1945//1945 1946//1946 1882//1882
f 1882//1882 1946//1946 1883//1883
f 1946//1946 1947//1947 1883//1883
f 1883//1883 1947//1947 1884//1884
f 1947//1947 1948//1948 1884//1884
f 1884//1884 1948//1948 1885//1885
f 1948//1948 1949//1949 1885//1885
f 1885//1885 1949//1949 1886//1886
f 1949//1949 1950//1950 1886//1886
f 1886//1886 1950//1950 1887//1887
f 1950//1950 1951//1951 1887//1887
f 1887//1887 1951//1951 1888//1888
f 1951//1951 1952//1952 1888//1888
f 1888//1888 1952//1952 1889//1889
f 1952//1952 1953//1953 1889//1889
f 1889//1889 1953//1953 1890//1890
f 1953//1953 1954//1954 1890//1890
f 1890//1890 1954//1954 1891//1891
f 1954//1954 1955//1955 1891//1891
f 1891//1891 1955//1955 1892//1892
f 1955//1955 1956//1956 1892//1892
f 1892//1892 1956//1956 1893//1893
f 1956//1956 1957//1957 1893//1893
f 1893//1893 1957//1957 1894//1894
f 1957//1957 1958//1958 1894//1894
f 1894//1894 1958//1958 1895//1895
f 1958//1958 1959//1959 1895//1895
f 1895//1895 1959//1959 1896//1896
f 1959//1959 1960//1960 1896//1896
f 1896//1896 1960//1960 1897//1897
f 1960//1960 1961//1961 1897//1897
f 1897//1897 1961//1961 1898//1898
f 1961//1961 1962//1962 1898//1898
f 1898//1898 1962//1962 1899//1899
f 1962//1962 1963//1963 1899//1899
f 1899//1899 1963//1963 1900//1900
f 1963//1963 1964//1964 1900//1900
f 1900//1900 1964//1964 1901//1901
f 1964//1964 1965//1965 1901//1901
f 1901//1901 1965//1965 1902//1902
f 1965//1965 1966//1966 1902//1902
f 1902//1902 1966//1966 1903//1903
f 1966//1966 1967//1967 1903//1903
f 1903//1903 1967//1967 1904//1904
f 1967//1967 1968//1968 1904//1904
f 1904//1904 1968//1968 1905//1905
f 1968//1968 1969//1969 1905//1905
f 1905//1905 1969//1969 1906//1906
f 1969//1969 1970//1970 1906//1906
f 1906//1906 1970//1970 1907//1907
f 1970//1970 1971//1971 1907//1907
f 1907//1907 1971//1971 1908//1908
f 1971//1971 1972//1972 1908//1908
f 1908//1908 1972//1972 1909//1909
f 1972//1972 1973//1973 1909//1909
f 1909//1909 1973//1973 1910//1910
f 1973//1973 1974//1974 1910//1910
f 1910//1910 1974//1974 1911//1911
f 1974//1974 1975//1975 1911//1911
f 1911//1911 1975//1975 1912//1912
f 1975//1975 1976//1976 1912//1912
f 1912//1912 1976//1976 1913//1913
f 1976//1976 1977//1977 1913//1913
f 1913//1913 1977//1977 1914//1914
f 1977//1977 1978//1978 1914//1914
f 1914//1914 1978//1978 1915//1915
f 1978//1978 1979//1979 1915//1915
f 1915//1915 1979//1979 1916//1916
f 1979//1979 1980//1980 1916//1916
f 1916//1916 1980//1980 1917//1917
f 1980//1980 1981//1981 1917//1917
f 1917//1917 1981//1981 1918//1918
f 1981//1981 1982//1982 1918//1918
f 1918//1918 1982//1982 1919//1919
f 1982//1982 1983//1983 1919//1919
f 1919//1919 1983//1983 1920//1920
f 1983//1983 1984//1984 1920//1920
f 1920//1920 1984//1984 1857//1857
f 1984//1984 1921//1921 1857//1857
f 1921//1921 1985//1985 1922//1922
f 1985//1985 1986//1986 1922//1922
f 1922//1922 1986//1986 1923//1923
f 1986//1986 1987//1987 1923//1923
f 1923//1923 1987//1987 1924//1924
f 1987//1987 1988//1988 1924//1924
f 1924//1924 1988//1988 1925//1925
f 1988//1988 1989//1989 1925//1925
f 1925//1925 1989//1989 1926//1926
f 1989//1989 1990//1990 1926//1926
f 1926//1926 1990//1990 1927//1927
f 1990//1990 1991//1991 1927//1927
f 1927//1927 1991//1991 1928//1928
f 1991//1991 1992//1992 1928//1928
f 1928//1928 1992//1992 1929//1929
f 1992//1992 1993//1993 1929//1929
f 1929//1929 1993//1993 1930//1930
f 1993//1993 1994//1994 1930//1930
f 1930//1930 1994//1994 1931//1931
f 1994//1994 1995//1995 1931//1931
f 1931//1931 1995//1995 1932//1932
f 1995//1995 1996//1996 1932//1932
f 1932//1932 1996//1996 1933//1933
f 1996//1996 1997//1997 1933//1933
f 1933//1933 1997//1997 1934//1934
f 1997//1997 1998//1998 1934//1934
f 1934//1934 1998//1998 1935//1935
f 1998//1998 1999//1999 1935//1935
f 1935//1935 1999//1999 1936//1936
f 1999//1999 2000//2000 1936//1936
f 1936//1936 2000//2000 1937//1937
f 2000//2000 2001//2001 1937//1937
f 1937//1937 2001//2001 1938//1938
f 2001//2001 2002//2002 1938//1938
f 1938//1938 2002//2002 1939//1939
f 2002//2002 2003//2003 1939//1939
f 1939//1939 2003//2003 1940//1940
f 2003//2003 2004//2004 1940//1940
f 1940//1940 2004//2004 1941//1941
f 2004//2004 2005//2005 1941//1941
f 1941//1941 2005//2005 1942//1942
f 2005//2005 2006//2006 1942//1942
f 1942//1942 2006//2006 1943//1943
f 2006//2006 2007//2007 1943//1943
f 1943//1943 2007//2007 1944//1944
f 2007//2007 2008//2008 1944//1944
f 1944//1944 2008//2008 1945//1945
f 2008//2008 2009//2009 1945//1945
f 1945//1945 2009//2009 1946//1946
f 2009//2009 2010//2010 1946//1946
f 1946//1946 2010//2010 1947//1947
f 2010//2010 2011//2011 1947//1947
f 1947//1947 2011//2011 1948//1948
f 2011//2011 2012//2012 1948//1948
f 1948//1948 2012//2012 1949//1949
f 2012//2012 2013//2013 1949//1949
f 1949//1949 2013//2013 1950//1950
f 2013//2013 2014//2014 1950//1950
f 1950//1950 2014//2014 1951//1951
f 2014//2014 2015//2015 1951//1951
f 1951//1951 2015//2015 1952//1952
f 2015//2015 2016//2016 1952//1952
f 1952//1952 2016//2016 1953//1953
f 2016//2016 2017//2017 1953//1953
f 1953//1953 2017//2017 1954//1954
f 2017//2017 2018//2018 1954//1954
f 1954//1954 2018//2018 1955//1955
f 2018//2018 2019//2019 1955//1955
f 1955//1955 2019//2019 1956//1956
f 2019//2019 2020//2020 1956//1956
f 1956//1956 2020//2020 1957//1957
f 2020//2020 2021//2021 1957//1957
f 1957//1957 2021//2021 1958//1958
f 2021//2021 2022//2022 1958//1958
f 1958//1958 2022//2022 1959//1959
f 2022//2022 2023//2023 1959//1959
f 1959//1959 2023//2023 1960//1960
f 2023//2023 2024//2024 1960//1960
f 1960//1960 2024//2024 1961//1961
f 2024//2024 2025//2025 1961//1961
f 1961//1961 2025//2025 1962//1962
f 2025//2025 2026//2026 1962//1962
f 1962//1962 2026//2026 1963//1963
f 2026//2026 2027//2027 1963//1963
f 1963//1963 2027//2027 1964//1964
f 2027//2027 2028//2028 1964//1964
f 1964//1964 2028//2028 1965//1965
f 2028//2028 2029//2029 1965//1965
f 1965//1965 2029//2029 1966//1966
f 2029//2029 2030//2030 1966//1966
f 1966//1966 2030//2030 1967//1967
f 2030//2030 2031//2031 1967//1967
f 1967//1967 2031//2031 1968//1968
f 2031//2031 2032//2032 1968//1968
f 1968//1968 2032//2032 1969//1969
f 2032//2032 2033//2033 1969//1969
f 1969//1969 2033//2033 1970//1970
f 2033//2033 2034//2034 1970//1970
f 1970//1970 2034//2034 1971//1971
f 2034//2034 2035//2035 1971//1971
f 1971//1971 2035//2035 1972//1972
f 2035//2035 2036//2036 1972//1972
f 1972//1972 2036//2036 1973//1973
f 2036//2036 2037//2037 1973//1973
f 1973//1973 2037//2037 1974//1974
f 2037//2037 2038//2038 1974//1974
f 1974//1974 2038//2038 1975//1975
f 2038//2038 2039//2039 1975//1975
f 1975//1975 2039//2039 1976//1976
f 2039//2039 2040//2040 1976//1976
f 1976//1976 2040//2040 1977//1977
f 2040//2040 2041//2041 1977//1977
f 1977//1977 2041//2041 1978//1978
f 2041//2041 2042//2042 1978//1978
f 1978//1978 2042//2042 1979//1979
f 2042//2042 2043//2043 1979//1979
f 1979//1979 2043//2043 1980//1980
f 2043//2043 2044//2044 1980//1980
f 1980//1980 2044//2044 1981//1981
f 2044//2044 2045//2045 1981//1981
f 1981//1981 2045//2045 1982//1982
f 2045//2045 2046//2046 1982//1982
f 1982//1982 2046//2046 1983//1983
f 2046//2046 2047//2047 1983//1983
f 1983//1983 2047//2047 1984//1984
f 2047//2047 2048//2048 1984//1984
f 1984//1984 2048//2048 1921//1921
f 2048//2048 1985//1985 1921//1921
f 1985//1985 2049//2049 1986//1986
f 1986//1986 2050//2050 1987//1987
f 1987//1987 2051//2051 1988//1988
f 1988//1988 2052//2052 1989//1989
f 1989//1989 2053//2053 1990//1990
f 1990//1990 2054//2054 1991//1991
f 1991//1991 2055//2055 1992//1992
f 1992//1992 2056//2056 1993//1993
f 1993//1993 2057//2057 1994//1994
f 1994//1994 2058//2058 1995//1995
f 1995//1995 2059//2059 1996//1996
f 1996//1996 2060//2060 1997//1997
f 1997//1997 2061//2061 1998//1998
f 1998//1998 2062//2062 1999//1999
f 1999//1999 2063//2063 2000//2000
f 2000//2000 2064//2064 2001//2001
f 2001//2001 2065//2065 2002//2002
f 2002//2002 2066//2066 2003//2003
f 2003//2003 2067//2067 2004//2004
f 2004//2004 2068//2068 2005//2005
f 2005//2005 2069//2069 2006//2006
f 2006//2006 2070//2070 2007//2007
f 2007//2007 2071//2071 2008//2008
f 2008//2008 2072//2072 2009//2009
f 2009//2009 2073//2073 2010//2010
f 2010//2010 2074//2074 2011//2011
f 2011//2011 2075//2075 2012//2012
f 2012//2012 2076//2076 2013//2013
f 2013//2013 2077//2077 2014//2014
f 2014//2014 2078//2078 2015//2015
f 2015//2015 2079//2079 2016//2016
f 2016//2016 2080//2080 2017//2017
f 2017//2017 2081//2081 2018//2018
f 2018//2018 2082//2082 2019//2019
f 2019//2019 2083//2083 2020//2020
f 2020//2020 2084//2084 2021//2021
f 2021//2021 2085//2085 2022//2022
f 2022//2022 2086//2086 2023//2023
f 2023//2023 2087//2087 2024//2024
f 2024//2024 2088//2088 2025//2025
f 2025//2025 2089//2089 2026//2026
f 2026//2026 2090//2090 2027//2027
f 2027//2027 2091//2091 2028//2028
f 2028//2028 2092//2092 2029//2029
f 2029//2029 2093//2093 2030//2030
f 2030//2030 2094//2094 2031//2031
f 2031//2031 2095//2095 2032//2032
f 2032//2032 2096//2096 2033//2033
f 2033//2033 2097//2097 2034//2034
f 2034//2034 2098//2098 2035//2035
f 2035//2035 2099//2099 2036//2036
f 2036//2036 2100//2100 2037//2037
f 2037//2037 2101//2101 2038//2038
f 2038//2038 2102//2102 2039//2039
f 2039//2039 2103//2103 2040//2040
f 2040//2040 2104//2104 2041//2041
f 2041//2041 2105//2105 2042//2042
f 2042//2042 2106//2106 2043//2043
f 2043//2043 2107//2107 2044//2044
f 2044//2044 2108//2108 2045//2045
f 2045//2045 2109//2109 2046//2046
f 2046//2046 2110//2110 2047//2047
f 2047//2047 2111//2111 2048//2048
f 2048//2048 2112//2112 1985//1985
