ply
format ascii 1.0
element vertex 2112
property float x
property float y
property float z
element face 3968
property list uchar int vertex_indices
end_header
0.000000 0.000000 10.000000
0.000000 0.000000 10.000000
0.000000 0.000000 10.000000
0.000000 0.000000 10.000000
0.000000 0.000000 10.000000
0.000000 0.000000 10.000000
0.000000 0.000000 10.000000
0.000000 0.000000 10.000000
0.000000 0.000000 10.000000
0.000000 0.000000 10.000000
0.000000 0.000000 10.000000
0.000000 0.000000 10.000000
0.000000 0.000000 10.000000
0.000000 0.000000 10.000000
0.000000 0.000000 10.000000
0.000000 0.000000 10.000000
0.000000 0.000000 10.000000
-0.000000 0.000000 10.000000
-0.000000 0.000000 10.000000
-0.000000 0.000000 10.000000
-0.000000 0.000000 10.000000
-0.000000 0.000000 10.000000
-0.000000 0.000000 10.000000
-0.000000 0.000000 10.000000
-0.000000 0.000000 10.000000
-0.000000 0.000000 10.000000
-0.000000 0.000000 10.000000
-0.000000 0.000000 10.000000
-0.000000 0.000000 10.000000
-0.000000 0.000000 10.000000
-0.000000 0.000000 10.000000
-0.000000 0.000000 10.000000
-0.000000 0.000000 10.000000
-0.000000 -0.000000 10.000000
-0.000000 -0.000000 10.000000
-0.000000 -0.000000 10.000000
-0.000000 -0.000000 10.000000
-0.000000 -0.000000 10.000000
-0.000000 -0.000000 10.000000
-0.000000 -0.000000 10.000000
-0.000000 -0.000000 10.000000
-0.000000 -0.000000 10.000000
-0.000000 -0.000000 10.000000
-0.000000 -0.000000 10.000000
-0.000000 -0.000000 10.000000
-0.000000 -0.000000 10.000000
-0.000000 -0.000000 10.000000
-0.000000 -0.000000 10.000000
-0.000000 -0.000000 10.000000
0.000000 -0.000000 10.000000
0.000000 -0.000000 10.000000
0.000000 -0.000000 10.000000
0.000000 -0.000000 10.000000
0.000000 -0.000000 10.000000
0.000000 -0.000000 10.000000
0.000000 -0.000000 10.000000
0.000000 -0.000000 10.000000
0.000000 -0.000000 10.000000
0.000000 -0.000000 10.000000
0.000000 -0.000000 10.000000
0.000000 -0.000000 10.000000
0.000000 -0.000000 10.000000
0.000000 -0.000000 10.000000
0.000000 -0.000000 10.000000
1.036436 0.000000 10.523108
1.029034 0.101351 10.498510
1.007221 0.200349 10.426833
0.972122 0.294890 10.314252
0.925453 0.383335 10.170460
0.869298 0.464649 10.007841
0.805856 0.538456 9.840400
0.737180 0.604988 9.682557
0.664954 0.664954 9.547905
0.590335 0.719325 9.448040
0.513896 0.769100 9.391562
0.435655 0.815052 9.383337
0.355203 0.857536 9.424071
0.271903 0.896345 9.510257
0.185124 0.930680 9.634472
0.094473 0.959198 9.786019
0.000000 0.980171 9.951847
-0.097674 0.991706 10.117676
-0.197320 0.991996 10.269223
-0.297154 0.979586 10.393438
-0.394988 0.953585 10.479624
-0.488445 0.913816 10.520357
-0.575212 0.860866 10.512132
-0.653293 0.796040 10.455654
-0.721218 0.721218 10.355790
-0.778185 0.638640 10.221138
-0.824109 0.550652 10.063294
-0.859570 0.459450 9.895854
-0.885668 0.366856 9.733235
-0.903809 0.274167 9.589443
-0.915455 0.182095 9.476861
-0.921869 0.090796 9.405185
-0.923907 0.000000 9.380587
-0.921869 -0.090796 9.405185
-0.915455 -0.182095 9.476861
-0.903809 -0.274167 9.589443
-0.885668 -0.366856 9.733235
-0.859570 -0.459450 9.895854
-0.824109 -0.550652 10.063294
-0.778185 -0.638640 10.221138
-0.721218 -0.721218 10.355790
-0.653293 -0.796040 10.455654
-0.575212 -0.860866 10.512132
-0.488445 -0.913816 10.520357
-0.394988 -0.953585 10.479624
-0.297154 -0.979586 10.393438
-0.197320 -0.991996 10.269223
-0.097674 -0.991706 10.117676
-0.000000 -0.980171 9.951847
0.094473 -0.959198 9.786019
0.185124 -0.930680 9.634472
0.271903 -0.896345 9.510257
0.355203 -0.857536 9.424071
0.435655 -0.815052 9.383337
0.513896 -0.769100 9.391562
0.590335 -0.719325 9.448040
0.664954 -0.664954 9.547905
0.737180 -0.604988 9.682557
0.805856 -0.538456 9.840400
0.869298 -0.464649 10.007841
0.925453 -0.383335 10.170460
0.972122 -0.294890 10.314252
1.007221 -0.200349 10.426833
1.029034 -0.101351 10.498510
2.157828 0.000000 10.848133
2.138570 0.210631 10.803339
2.082163 0.414168 10.672814
1.992517 0.604423 10.467799
1.875558 0.776882 10.205951
1.738430 0.929210 9.909818
1.588551 1.061436 9.604904
1.432666 1.175759 9.317469
1.276035 1.276035 9.072264
1.121869 1.367001 8.890408
0.971112 1.453371 8.787561
0.822576 1.538931 8.772582
0.673419 1.625778 8.846760
0.519885 1.713831 9.003706
0.358175 1.800665 9.229904
0.185334 1.881731 9.505876
0.000000 1.950903 9.807853
-0.197110 2.001287 10.109830
-0.403030 2.026169 10.385801
-0.612750 2.019965 10.612000
-0.819737 1.979021 10.768946
-1.016723 1.902155 10.843123
-1.196616 1.790862 10.828144
-1.353411 1.649136 10.725298
-1.482959 1.482959 10.543442
-1.583471 1.299521 10.298238
-1.655682 1.106292 10.010801
-1.702656 0.910088 9.705888
-1.729241 0.716275 9.409755
-1.741279 0.528211 9.147906
-1.744672 0.347037 8.942892
-1.744448 0.171813 8.812367
-1.743979 0.000000 8.767573
-1.744448 -0.171813 8.812367
-1.744672 -0.347037 8.942892
-1.741279 -0.528211 9.147906
-1.729241 -0.716275 9.409755
-1.702656 -0.910088 9.705888
-1.655682 -1.106292 10.010801
-1.583471 -1.299521 10.298238
-1.482959 -1.482959 10.543442
-1.353411 -1.649136 10.725298
-1.196616 -1.790862 10.828144
-1.016723 -1.902155 10.843123
-0.819737 -1.979021 10.768946
-0.612750 -2.019965 10.612000
-0.403030 -2.026169 10.385801
-0.197110 -2.001287 10.109830
-0.000000 -1.950903 9.807853
0.185334 -1.881731 9.505876
0.358175 -1.800665 9.229904
0.519885 -1.713831 9.003706
0.673419 -1.625778 8.846760
0.822576 -1.538931 8.772582
0.971112 -1.453371 8.787561
1.121869 -1.367001 8.890408
1.276035 -1.276035 9.072264
1.432666 -1.175759 9.317469
1.588551 -1.061436 9.604904
1.738430 -0.929210 9.909818
1.875558 -0.776882 10.205951
1.992517 -0.604423 10.467799
2.082163 -0.414168 10.672814
2.138570 -0.210631 10.803339
3.305129 0.000000 10.895550
3.271975 0.322261 10.838447
3.175128 0.631572 10.672053
3.022067 0.916734 10.410702
2.824109 1.169784 10.076898
2.594857 1.386980 9.699389
2.348374 1.569133 9.310685
2.097342 1.721244 8.944263
1.851482 1.851482 8.631677
1.616476 1.969681 8.399847
1.393534 2.085571 8.268739
1.179671 2.207010 8.249642
0.968643 2.338511 8.344204
0.752383 2.480273 8.544278
0.522715 2.627868 8.832636
0.273083 2.772655 9.184443
0.000000 2.902847 9.569404
-0.295975 3.005083 9.954363
-0.609919 3.066271 10.306170
-0.932921 3.075429 10.594528
-1.253100 3.025250 10.794602
-1.557114 2.913155 10.889164
-1.831937 2.741687 10.870069
-2.066617 2.518180 10.738960
-2.253764 2.253764 10.507131
-2.390520 1.961849 10.194545
-2.478884 1.656337 9.828122
-2.525308 1.349805 9.439418
-2.539653 1.051959 9.061909
-2.533635 0.768570 8.728105
-2.519011 0.501062 8.466753
-2.505763 0.246796 8.300361
-2.500565 0.000000 8.243257
-2.505763 -0.246796 8.300361
-2.519011 -0.501062 8.466753
-2.533635 -0.768570 8.728105
-2.539653 -1.051959 9.061909
-2.525308 -1.349805 9.439418
-2.478884 -1.656337 9.828122
-2.390520 -1.961849 10.194545
-2.253764 -2.253764 10.507131
-2.066617 -2.518180 10.738960
-1.831937 -2.741687 10.870069
-1.557114 -2.913155 10.889164
-1.253100 -3.025250 10.794602
-0.932921 -3.075429 10.594528
-0.609919 -3.066271 10.306170
-0.295975 -3.005083 9.954363
-0.000000 -2.902847 9.569404
0.273083 -2.772655 9.184443
0.522715 -2.627868 8.832636
0.752383 -2.480273 8.544278
0.968643 -2.338511 8.344204
1.179671 -2.207010 8.249642
1.393534 -2.085571 8.268739
1.616476 -1.969681 8.399847
1.851482 -1.851482 8.631677
2.097342 -1.721244 8.944263
2.348374 -1.569133 9.310685
2.594857 -1.386980 9.699389
2.824109 -1.169784 10.076898
3.022067 -0.916734 10.410702
3.175128 -0.631572 10.672053
3.271975 -0.322261 10.838447
4.400859 0.000000 10.624615
4.355070 0.428937 10.564941
4.221416 0.839692 10.391062
4.010530 1.216581 10.117949
3.738482 1.548530 9.769125
3.424587 1.830480 9.374629
3.088783 2.063859 8.968435
2.749011 2.256055 8.585525
2.418968 2.418968 8.258873
2.106560 2.566850 8.016612
1.813292 2.713783 7.879604
1.534667 2.871159 7.859649
1.261518 3.045573 7.958465
0.982064 3.237432 8.167542
0.684362 3.440519 8.468875
0.358763 3.642579 8.836514
0.000000 3.826834 9.238795
-0.391428 3.974235 9.641077
-0.808795 4.066086 10.008716
-1.239679 4.086673 10.310048
-1.667415 4.025495 10.519125
-2.073248 3.878774 10.617942
-2.438859 3.650010 10.597986
-2.748876 3.349516 10.460979
-2.992993 2.992993 10.218718
-3.167355 2.599381 9.892066
-3.275010 2.188292 9.509155
-3.325346 1.777434 9.102962
-3.332585 1.380402 8.708466
-3.313575 1.005162 8.359641
-3.285189 0.653465 8.086529
-3.261744 0.321254 7.912649
-3.252809 0.000000 7.852976
-3.261744 -0.321254 7.912649
-3.285189 -0.653465 8.086529
-3.313575 -1.005162 8.359641
-3.332585 -1.380402 8.708466
-3.325346 -1.777434 9.102962
-3.275010 -2.188292 9.509155
-3.167355 -2.599381 9.892066
-2.992993 -2.992993 10.218718
-2.748876 -3.349516 10.460979
-2.438859 -3.650010 10.597986
-2.073248 -3.878774 10.617942
-1.667415 -4.025495 10.519125
-1.239679 -4.086673 10.310048
-0.808795 -4.066086 10.008716
-0.391428 -3.974235 9.641077
-0.000000 -3.826834 9.238795
0.358763 -3.642579 8.836514
0.684362 -3.440519 8.468875
0.982064 -3.237432 8.167542
1.261518 -3.045573 7.958465
1.534667 -2.871159 7.859649
1.813292 -2.713783 7.879604
2.106560 -2.566850 8.016612
2.418968 -2.418968 8.258873
2.749011 -2.256055 8.585525
3.088783 -2.063859 8.968435
3.424587 -1.830480 9.374629
3.738482 -1.548530 9.769125
4.010530 -1.216581 10.117949
4.221416 -0.839692 10.391062
4.355070 -0.428937 10.564941
5.367238 0.000000 10.041396
5.313399 0.523324 9.988770
5.156127 1.025618 9.835422
4.907571 1.488695 9.594558
4.586104 1.899626 9.286922
4.213819 2.252333 8.939008
3.813552 2.548134 8.580776
3.405898 2.795148 8.243079
3.006643 3.006643 7.954998
2.625014 3.198589 7.741343
2.262976 3.386783 7.620513
1.915682 3.583989 7.602914
1.572991 3.797537 7.690063
1.221803 4.027745 7.874452
0.848844 4.267426 8.140203
0.443462 4.502547 8.464432
0.000000 4.713967 8.819213
-0.480637 4.879990 9.173994
-0.990455 4.979354 9.498221
-1.514982 4.994226 9.763973
-2.034923 4.912739 9.948363
-2.528616 4.730707 10.035511
-2.974904 4.452259 10.017912
-3.356004 4.089303 9.897082
-3.659914 3.659914 9.683427
-3.881994 3.185870 9.395346
-4.025489 2.689746 9.057649
-4.100877 2.191964 8.699418
-4.124172 1.708288 8.351503
-4.114400 1.248090 8.043868
-4.090652 0.813681 7.803004
-4.069138 0.400775 7.649656
-4.060697 0.000000 7.597029
-4.069138 -0.400775 7.649656
-4.090652 -0.813681 7.803004
-4.114400 -1.248090 8.043868
-4.124172 -1.708288 8.351503
-4.100877 -2.191964 8.699418
-4.025489 -2.689746 9.057649
-3.881994 -3.185870 9.395346
-3.659914 -3.659914 9.683427
-3.356004 -4.089303 9.897082
-2.974904 -4.452259 10.017912
-2.528616 -4.730707 10.035511
-2.034923 -4.912739 9.948363
-1.514982 -4.994226 9.763973
-0.990455 -4.979354 9.498221
-0.480637 -4.879990 9.173994
-0.000000 -4.713967 8.819213
0.443462 -4.502547 8.464432
0.848844 -4.267426 8.140203
1.221803 -4.027745 7.874452
1.572991 -3.797537 7.690063
1.915682 -3.583989 7.602914
2.262976 -3.386783 7.620513
2.625014 -3.198589 7.741343
3.006643 -3.006643 7.954998
3.405898 -2.795148 8.243079
3.813552 -2.548134 8.580776
4.213819 -2.252333 8.939008
4.586104 -1.899626 9.286922
4.907571 -1.488695 9.594558
5.156127 -1.025618 9.835422
5.313399 -0.523324 9.988770
6.144974 0.000000 9.196603
6.090132 0.599826 9.158628
5.929498 1.179450 9.047975
5.674208 1.721252 8.874172
5.341138 2.212372 8.652187
4.950631 2.646167 8.401138
4.523811 3.022714 8.142645
4.079889 3.348278 7.898968
3.633839 3.633839 7.691094
3.194812 3.892889 7.536924
2.765492 4.138851 7.449735
2.342497 4.382504 7.437036
1.917736 4.629825 7.499920
1.480507 4.880577 7.632973
1.019995 5.127860 7.824735
0.527788 5.358717 8.058692
0.000000 5.555702 8.314696
-0.561321 5.699183 8.570700
-1.147733 5.770042 8.804657
-1.744964 5.752374 8.996419
-2.334414 5.635774 9.129472
-2.895383 5.416881 9.192356
-3.407674 5.099944 9.179657
-3.854189 4.696342 9.092468
-4.223110 4.223110 8.938298
-4.509343 3.700722 8.730424
-4.714984 3.150452 8.486748
-4.848753 2.591713 8.228254
-4.924461 2.039778 7.977205
-4.958743 1.504218 7.755220
-4.968404 0.988277 7.581418
-4.967768 0.489282 7.470764
-4.966431 0.000000 7.432789
-4.967768 -0.489282 7.470764
-4.968404 -0.988277 7.581418
-4.958743 -1.504218 7.755220
-4.924461 -2.039778 7.977205
-4.848753 -2.591713 8.228254
-4.714984 -3.150452 8.486748
-4.509343 -3.700722 8.730424
-4.223110 -4.223110 8.938298
-3.854189 -4.696342 9.092468
-3.407674 -5.099944 9.179657
-2.895383 -5.416881 9.192356
-2.334414 -5.635774 9.129472
-1.744964 -5.752374 8.996419
-1.147733 -5.770042 8.804657
-0.561321 -5.699183 8.570700
-0.000000 -5.555702 8.314696
0.527788 -5.358717 8.058692
1.019995 -5.127860 7.824735
1.480507 -4.880577 7.632973
1.917736 -4.629825 7.499920
2.342497 -4.382504 7.437036
2.765492 -4.138851 7.449735
3.194812 -3.892889 7.536924
3.633839 -3.633839 7.691094
4.079889 -3.348278 7.898968
4.523811 -3.022714 8.142645
4.950631 -2.646167 8.401138
5.341138 -2.212372 8.652187
5.674208 -1.721252 8.874172
5.929498 -1.179450 9.047975
6.090132 -0.599826 9.158628
6.708090 0.000000 8.173832
6.660184 0.655971 8.154725
6.519004 1.296710 8.099051
6.291837 1.908608 8.011602
5.989779 2.481048 7.899912
5.626328 3.007335 7.773597
5.215717 3.485030 7.643538
4.771229 3.915647 7.520933
4.303759 4.303759 7.416342
3.820808 4.655668 7.338772
3.326072 4.977819 7.294903
2.819673 5.275237 7.288514
2.298969 5.550202 7.320154
1.759832 5.801389 7.387099
1.198170 6.023608 7.483583
0.611453 6.208185 7.601297
0.000000 6.343933 7.730104
-0.632176 6.418585 7.858912
-1.277110 6.420464 7.976626
-1.923261 6.340142 8.073111
-2.556467 6.171858 8.140056
-3.161345 5.914461 8.171696
-3.722928 5.571755 8.165306
-4.228289 5.152185 8.121437
-4.667917 4.667917 8.043867
-5.036623 4.133450 7.939276
-5.333858 3.563970 7.816671
-5.563370 2.973683 7.686612
-5.732281 2.374388 7.560297
-5.849694 1.774485 7.448607
-5.925068 1.178569 7.361159
-5.966586 0.587657 7.305484
-5.979775 0.000000 7.286377
-5.966586 -0.587657 7.305484
-5.925068 -1.178569 7.361159
-5.849694 -1.774485 7.448607
-5.732281 -2.374388 7.560297
-5.563370 -2.973683 7.686612
-5.333858 -3.563970 7.816671
-5.036623 -4.133450 7.939276
-4.667917 -4.667917 8.043867
-4.228289 -5.152185 8.121437
-3.722928 -5.571755 8.165306
-3.161345 -5.914461 8.171696
-2.556467 -6.171858 8.140056
-1.923261 -6.340142 8.073111
-1.277110 -6.420464 7.976626
-0.632176 -6.418585 7.858912
-0.000000 -6.343933 7.730104
0.611453 -6.208185 7.601297
1.198170 -6.023608 7.483583
1.759832 -5.801389 7.387099
2.298969 -5.550202 7.320154
2.819673 -5.275237 7.288514
3.326072 -4.977819 7.294903
3.820808 -4.655668 7.338772
4.303759 -4.303759 7.416342
4.771229 -3.915647 7.520933
5.215717 -3.485030 7.643538
5.626328 -3.007335 7.773597
5.989779 -2.481048 7.899912
6.291837 -1.908608 8.011602
6.519004 -1.296710 8.099051
6.660184 -0.655971 8.154725
7.071068 0.000000 7.071068
7.037019 0.693086 7.071068
6.935199 1.379497 7.071068
6.766590 2.052623 7.071068
6.532815 2.705981 7.071068
6.236125 3.333278 7.071068
5.879378 3.928475 7.071068
5.466009 4.485838 7.071068
5.000000 5.000000 7.071068
4.485838 5.466009 7.071068
3.928475 5.879378 7.071068
3.333278 6.236125 7.071068
2.705981 6.532815 7.071068
2.052623 6.766590 7.071068
1.379497 6.935199 7.071068
0.693086 7.037019 7.071068
0.000000 7.071068 7.071068
-0.693086 7.037019 7.071068
-1.379497 6.935199 7.071068
-2.052623 6.766590 7.071068
-2.705981 6.532815 7.071068
-3.333278 6.236125 7.071068
-3.928475 5.879378 7.071068
-4.485838 5.466009 7.071068
-5.000000 5.000000 7.071068
-5.466009 4.485838 7.071068
-5.879378 3.928475 7.071068
-6.236125 3.333278 7.071068
-6.532815 2.705981 7.071068
-6.766590 2.052623 7.071068
-6.935199 1.379497 7.071068
-7.037019 0.693086 7.071068
-7.071068 0.000000 7.071068
-7.037019 -0.693086 7.071068
-6.935199 -1.379497 7.071068
-6.766590 -2.052623 7.071068
-6.532815 -2.705981 7.071068
-6.236125 -3.333278 7.071068
-5.879378 -3.928475 7.071068
-5.466009 -4.485838 7.071068
-5.000000 -5.000000 7.071068
-4.485838 -5.466009 7.071068
-3.928475 -5.879378 7.071068
-3.333278 -6.236125 7.071068
-2.705981 -6.532815 7.071068
-2.052623 -6.766590 7.071068
-1.379497 -6.935199 7.071068
-0.693086 -7.037019 7.071068
-0.000000 -7.071068 7.071068
0.693086 -7.037019 7.071068
1.379497 -6.935199 7.071068
2.052623 -6.766590 7.071068
2.705981 -6.532815 7.071068
3.333278 -6.236125 7.071068
3.928475 -5.879378 7.071068
4.485838 -5.466009 7.071068
5.000000 -5.000000 7.071068
5.466009 -4.485838 7.071068
5.879378 -3.928475 7.071068
6.236125 -3.333278 7.071068
6.532815 -2.705981 7.071068
6.766590 -2.052623 7.071068
6.935199 -1.379497 7.071068
7.037019 -0.693086 7.071068
7.286377 0.000000 5.979775
7.270306 0.716063 5.995456
7.219716 1.436091 6.041147
7.127872 2.162216 6.112914
6.984804 2.893201 6.204576
6.778986 3.623444 6.308239
6.499325 4.342710 6.414977
6.137144 5.036623 6.515595
5.687873 5.687873 6.601431
5.152185 6.277956 6.665091
4.536401 6.789204 6.701093
3.852110 7.206792 6.706337
3.115064 7.520431 6.680371
2.343500 7.725485 6.625431
1.556163 7.823358 6.546248
0.770308 7.821069 6.449642
0.000000 7.730104 6.343933
-0.745057 7.564695 6.238224
-1.459975 7.339788 6.141618
-2.144361 7.069013 6.062435
-2.801301 6.762940 6.007495
-3.435782 6.427895 5.981529
-4.052831 6.065490 5.986773
-4.655668 5.672947 6.022774
-5.244145 5.244145 6.086434
-5.813760 4.771229 6.172270
-6.355369 4.246522 6.272889
-6.855701 3.664448 6.379627
-7.298567 3.023165 6.483290
-7.666625 2.325645 6.574952
-7.943429 1.580046 6.646719
-8.115458 0.799303 6.692410
-8.173832 0.000000 6.708090
-8.115458 -0.799303 6.692410
-7.943429 -1.580046 6.646719
-7.666625 -2.325645 6.574952
-7.298567 -3.023165 6.483290
-6.855701 -3.664448 6.379627
-6.355369 -4.246522 6.272889
-5.813760 -4.771229 6.172270
-5.244145 -5.244145 6.086434
-4.655668 -5.672947 6.022774
-4.052831 -6.065490 5.986773
-3.435782 -6.427895 5.981529
-2.801301 -6.762940 6.007495
-2.144361 -7.069013 6.062435
-1.459975 -7.339788 6.141618
-0.745057 -7.564695 6.238224
-0.000000 -7.730104 6.343933
0.770308 -7.821069 6.449642
1.556163 -7.823358 6.546248
2.343500 -7.725485 6.625431
3.115064 -7.520431 6.680371
3.852110 -7.206792 6.706337
4.536401 -6.789204 6.701093
5.152185 -6.277956 6.665091
5.687873 -5.687873 6.601431
6.137144 -5.036623 6.515595
6.499325 -4.342710 6.414977
6.778986 -3.623444 6.308239
6.984804 -2.893201 6.204576
7.127872 -2.162216 6.112914
7.219716 -1.436091 6.041147
7.270306 -0.716063 5.995456
7.432789 0.000000 4.966431
7.434790 0.732263 4.991805
7.435743 1.479061 5.065741
7.421283 2.251222 5.181873
7.369977 3.052744 5.330198
7.256672 3.878772 5.497944
7.056473 4.714984 5.670663
6.748709 5.538522 5.833483
6.320332 6.320332 5.972380
5.768201 7.028573 6.075393
5.099944 7.632606 6.133651
4.333247 8.106935 6.142136
3.493698 8.434532 6.100118
2.611523 8.609036 6.011215
1.717703 8.635478 5.883084
0.840075 8.529429 5.726759
0.000000 8.314696 5.555702
-0.789890 8.019887 5.384646
-1.526530 7.674385 5.228321
-2.215735 7.304300 5.100190
-2.870095 6.929023 5.011287
-3.505795 6.558880 4.969269
-4.138851 6.194228 4.977754
-4.781374 5.826121 5.036012
-5.438425 5.438425 5.139025
-6.105985 5.011052 5.277922
-6.770361 4.523811 5.440741
-7.409142 3.960269 5.613461
-7.993578 3.311049 5.781207
-8.492053 2.576036 5.929532
-8.874121 1.765172 6.045663
-9.114527 0.897703 6.119600
-9.196603 0.000000 6.144974
-9.114527 -0.897703 6.119600
-8.874121 -1.765172 6.045663
-8.492053 -2.576036 5.929532
-7.993578 -3.311049 5.781207
-7.409142 -3.960269 5.613461
-6.770361 -4.523811 5.440741
-6.105985 -5.011052 5.277922
-5.438425 -5.438425 5.139025
-4.781374 -5.826121 5.036012
-4.138851 -6.194228 4.977754
-3.505795 -6.558880 4.969269
-2.870095 -6.929023 5.011287
-2.215735 -7.304300 5.100190
-1.526530 -7.674385 5.228321
-0.789890 -8.019887 5.384646
-0.000000 -8.314696 5.555702
0.840075 -8.529429 5.726759
1.717703 -8.635478 5.883084
2.611523 -8.609036 6.011215
3.493698 -8.434532 6.100118
4.333247 -8.106935 6.142136
5.099944 -7.632606 6.133651
5.768201 -7.028573 6.075393
6.320332 -6.320332 5.972380
6.748709 -5.538522 5.833483
7.056473 -4.714984 5.670663
7.256672 -3.878772 5.497944
7.369977 -3.052744 5.330198
7.421283 -2.251222 5.181873
7.435743 -1.479061 5.065741
7.434790 -0.732263 4.991805
7.597029 0.000000 4.060697
7.612821 0.749797 4.088826
7.653072 1.522291 4.170793
7.697501 2.335011 4.299537
7.715783 3.195982 4.463972
7.672202 4.100877 4.649936
7.531160 5.032160 4.841414
7.262701 5.960344 5.021917
6.847217 6.847217 5.175900
6.278643 7.650548 5.290101
5.565654 8.329590 5.354686
4.730707 8.850531 5.364092
3.807074 9.191089 5.317511
2.834332 9.343540 5.218953
1.853011 9.315716 5.076905
0.899209 9.129819 4.903602
0.000000 8.819213 4.713967
-0.829659 8.423673 4.524333
-1.588075 7.983792 4.351029
-2.285833 7.535381 4.208982
-2.942859 7.104691 4.110424
-3.583989 6.705172 4.063842
-4.233730 6.336225 4.073249
-4.911056 5.984139 4.137834
-5.625033 5.625033 4.252035
-6.371986 5.229354 4.406018
-7.134655 4.767224 4.586521
-7.883501 4.213819 4.777999
-8.579997 3.553951 4.963963
-9.181419 2.785153 5.128398
-9.646437 1.918795 5.257142
-9.940671 0.979071 5.339108
-10.041396 0.000000 5.367238
-9.940671 -0.979071 5.339108
-9.646437 -1.918795 5.257142
-9.181419 -2.785153 5.128398
-8.579997 -3.553951 4.963963
-7.883501 -4.213819 4.777999
-7.134655 -4.767224 4.586521
-6.371986 -5.229354 4.406018
-5.625033 -5.625033 4.252035
-4.911056 -5.984139 4.137834
-4.233730 -6.336225 4.073249
-3.583989 -6.705172 4.063842
-2.942859 -7.104691 4.110424
-2.285833 -7.535381 4.208982
-1.588075 -7.983792 4.351029
-0.829659 -8.423673 4.524333
-0.000000 -8.819213 4.713967
0.899209 -9.129819 4.903602
1.853011 -9.315716 5.076905
2.834332 -9.343540 5.218953
3.807074 -9.191089 5.317511
4.730707 -8.850531 5.364092
5.565654 -8.329590 5.354686
6.278643 -7.650548 5.290101
6.847217 -6.847217 5.175900
7.262701 -5.960344 5.021917
7.531160 -5.032160 4.841414
7.672202 -4.100877 4.649936
7.715783 -3.195982 4.463972
7.697501 -2.335011 4.299537
7.653072 -1.522291 4.170793
7.612821 -0.749797 4.088826
7.852976 0.000000 3.252809
7.874547 0.775575 3.277527
7.931149 1.577603 3.349550
7.999678 2.426676 3.462677
8.045573 3.332585 3.607164
8.028095 4.291106 3.770570
7.906574 5.283004 3.938821
7.646670 6.275460 4.097428
7.225725 7.225725 4.232731
6.636375 8.086446 4.333079
5.887926 8.811904 4.389830
5.005263 9.364188 4.398096
4.025495 9.718405 4.357164
2.992849 9.866101 4.270562
1.952603 9.816401 4.145746
0.944991 9.594653 3.993465
0.000000 9.238795 3.826834
-0.866130 8.793963 3.660204
-1.652196 8.306149 3.507923
-2.370913 7.815851 3.383107
-3.045573 7.352663 3.296504
-3.705013 6.931592 3.255573
-4.377674 6.551651 3.263839
-5.085685 6.196925 3.320589
-5.839905 5.839905 3.420937
-6.636700 5.446599 3.556241
-7.456982 4.982596 3.714848
-8.267685 4.419170 3.883099
-9.025495 3.738482 4.046504
-9.682274 2.937086 4.190992
-10.191401 2.027196 4.304119
-10.514069 1.035545 4.376142
-10.624615 0.000000 4.400859
-10.514069 -1.035545 4.376142
-10.191401 -2.027196 4.304119
-9.682274 -2.937086 4.190992
-9.025495 -3.738482 4.046504
-8.267685 -4.419170 3.883099
-7.456982 -4.982596 3.714848
-6.636700 -5.446599 3.556241
-5.839905 -5.839905 3.420937
-5.085685 -6.196925 3.320589
-4.377674 -6.551651 3.263839
-3.705013 -6.931592 3.255573
-3.045573 -7.352663 3.296504
-2.370913 -7.815851 3.383107
-1.652196 -8.306149 3.507923
-0.866130 -8.793963 3.660204
-0.000000 -9.238795 3.826834
0.944991 -9.594653 3.993465
1.952603 -9.816401 4.145746
2.992849 -9.866101 4.270562
4.025495 -9.718405 4.357164
5.005263 -9.364188 4.398096
5.887926 -8.811904 4.389830
6.636375 -8.086446 4.333079
7.225725 -7.225725 4.232731
7.646670 -6.275460 4.097428
7.906574 -5.283004 3.938821
8.028095 -4.291106 3.770570
8.045573 -3.332585 3.607164
7.999678 -2.426676 3.462677
7.931149 -1.577603 3.349550
7.874547 -0.775575 3.277527
8.243257 0.000000 2.500565
8.260392 0.813578 2.517887
8.304067 1.651782 2.568362
8.352276 2.533635 2.647642
8.372112 3.467843 2.748900
8.324823 4.449711 2.863416
8.171784 5.460212 2.981328
7.880489 6.467350 3.092481
7.429663 7.429663 3.187303
6.812724 8.301329 3.257628
6.039086 9.038132 3.297399
5.133116 9.603385 3.303192
4.130916 9.972913 3.274507
3.075429 10.138331 3.213815
2.010634 10.108141 3.126343
0.975698 9.906430 3.019623
0.000000 9.569404 2.902847
-0.900233 9.140218 2.786070
-1.723162 8.662919 2.679351
-2.480273 8.176365 2.591878
-3.193189 7.709039 2.531187
-3.888855 7.275536 2.502502
-4.593865 6.875205 2.508294
-5.328806 6.493169 2.548066
-6.103517 6.103517 2.618390
-6.914008 5.674180 2.713212
-7.741552 5.172740 2.824365
-8.554097 4.572260 2.942277
-9.309839 3.856262 3.056793
-9.962420 3.022067 3.158052
-10.466993 2.082014 3.237332
-10.786256 1.062353 3.287807
-10.895550 0.000000 3.305129
-10.786256 -1.062353 3.287807
-10.466993 -2.082014 3.237332
-9.962420 -3.022067 3.158052
-9.309839 -3.856262 3.056793
-8.554097 -4.572260 2.942277
-7.741552 -5.172740 2.824365
-6.914008 -5.674180 2.713212
-6.103517 -6.103517 2.618390
-5.328806 -6.493169 2.548066
-4.593865 -6.875205 2.508294
-3.888855 -7.275536 2.502502
-3.193189 -7.709039 2.531187
-2.480273 -8.176365 2.591878
-1.723162 -8.662919 2.679351
-0.900233 -9.140218 2.786070
-0.000000 -9.569404 2.902847
0.975698 -9.906430 3.019623
2.010634 -10.108141 3.126343
3.075429 -10.138331 3.213815
4.130916 -9.972913 3.274507
5.133116 -9.603385 3.303192
6.039086 -9.038132 3.297399
6.812724 -8.301329 3.257628
7.429663 -7.429663 3.187303
7.880489 -6.467350 3.092481
8.171784 -5.460212 2.981328
8.324823 -4.449711 2.863416
8.372112 -3.467843 2.748900
8.352276 -2.533635 2.647642
8.304067 -1.651782 2.568362
8.260392 -0.813578 2.517887
8.767573 0.000000 1.743979
8.769933 0.863763 1.752889
8.771056 1.744672 1.778852
8.754001 2.655497 1.819632
8.693480 3.600957 1.871717
8.559829 4.575324 1.930621
8.323677 5.561703 1.991272
7.960645 6.533133 2.048447
7.455339 7.455339 2.097221
6.804057 8.290768 2.133394
6.015794 9.003273 2.153852
5.111413 9.562781 2.156831
4.121097 9.949209 2.142076
3.080501 10.155051 2.110858
2.026169 10.186241 2.065864
0.990937 10.061149 2.010970
0.000000 9.807853 1.950903
-0.931739 9.460102 1.890836
-1.800665 9.052554 1.835942
-2.613638 8.616009 1.790948
-3.385508 8.173340 1.759730
-4.135366 7.736727 1.744975
-4.882108 7.306591 1.747955
-5.640015 6.872378 1.768412
-6.415059 6.415059 1.804585
-7.202500 5.910939 1.853360
-7.986186 5.336199 1.910534
-8.739679 4.671456 1.971185
-9.429069 3.905648 2.030090
-10.017059 3.038642 2.082175
-10.467739 2.082163 2.122955
-10.751318 1.058912 2.148918
-10.848133 0.000000 2.157828
-10.751318 -1.058912 2.148918
-10.467739 -2.082163 2.122955
-10.017059 -3.038642 2.082175
-9.429069 -3.905648 2.030090
-8.739679 -4.671456 1.971185
-7.986186 -5.336199 1.910534
-7.202500 -5.910939 1.853360
-6.415059 -6.415059 1.804585
-5.640015 -6.872378 1.768412
-4.882108 -7.306591 1.747955
-4.135366 -7.736727 1.744975
-3.385508 -8.173340 1.759730
-2.613638 -8.616009 1.790948
-1.800665 -9.052554 1.835942
-0.931739 -9.460102 1.890836
-0.000000 -9.807853 1.950903
0.990937 -10.061149 2.010970
2.026169 -10.186241 2.065864
3.080501 -10.155051 2.110858
4.121097 -9.949209 2.142076
5.111413 -9.562781 2.156831
6.015794 -9.003273 2.153852
6.804057 -8.290768 2.133394
7.455339 -7.455339 2.097221
7.960645 -6.533133 2.048447
8.323677 -5.561703 1.991272
8.559829 -4.575324 1.930621
8.693480 -3.600957 1.871717
8.754001 -2.655497 1.819632
8.771056 -1.744672 1.778852
8.769933 -0.863763 1.752889
9.380587 0.000000 0.923907
9.359896 0.921869 0.926330
9.294765 1.848844 0.933389
9.176525 2.783668 0.944478
8.992336 3.724748 0.958640
8.727364 4.664873 0.974657
8.367324 5.590867 0.991148
7.901046 6.484221 1.006694
7.322649 7.322649 1.019956
6.632997 8.082331 1.029792
5.840228 8.740518 1.035355
4.959262 9.278127 1.036165
4.010378 9.681910 1.032153
3.017056 9.945900 1.023664
2.003426 10.071902 1.011430
0.991706 10.068956 0.996504
0.000000 9.951847 0.980171
-0.959198 9.738896 0.963839
-1.879592 9.449347 0.948913
-2.760682 9.100748 0.936679
-3.606436 8.706706 0.928190
-4.423275 8.275365 0.924178
-5.217673 7.808799 0.924988
-5.993773 7.303434 0.930551
-6.751388 6.751388 0.940387
-7.484717 6.142549 0.953649
-8.181993 5.467033 0.969195
-8.826127 4.717663 0.985686
-9.396279 3.892066 1.001703
-9.870123 2.994069 1.015865
-10.226485 2.034174 1.026953
-10.447957 1.029034 1.034013
-10.523108 0.000000 1.036436
-10.447957 -1.029034 1.034013
-10.226485 -2.034174 1.026953
-9.870123 -2.994069 1.015865
-9.396279 -3.892066 1.001703
-8.826127 -4.717663 0.985686
-8.181993 -5.467033 0.969195
-7.484717 -6.142549 0.953649
-6.751388 -6.751388 0.940387
-5.993773 -7.303434 0.930551
-5.217673 -7.808799 0.924988
-4.423275 -8.275365 0.924178
-3.606436 -8.706706 0.928190
-2.760682 -9.100748 0.936679
-1.879592 -9.449347 0.948913
-0.959198 -9.738896 0.963839
-0.000000 -9.951847 0.980171
0.991706 -10.068956 0.996504
2.003426 -10.071902 1.011430
3.017056 -9.945900 1.023664
4.010378 -9.681910 1.032153
4.959262 -9.278127 1.036165
5.840228 -8.740518 1.035355
6.632997 -8.082331 1.029792
7.322649 -7.322649 1.019956
7.901046 -6.484221 1.006694
8.367324 -5.590867 0.991148
8.727364 -4.664873 0.974657
8.992336 -3.724748 0.958640
9.176525 -2.783668 0.944478
9.294765 -1.848844 0.933389
9.359896 -0.921869 0.926330
10.000000 0.000000 0.000000
9.951847 0.980171 0.000000
9.807853 1.950903 0.000000
9.569404 2.902847 0.000000
9.238795 3.826834 0.000000
8.819213 4.713967 0.000000
8.314696 5.555702 0.000000
7.730104 6.343933 0.000000
7.071068 7.071068 0.000000
6.343933 7.730104 0.000000
5.555702 8.314696 0.000000
4.713967 8.819213 0.000000
3.826834 9.238795 0.000000
2.902847 9.569404 0.000000
1.950903 9.807853 0.000000
0.980171 9.951847 0.000000
0.000000 10.000000 0.000000
-0.980171 9.951847 0.000000
-1.950903 9.807853 0.000000
-2.902847 9.569404 0.000000
-3.826834 9.238795 0.000000
-4.713967 8.819213 0.000000
-5.555702 8.314696 0.000000
-6.343933 7.730104 0.000000
-7.071068 7.071068 0.000000
-7.730104 6.343933 0.000000
-8.314696 5.555702 0.000000
-8.819213 4.713967 0.000000
-9.238795 3.826834 0.000000
-9.569404 2.902847 0.000000
-9.807853 1.950903 0.000000
-9.951847 0.980171 0.000000
-10.000000 0.000000 0.000000
-9.951847 -0.980171 0.000000
-9.807853 -1.950903 0.000000
-9.569404 -2.902847 0.000000
-9.238795 -3.826834 0.000000
-8.819213 -4.713967 0.000000
-8.314696 -5.555702 0.000000
-7.730104 -6.343933 0.000000
-7.071068 -7.071068 0.000000
-6.343933 -7.730104 0.000000
-5.555702 -8.314696 0.000000
-4.713967 -8.819213 0.000000
-3.826834 -9.238795 0.000000
-2.902847 -9.569404 0.000000
-1.950903 -9.807853 0.000000
-0.980171 -9.951847 0.000000
-0.000000 -10.000000 0.000000
0.980171 -9.951847 0.000000
1.950903 -9.807853 0.000000
2.902847 -9.569404 0.000000
3.826834 -9.238795 0.000000
4.713967 -8.819213 0.000000
5.555702 -8.314696 0.000000
6.343933 -7.730104 0.000000
7.071068 -7.071068 0.000000
7.730104 -6.343933 0.000000
8.314696 -5.555702 0.000000
8.819213 -4.713967 0.000000
9.238795 -3.826834 0.000000
9.569404 -2.902847 0.000000
9.807853 -1.950903 0.000000
9.951847 -0.980171 0.000000
10.523108 0.000000 -1.036436
10.447957 1.029034 -1.034013
10.226485 2.034174 -1.026953
9.870123 2.994069 -1.015865
9.396279 3.892066 -1.001703
8.826127 4.717663 -0.985686
8.181993 5.467033 -0.969195
7.484717 6.142549 -0.953649
6.751388 6.751388 -0.940387
5.993773 7.303434 -0.930551
5.217673 7.808799 -0.924988
4.423275 8.275365 -0.924178
3.606436 8.706706 -0.928190
2.760682 9.100748 -0.936679
1.879592 9.449347 -0.948913
0.959198 9.738896 -0.963839
0.000000 9.951847 -0.980171
-0.991706 10.068956 -0.996504
-2.003426 10.071902 -1.011430
-3.017056 9.945900 -1.023664
-4.010378 9.681910 -1.032153
-4.959262 9.278127 -1.036165
-5.840228 8.740518 -1.035355
-6.632997 8.082331 -1.029792
-7.322649 7.322649 -1.019956
-7.901046 6.484221 -1.006694
-8.367324 5.590867 -0.991148
-8.727364 4.664873 -0.974657
-8.992336 3.724748 -0.958640
-9.176525 2.783668 -0.944478
-9.294765 1.848844 -0.933389
-9.359896 0.921869 -0.926330
-9.380587 0.000000 -0.923907
-9.359896 -0.921869 -0.926330
-9.294765 -1.848844 -0.933389
-9.176525 -2.783668 -0.944478
-8.992336 -3.724748 -0.958640
-8.727364 -4.664873 -0.974657
-8.367324 -5.590867 -0.991148
-7.901046 -6.484221 -1.006694
-7.322649 -7.322649 -1.019956
-6.632997 -8.082331 -1.029792
-5.840228 -8.740518 -1.035355
-4.959262 -9.278127 -1.036165
-4.010378 -9.681910 -1.032153
-3.017056 -9.945900 -1.023664
-2.003426 -10.071902 -1.011430
-0.991706 -10.068956 -0.996504
-0.000000 -9.951847 -0.980171
0.959198 -9.738896 -0.963839
1.879592 -9.449347 -0.948913
2.760682 -9.100748 -0.936679
3.606436 -8.706706 -0.928190
4.423275 -8.275365 -0.924178
5.217673 -7.808799 -0.924988
5.993773 -7.303434 -0.930551
6.751388 -6.751388 -0.940387
7.484717 -6.142549 -0.953649
8.181993 -5.467033 -0.969195
8.826127 -4.717663 -0.985686
9.396279 -3.892066 -1.001703
9.870123 -2.994069 -1.015865
10.226485 -2.034174 -1.026953
10.447957 -1.029034 -1.034013
10.848133 0.000000 -2.157828
10.751318 1.058912 -2.148918
10.467739 2.082163 -2.122955
10.017059 3.038642 -2.082175
9.429069 3.905648 -2.030090
8.739679 4.671456 -1.971185
7.986186 5.336199 -1.910534
7.202500 5.910939 -1.853360
6.415059 6.415059 -1.804585
5.640015 6.872378 -1.768412
4.882108 7.306591 -1.747955
4.135366 7.736727 -1.744975
3.385508 8.173340 -1.759730
2.613638 8.616009 -1.790948
1.800665 9.052554 -1.835942
0.931739 9.460102 -1.890836
0.000000 9.807853 -1.950903
-0.990937 10.061149 -2.010970
-2.026169 10.186241 -2.065864
-3.080501 10.155051 -2.110858
-4.121097 9.949209 -2.142076
-5.111413 9.562781 -2.156831
-6.015794 9.003273 -2.153852
-6.804057 8.290768 -2.133394
-7.455339 7.455339 -2.097221
-7.960645 6.533133 -2.048447
-8.323677 5.561703 -1.991272
-8.559829 4.575324 -1.930621
-8.693480 3.600957 -1.871717
-8.754001 2.655497 -1.819632
-8.771056 1.744672 -1.778852
-8.769933 0.863763 -1.752889
-8.767573 0.000000 -1.743979
-8.769933 -0.863763 -1.752889
-8.771056 -1.744672 -1.778852
-8.754001 -2.655497 -1.819632
-8.693480 -3.600957 -1.871717
-8.559829 -4.575324 -1.930621
-8.323677 -5.561703 -1.991272
-7.960645 -6.533133 -2.048447
-7.455339 -7.455339 -2.097221
-6.804057 -8.290768 -2.133394
-6.015794 -9.003273 -2.153852
-5.111413 -9.562781 -2.156831
-4.121097 -9.949209 -2.142076
-3.080501 -10.155051 -2.110858
-2.026169 -10.186241 -2.065864
-0.990937 -10.061149 -2.010970
-0.000000 -9.807853 -1.950903
0.931739 -9.460102 -1.890836
1.800665 -9.052554 -1.835942
2.613638 -8.616009 -1.790948
3.385508 -8.173340 -1.759730
4.135366 -7.736727 -1.744975
4.882108 -7.306591 -1.747955
5.640015 -6.872378 -1.768412
6.415059 -6.415059 -1.804585
7.202500 -5.910939 -1.853360
7.986186 -5.336199 -1.910534
8.739679 -4.671456 -1.971185
9.429069 -3.905648 -2.030090
10.017059 -3.038642 -2.082175
10.467739 -2.082163 -2.122955
10.751318 -1.058912 -2.148918
10.895550 0.000000 -3.305129
10.786256 1.062353 -3.287807
10.466993 2.082014 -3.237332
9.962420 3.022067 -3.158052
9.309839 3.856262 -3.056793
8.554097 4.572260 -2.942277
7.741552 5.172740 -2.824365
6.914008 5.674180 -2.713212
6.103517 6.103517 -2.618390
5.328806 6.493169 -2.548066
4.593865 6.875205 -2.508294
3.888855 7.275536 -2.502502
3.193189 7.709039 -2.531187
2.480273 8.176365 -2.591878
1.723162 8.662919 -2.679351
0.900233 9.140218 -2.786070
0.000000 9.569404 -2.902847
-0.975698 9.906430 -3.019623
-2.010634 10.108141 -3.126343
-3.075429 10.138331 -3.213815
-4.130916 9.972913 -3.274507
-5.133116 9.603385 -3.303192
-6.039086 9.038132 -3.297399
-6.812724 8.301329 -3.257628
-7.429663 7.429663 -3.187303
-7.880489 6.467350 -3.092481
-8.171784 5.460212 -2.981328
-8.324823 4.449711 -2.863416
-8.372112 3.467843 -2.748900
-8.352276 2.533635 -2.647642
-8.304067 1.651782 -2.568362
-8.260392 0.813578 -2.517887
-8.243257 0.000000 -2.500565
-8.260392 -0.813578 -2.517887
-8.304067 -1.651782 -2.568362
-8.352276 -2.533635 -2.647642
-8.372112 -3.467843 -2.748900
-8.324823 -4.449711 -2.863416
-8.171784 -5.460212 -2.981328
-7.880489 -6.467350 -3.092481
-7.429663 -7.429663 -3.187303
-6.812724 -8.301329 -3.257628
-6.039086 -9.038132 -3.297399
-5.133116 -9.603385 -3.303192
-4.130916 -9.972913 -3.274507
-3.075429 -10.138331 -3.213815
-2.010634 -10.108141 -3.126343
-0.975698 -9.906430 -3.019623
-0.000000 -9.569404 -2.902847
0.900233 -9.140218 -2.786070
1.723162 -8.662919 -2.679351
2.480273 -8.176365 -2.591878
3.193189 -7.709039 -2.531187
3.888855 -7.275536 -2.502502
4.593865 -6.875205 -2.508294
5.328806 -6.493169 -2.548066
6.103517 -6.103517 -2.618390
6.914008 -5.674180 -2.713212
7.741552 -5.172740 -2.824365
8.554097 -4.572260 -2.942277
9.309839 -3.856262 -3.056793
9.962420 -3.022067 -3.158052
10.466993 -2.082014 -3.237332
10.786256 -1.062353 -3.287807
10.624615 0.000000 -4.400859
10.514069 1.035545 -4.376142
10.191401 2.027196 -4.304119
9.682274 2.937086 -4.190992
9.025495 3.738482 -4.046504
8.267685 4.419170 -3.883099
7.456982 4.982596 -3.714848
6.636700 5.446599 -3.556241
5.839905 5.839905 -3.420937
5.085685 6.196925 -3.320589
4.377674 6.551651 -3.263839
3.705013 6.931592 -3.255573
3.045573 7.352663 -3.296504
2.370913 7.815851 -3.383107
1.652196 8.306149 -3.507923
0.866130 8.793963 -3.660204
0.000000 9.238795 -3.826834
-0.944991 9.594653 -3.993465
-1.952603 9.816401 -4.145746
-2.992849 9.866101 -4.270562
-4.025495 9.718405 -4.357164
-5.005263 9.364188 -4.398096
-5.887926 8.811904 -4.389830
-6.636375 8.086446 -4.333079
-7.225725 7.225725 -4.232731
-7.646670 6.275460 -4.097428
-7.906574 5.283004 -3.938821
-8.028095 4.291106 -3.770570
-8.045573 3.332585 -3.607164
-7.999678 2.426676 -3.462677
-7.931149 1.577603 -3.349550
-7.874547 0.775575 -3.277527
-7.852976 0.000000 -3.252809
-7.874547 -0.775575 -3.277527
-7.931149 -1.577603 -3.349550
-7.999678 -2.426676 -3.462677
-8.045573 -3.332585 -3.607164
-8.028095 -4.291106 -3.770570
-7.906574 -5.283004 -3.938821
-7.646670 -6.275460 -4.097428
-7.225725 -7.225725 -4.232731
-6.636375 -8.086446 -4.333079
-5.887926 -8.811904 -4.389830
-5.005263 -9.364188 -4.398096
-4.025495 -9.718405 -4.357164
-2.992849 -9.866101 -4.270562
-1.952603 -9.816401 -4.145746
-0.944991 -9.594653 -3.993465
-0.000000 -9.238795 -3.826834
0.866130 -8.793963 -3.660204
1.652196 -8.306149 -3.507923
2.370913 -7.815851 -3.383107
3.045573 -7.352663 -3.296504
3.705013 -6.931592 -3.255573
4.377674 -6.551651 -3.263839
5.085685 -6.196925 -3.320589
5.839905 -5.839905 -3.420937
6.636700 -5.446599 -3.556241
7.456982 -4.982596 -3.714848
8.267685 -4.419170 -3.883099
9.025495 -3.738482 -4.046504
9.682274 -2.937086 -4.190992
10.191401 -2.027196 -4.304119
10.514069 -1.035545 -4.376142
10.041396 0.000000 -5.367238
9.940671 0.979071 -5.339108
9.646437 1.918795 -5.257142
9.181419 2.785153 -5.128398
8.579997 3.553951 -4.963963
7.883501 4.213819 -4.777999
7.134655 4.767224 -4.586521
6.371986 5.229354 -4.406018
5.625033 5.625033 -4.252035
4.911056 5.984139 -4.137834
4.233730 6.336225 -4.073249
3.583989 6.705172 -4.063842
2.942859 7.104691 -4.110424
2.285833 7.535381 -4.208982
1.588075 7.983792 -4.351029
0.829659 8.423673 -4.524333
0.000000 8.819213 -4.713967
-0.899209 9.129819 -4.903602
-1.853011 9.315716 -5.076905
-2.834332 9.343540 -5.218953
-3.807074 9.191089 -5.317511
-4.730707 8.850531 -5.364092
-5.565654 8.329590 -5.354686
-6.278643 7.650548 -5.290101
-6.847217 6.847217 -5.175900
-7.262701 5.960344 -5.021917
-7.531160 5.032160 -4.841414
-7.672202 4.100877 -4.649936
-7.715783 3.195982 -4.463972
-7.697501 2.335011 -4.299537
-7.653072 1.522291 -4.170793
-7.612821 0.749797 -4.088826
-7.597029 0.000000 -4.060697
-7.612821 -0.749797 -4.088826
-7.653072 -1.522291 -4.170793
-7.697501 -2.335011 -4.299537
-7.715783 -3.195982 -4.463972
-7.672202 -4.100877 -4.649936
-7.531160 -5.032160 -4.841414
-7.262701 -5.960344 -5.021917
-6.847217 -6.847217 -5.175900
-6.278643 -7.650548 -5.290101
-5.565654 -8.329590 -5.354686
-4.730707 -8.850531 -5.364092
-3.807074 -9.191089 -5.317511
-2.834332 -9.343540 -5.218953
-1.853011 -9.315716 -5.076905
-0.899209 -9.129819 -4.903602
-0.000000 -8.819213 -4.713967
0.829659 -8.423673 -4.524333
1.588075 -7.983792 -4.351029
2.285833 -7.535381 -4.208982
2.942859 -7.104691 -4.110424
3.583989 -6.705172 -4.063842
4.233730 -6.336225 -4.073249
4.911056 -5.984139 -4.137834
5.625033 -5.625033 -4.252035
6.371986 -5.229354 -4.406018
7.134655 -4.767224 -4.586521
7.883501 -4.213819 -4.777999
8.579997 -3.553951 -4.963963
9.181419 -2.785153 -5.128398
9.646437 -1.918795 -5.257142
9.940671 -0.979071 -5.339108
9.196603 0.000000 -6.144974
9.114527 0.897703 -6.119600
8.874121 1.765172 -6.045663
8.492053 2.576036 -5.929532
7.993578 3.311049 -5.781207
7.409142 3.960269 -5.613461
6.770361 4.523811 -5.440741
6.105985 5.011052 -5.277922
5.438425 5.438425 -5.139025
4.781374 5.826121 -5.036012
4.138851 6.194228 -4.977754
3.505795 6.558880 -4.969269
2.870095 6.929023 -5.011287
2.215735 7.304300 -5.100190
1.526530 7.674385 -5.228321
0.789890 8.019887 -5.384646
0.000000 8.314696 -5.555702
-0.840075 8.529429 -5.726759
-1.717703 8.635478 -5.883084
-2.611523 8.609036 -6.011215
-3.493698 8.434532 -6.100118
-4.333247 8.106935 -6.142136
-5.099944 7.632606 -6.133651
-5.768201 7.028573 -6.075393
-6.320332 6.320332 -5.972380
-6.748709 5.538522 -5.833483
-7.056473 4.714984 -5.670663
-7.256672 3.878772 -5.497944
-7.369977 3.052744 -5.330198
-7.421283 2.251222 -5.181873
-7.435743 1.479061 -5.065741
-7.434790 0.732263 -4.991805
-7.432789 0.000000 -4.966431
-7.434790 -0.732263 -4.991805
-7.435743 -1.479061 -5.065741
-7.421283 -2.251222 -5.181873
-7.369977 -3.052744 -5.330198
-7.256672 -3.878772 -5.497944
-7.056473 -4.714984 -5.670663
-6.748709 -5.538522 -5.833483
-6.320332 -6.320332 -5.972380
-5.768201 -7.028573 -6.075393
-5.099944 -7.632606 -6.133651
-4.333247 -8.106935 -6.142136
-3.493698 -8.434532 -6.100118
-2.611523 -8.609036 -6.011215
-1.717703 -8.635478 -5.883084
-0.840075 -8.529429 -5.726759
-0.000000 -8.314696 -5.555702
0.789890 -8.019887 -5.384646
1.526530 -7.674385 -5.228321
2.215735 -7.304300 -5.100190
2.870095 -6.929023 -5.011287
3.505795 -6.558880 -4.969269
4.138851 -6.194228 -4.977754
4.781374 -5.826121 -5.036012
5.438425 -5.438425 -5.139025
6.105985 -5.011052 -5.277922
6.770361 -4.523811 -5.440741
7.409142 -3.960269 -5.613461
7.993578 -3.311049 -5.781207
8.492053 -2.576036 -5.929532
8.874121 -1.765172 -6.045663
9.114527 -0.897703 -6.119600
8.173832 0.000000 -6.708090
8.115458 0.799303 -6.692410
7.943429 1.580046 -6.646719
7.666625 2.325645 -6.574952
7.298567 3.023165 -6.483290
6.855701 3.664448 -6.379627
6.355369 4.246522 -6.272889
5.813760 4.771229 -6.172270
5.244145 5.244145 -6.086434
4.655668 5.672947 -6.022774
4.052831 6.065490 -5.986773
3.435782 6.427895 -5.981529
2.801301 6.762940 -6.007495
2.144361 7.069013 -6.062435
1.459975 7.339788 -6.141618
0.745057 7.564695 -6.238224
0.000000 7.730104 -6.343933
-0.770308 7.821069 -6.449642
-1.556163 7.823358 -6.546248
-2.343500 7.725485 -6.625431
-3.115064 7.520431 -6.680371
-3.852110 7.206792 -6.706337
-4.536401 6.789204 -6.701093
-5.152185 6.277956 -6.665091
-5.687873 5.687873 -6.601431
-6.137144 5.036623 -6.515595
-6.499325 4.342710 -6.414977
-6.778986 3.623444 -6.308239
-6.984804 2.893201 -6.204576
-7.127872 2.162216 -6.112914
-7.219716 1.436091 -6.041147
-7.270306 0.716063 -5.995456
-7.286377 0.000000 -5.979775
-7.270306 -0.716063 -5.995456
-7.219716 -1.436091 -6.041147
-7.127872 -2.162216 -6.112914
-6.984804 -2.893201 -6.204576
-6.778986 -3.623444 -6.308239
-6.499325 -4.342710 -6.414977
-6.137144 -5.036623 -6.515595
-5.687873 -5.687873 -6.601431
-5.152185 -6.277956 -6.665091
-4.536401 -6.789204 -6.701093
-3.852110 -7.206792 -6.706337
-3.115064 -7.520431 -6.680371
-2.343500 -7.725485 -6.625431
-1.556163 -7.823358 -6.546248
-0.770308 -7.821069 -6.449642
-0.000000 -7.730104 -6.343933
0.745057 -7.564695 -6.238224
1.459975 -7.339788 -6.141618
2.144361 -7.069013 -6.062435
2.801301 -6.762940 -6.007495
3.435782 -6.427895 -5.981529
4.052831 -6.065490 -5.986773
4.655668 -5.672947 -6.022774
5.244145 -5.244145 -6.086434
5.813760 -4.771229 -6.172270
6.355369 -4.246522 -6.272889
6.855701 -3.664448 -6.379627
7.298567 -3.023165 -6.483290
7.666625 -2.325645 -6.574952
7.943429 -1.580046 -6.646719
8.115458 -0.799303 -6.692410
7.071068 0.000000 -7.071068
7.037019 0.693086 -7.071068
6.935199 1.379497 -7.071068
6.766590 2.052623 -7.071068
6.532815 2.705981 -7.071068
6.236125 3.333278 -7.071068
5.879378 3.928475 -7.071068
5.466009 4.485838 -7.071068
5.000000 5.000000 -7.071068
4.485838 5.466009 -7.071068
3.928475 5.879378 -7.071068
3.333278 6.236125 -7.071068
2.705981 6.532815 -7.071068
2.052623 6.766590 -7.071068
1.379497 6.935199 -7.071068
0.693086 7.037019 -7.071068
0.000000 7.071068 -7.071068
-0.693086 7.037019 -7.071068
-1.379497 6.935199 -7.071068
-2.052623 6.766590 -7.071068
-2.705981 6.532815 -7.071068
-3.333278 6.236125 -7.071068
-3.928475 5.879378 -7.071068
-4.485838 5.466009 -7.071068
-5.000000 5.000000 -7.071068
-5.466009 4.485838 -7.071068
-5.879378 3.928475 -7.071068
-6.236125 3.333278 -7.071068
-6.532815 2.705981 -7.071068
-6.766590 2.052623 -7.071068
-6.935199 1.379497 -7.071068
-7.037019 0.693086 -7.071068
-7.071068 0.000000 -7.071068
-7.037019 -0.693086 -7.071068
-6.935199 -1.379497 -7.071068
-6.766590 -2.052623 -7.071068
-6.532815 -2.705981 -7.071068
-6.236125 -3.333278 -7.071068
-5.879378 -3.928475 -7.071068
-5.466009 -4.485838 -7.071068
-5.000000 -5.000000 -7.071068
-4.485838 -5.466009 -7.071068
-3.928475 -5.879378 -7.071068
-3.333278 -6.236125 -7.071068
-2.705981 -6.532815 -7.071068
-2.052623 -6.766590 -7.071068
-1.379497 -6.935199 -7.071068
-0.693086 -7.037019 -7.071068
-0.000000 -7.071068 -7.071068
0.693086 -7.037019 -7.071068
1.379497 -6.935199 -7.071068
2.052623 -6.766590 -7.071068
2.705981 -6.532815 -7.071068
3.333278 -6.236125 -7.071068
3.928475 -5.879378 -7.071068
4.485838 -5.466009 -7.071068
5.000000 -5.000000 -7.071068
5.466009 -4.485838 -7.071068
5.879378 -3.928475 -7.071068
6.236125 -3.333278 -7.071068
6.532815 -2.705981 -7.071068
6.766590 -2.052623 -7.071068
6.935199 -1.379497 -7.071068
7.037019 -0.693086 -7.071068
5.979775 0.000000 -7.286377
5.966586 0.587657 -7.305484
5.925068 1.178569 -7.361159
5.849694 1.774485 -7.448607
5.732281 2.374388 -7.560297
5.563370 2.973683 -7.686612
5.333858 3.563970 -7.816671
5.036623 4.133450 -7.939276
4.667917 4.667917 -8.043867
4.228289 5.152185 -8.121437
3.722928 5.571755 -8.165306
3.161345 5.914461 -8.171696
2.556467 6.171858 -8.140056
1.923261 6.340142 -8.073111
1.277110 6.420464 -7.976626
0.632176 6.418585 -7.858912
0.000000 6.343933 -7.730104
-0.611453 6.208185 -7.601297
-1.198170 6.023608 -7.483583
-1.759832 5.801389 -7.387099
-2.298969 5.550202 -7.320154
-2.819673 5.275237 -7.288514
-3.326072 4.977819 -7.294903
-3.820808 4.655668 -7.338772
-4.303759 4.303759 -7.416342
-4.771229 3.915647 -7.520933
-5.215717 3.485030 -7.643538
-5.626328 3.007335 -7.773597
-5.989779 2.481048 -7.899912
-6.291837 1.908608 -8.011602
-6.519004 1.296710 -8.099051
-6.660184 0.655971 -8.154725
-6.708090 0.000000 -8.173832
-6.660184 -0.655971 -8.154725
-6.519004 -1.296710 -8.099051
-6.291837 -1.908608 -8.011602
-5.989779 -2.481048 -7.899912
-5.626328 -3.007335 -7.773597
-5.215717 -3.485030 -7.643538
-4.771229 -3.915647 -7.520933
-4.303759 -4.303759 -7.416342
-3.820808 -4.655668 -7.338772
-3.326072 -4.977819 -7.294903
-2.819673 -5.275237 -7.288514
-2.298969 -5.550202 -7.320154
-1.759832 -5.801389 -7.387099
-1.198170 -6.023608 -7.483583
-0.611453 -6.208185 -7.601297
-0.000000 -6.343933 -7.730104
0.632176 -6.418585 -7.858912
1.277110 -6.420464 -7.976626
1.923261 -6.340142 -8.073111
2.556467 -6.171858 -8.140056
3.161345 -5.914461 -8.171696
3.722928 -5.571755 -8.165306
4.228289 -5.152185 -8.121437
4.667917 -4.667917 -8.043867
5.036623 -4.133450 -7.939276
5.333858 -3.563970 -7.816671
5.563370 -2.973683 -7.686612
5.732281 -2.374388 -7.560297
5.849694 -1.774485 -7.448607
5.925068 -1.178569 -7.361159
5.966586 -0.587657 -7.305484
4.966431 0.000000 -7.432789
4.967768 0.489282 -7.470764
4.968404 0.988277 -7.581418
4.958743 1.504218 -7.755220
4.924461 2.039778 -7.977205
4.848753 2.591713 -8.228254
4.714984 3.150452 -8.486748
4.509343 3.700722 -8.730424
4.223110 4.223110 -8.938298
3.854189 4.696342 -9.092468
3.407674 5.099944 -9.179657
2.895383 5.416881 -9.192356
2.334414 5.635774 -9.129472
1.744964 5.752374 -8.996419
1.147733 5.770042 -8.804657
0.561321 5.699183 -8.570700
0.000000 5.555702 -8.314696
-0.527788 5.358717 -8.058692
-1.019995 5.127860 -7.824735
-1.480507 4.880577 -7.632973
-1.917736 4.629825 -7.499920
-2.342497 4.382504 -7.437036
-2.765492 4.138851 -7.449735
-3.194812 3.892889 -7.536924
-3.633839 3.633839 -7.691094
-4.079889 3.348278 -7.898968
-4.523811 3.022714 -8.142645
-4.950631 2.646167 -8.401138
-5.341138 2.212372 -8.652187
-5.674208 1.721252 -8.874172
-5.929498 1.179450 -9.047975
-6.090132 0.599826 -9.158628
-6.144974 0.000000 -9.196603
-6.090132 -0.599826 -9.158628
-5.929498 -1.179450 -9.047975
-5.674208 -1.721252 -8.874172
-5.341138 -2.212372 -8.652187
-4.950631 -2.646167 -8.401138
-4.523811 -3.022714 -8.142645
-4.079889 -3.348278 -7.898968
-3.633839 -3.633839 -7.691094
-3.194812 -3.892889 -7.536924
-2.765492 -4.138851 -7.449735
-2.342497 -4.382504 -7.437036
-1.917736 -4.629825 -7.499920
-1.480507 -4.880577 -7.632973
-1.019995 -5.127860 -7.824735
-0.527788 -5.358717 -8.058692
-0.000000 -5.555702 -8.314696
0.561321 -5.699183 -8.570700
1.147733 -5.770042 -8.804657
1.744964 -5.752374 -8.996419
2.334414 -5.635774 -9.129472
2.895383 -5.416881 -9.192356
3.407674 -5.099944 -9.179657
3.854189 -4.696342 -9.092468
4.223110 -4.223110 -8.938298
4.509343 -3.700722 -8.730424
4.714984 -3.150452 -8.486748
4.848753 -2.591713 -8.228254
4.924461 -2.039778 -7.977205
4.958743 -1.504218 -7.755220
4.968404 -0.988277 -7.581418
4.967768 -0.489282 -7.470764
4.060697 0.000000 -7.597029
4.069138 0.400775 -7.649656
4.090652 0.813681 -7.803004
4.114400 1.248090 -8.043868
4.124172 1.708288 -8.351503
4.100877 2.191964 -8.699418
4.025489 2.689746 -9.057649
3.881994 3.185870 -9.395346
3.659914 3.659914 -9.683427
3.356004 4.089303 -9.897082
2.974904 4.452259 -10.017912
2.528616 4.730707 -10.035511
2.034923 4.912739 -9.948363
1.514982 4.994226 -9.763973
0.990455 4.979354 -9.498221
0.480637 4.879990 -9.173994
0.000000 4.713967 -8.819213
-0.443462 4.502547 -8.464432
-0.848844 4.267426 -8.140203
-1.221803 4.027745 -7.874452
-1.572991 3.797537 -7.690063
-1.915682 3.583989 -7.602914
-2.262976 3.386783 -7.620513
-2.625014 3.198589 -7.741343
-3.006643 3.006643 -7.954998
-3.405898 2.795148 -8.243079
-3.813552 2.548134 -8.580776
-4.213819 2.252333 -8.939008
-4.586104 1.899626 -9.286922
-4.907571 1.488695 -9.594558
-5.156127 1.025618 -9.835422
-5.313399 0.523324 -9.988770
-5.367238 0.000000 -10.041396
-5.313399 -0.523324 -9.988770
-5.156127 -1.025618 -9.835422
-4.907571 -1.488695 -9.594558
-4.586104 -1.899626 -9.286922
-4.213819 -2.252333 -8.939008
-3.813552 -2.548134 -8.580776
-3.405898 -2.795148 -8.243079
-3.006643 -3.006643 -7.954998
-2.625014 -3.198589 -7.741343
-2.262976 -3.386783 -7.620513
-1.915682 -3.583989 -7.602914
-1.572991 -3.797537 -7.690063
-1.221803 -4.027745 -7.874452
-0.848844 -4.267426 -8.140203
-0.443462 -4.502547 -8.464432
-0.000000 -4.713967 -8.819213
0.480637 -4.879990 -9.173994
0.990455 -4.979354 -9.498221
1.514982 -4.994226 -9.763973
2.034923 -4.912739 -9.948363
2.528616 -4.730707 -10.035511
2.974904 -4.452259 -10.017912
3.356004 -4.089303 -9.897082
3.659914 -3.659914 -9.683427
3.881994 -3.185870 -9.395346
4.025489 -2.689746 -9.057649
4.100877 -2.191964 -8.699418
4.124172 -1.708288 -8.351503
4.114400 -1.248090 -8.043868
4.090652 -0.813681 -7.803004
4.069138 -0.400775 -7.649656
3.252809 0.000000 -7.852976
3.261744 0.321254 -7.912649
3.285189 0.653465 -8.086529
3.313575 1.005162 -8.359641
3.332585 1.380402 -8.708466
3.325346 1.777434 -9.102962
3.275010 2.188292 -9.509155
3.167355 2.599381 -9.892066
2.992993 2.992993 -10.218718
2.748876 3.349516 -10.460979
2.438859 3.650010 -10.597986
2.073248 3.878774 -10.617942
1.667415 4.025495 -10.519125
1.239679 4.086673 -10.310048
0.808795 4.066086 -10.008716
0.391428 3.974235 -9.641077
0.000000 3.826834 -9.238795
-0.358763 3.642579 -8.836514
-0.684362 3.440519 -8.468875
-0.982064 3.237432 -8.167542
-1.261518 3.045573 -7.958465
-1.534667 2.871159 -7.859649
-1.813292 2.713783 -7.879604
-2.106560 2.566850 -8.016612
-2.418968 2.418968 -8.258873
-2.749011 2.256055 -8.585525
-3.088783 2.063859 -8.968435
-3.424587 1.830480 -9.374629
-3.738482 1.548530 -9.769125
-4.010530 1.216581 -10.117949
-4.221416 0.839692 -10.391062
-4.355070 0.428937 -10.564941
-4.400859 0.000000 -10.624615
-4.355070 -0.428937 -10.564941
-4.221416 -0.839692 -10.391062
-4.010530 -1.216581 -10.117949
-3.738482 -1.548530 -9.769125
-3.424587 -1.830480 -9.374629
-3.088783 -2.063859 -8.968435
-2.749011 -2.256055 -8.585525
-2.418968 -2.418968 -8.258873
-2.106560 -2.566850 -8.016612
-1.813292 -2.713783 -7.879604
-1.534667 -2.871159 -7.859649
-1.261518 -3.045573 -7.958465
-0.982064 -3.237432 -8.167542
-0.684362 -3.440519 -8.468875
-0.358763 -3.642579 -8.836514
-0.000000 -3.826834 -9.238795
0.391428 -3.974235 -9.641077
0.808795 -4.066086 -10.008716
1.239679 -4.086673 -10.310048
1.667415 -4.025495 -10.519125
2.073248 -3.878774 -10.617942
2.438859 -3.650010 -10.597986
2.748876 -3.349516 -10.460979
2.992993 -2.992993 -10.218718
3.167355 -2.599381 -9.892066
3.275010 -2.188292 -9.509155
3.325346 -1.777434 -9.102962
3.332585 -1.380402 -8.708466
3.313575 -1.005162 -8.359641
3.285189 -0.653465 -8.086529
3.261744 -0.321254 -7.912649
2.500565 0.000000 -8.243257
2.505763 0.246796 -8.300361
2.519011 0.501062 -8.466753
2.533635 0.768570 -8.728105
2.539653 1.051959 -9.061909
2.525308 1.349805 -9.439418
2.478884 1.656337 -9.828122
2.390520 1.961849 -10.194545
2.253764 2.253764 -10.507131
2.066617 2.518180 -10.738960
1.831937 2.741687 -10.870069
1.557114 2.913155 -10.889164
1.253100 3.025250 -10.794602
0.932921 3.075429 -10.594528
0.609919 3.066271 -10.306170
0.295975 3.005083 -9.954363
0.000000 2.902847 -9.569404
-0.273083 2.772655 -9.184443
-0.522715 2.627868 -8.832636
-0.752383 2.480273 -8.544278
-0.968643 2.338511 -8.344204
-1.179671 2.207010 -8.249642
-1.393534 2.085571 -8.268739
-1.616476 1.969681 -8.399847
-1.851482 1.851482 -8.631677
-2.097342 1.721244 -8.944263
-2.348374 1.569133 -9.310685
-2.594857 1.386980 -9.699389
-2.824109 1.169784 -10.076898
-3.022067 0.916734 -10.410702
-3.175128 0.631572 -10.672053
-3.271975 0.322261 -10.838447
-3.305129 0.000000 -10.895550
-3.271975 -0.322261 -10.838447
-3.175128 -0.631572 -10.672053
-3.022067 -0.916734 -10.410702
-2.824109 -1.169784 -10.076898
-2.594857 -1.386980 -9.699389
-2.348374 -1.569133 -9.310685
-2.097342 -1.721244 -8.944263
-1.851482 -1.851482 -8.631677
-1.616476 -1.969681 -8.399847
-1.393534 -2.085571 -8.268739
-1.179671 -2.207010 -8.249642
-0.968643 -2.338511 -8.344204
-0.752383 -2.480273 -8.544278
-0.522715 -2.627868 -8.832636
-0.273083 -2.772655 -9.184443
-0.000000 -2.902847 -9.569404
0.295975 -3.005083 -9.954363
0.609919 -3.066271 -10.306170
0.932921 -3.075429 -10.594528
1.253100 -3.025250 -10.794602
1.557114 -2.913155 -10.889164
1.831937 -2.741687 -10.870069
2.066617 -2.518180 -10.738960
2.253764 -2.253764 -10.507131
2.390520 -1.961849 -10.194545
2.478884 -1.656337 -9.828122
2.525308 -1.349805 -9.439418
2.539653 -1.051959 -9.061909
2.533635 -0.768570 -8.728105
2.519011 -0.501062 -8.466753
2.505763 -0.246796 -8.300361
1.743979 0.000000 -8.767573
1.744448 0.171813 -8.812367
1.744672 0.347037 -8.942892
1.741279 0.528211 -9.147906
1.729241 0.716275 -9.409755
1.702656 0.910088 -9.705888
1.655682 1.106292 -10.010801
1.583471 1.299521 -10.298238
1.482959 1.482959 -10.543442
1.353411 1.649136 -10.725298
1.196616 1.790862 -10.828144
1.016723 1.902155 -10.843123
0.819737 1.979021 -10.768946
0.612750 2.019965 -10.612000
0.403030 2.026169 -10.385801
0.197110 2.001287 -10.109830
0.000000 1.950903 -9.807853
-0.185334 1.881731 -9.505876
-0.358175 1.800665 -9.229904
-0.519885 1.713831 -9.003706
-0.673419 1.625778 -8.846760
-0.822576 1.538931 -8.772582
-0.971112 1.453371 -8.787561
-1.121869 1.367001 -8.890408
-1.276035 1.276035 -9.072264
-1.432666 1.175759 -9.317469
-1.588551 1.061436 -9.604904
-1.738430 0.929210 -9.909818
-1.875558 0.776882 -10.205951
-1.992517 0.604423 -10.467799
-2.082163 0.414168 -10.672814
-2.138570 0.210631 -10.803339
-2.157828 0.000000 -10.848133
-2.138570 -0.210631 -10.803339
-2.082163 -0.414168 -10.672814
-1.992517 -0.604423 -10.467799
-1.875558 -0.776882 -10.205951
-1.738430 -0.929210 -9.909818
-1.588551 -1.061436 -9.604904
-1.432666 -1.175759 -9.317469
-1.276035 -1.276035 -9.072264
-1.121869 -1.367001 -8.890408
-0.971112 -1.453371 -8.787561
-0.822576 -1.538931 -8.772582
-0.673419 -1.625778 -8.846760
-0.519885 -1.713831 -9.003706
-0.358175 -1.800665 -9.229904
-0.185334 -1.881731 -9.505876
-0.000000 -1.950903 -9.807853
0.197110 -2.001287 -10.109830
0.403030 -2.026169 -10.385801
0.612750 -2.019965 -10.612000
0.819737 -1.979021 -10.768946
1.016723 -1.902155 -10.843123
1.196616 -1.790862 -10.828144
1.353411 -1.649136 -10.725298
1.482959 -1.482959 -10.543442
1.583471 -1.299521 -10.298238
1.655682 -1.106292 -10.010801
1.702656 -0.910088 -9.705888
1.729241 -0.716275 -9.409755
1.741279 -0.528211 -9.147906
1.744672 -0.347037 -8.942892
1.744448 -0.171813 -8.812367
0.923907 0.000000 -9.380587
0.921869 0.090796 -9.405185
0.915455 0.182095 -9.476861
0.903809 0.274167 -9.589443
0.885668 0.366856 -9.733235
0.859570 0.459450 -9.895854
0.824109 0.550652 -10.063294
0.778185 0.638640 -10.221138
0.721218 0.721218 -10.355790
0.653293 0.796040 -10.455654
0.575212 0.860866 -10.512132
0.488445 0.913816 -10.520357
0.394988 0.953585 -10.479624
0.297154 0.979586 -10.393438
0.197320 0.991996 -10.269223
0.097674 0.991706 -10.117676
0.000000 0.980171 -9.951847
-0.094473 0.959198 -9.786019
-0.185124 0.930680 -9.634472
-0.271903 0.896345 -9.510257
-0.355203 0.857536 -9.424071
-0.435655 0.815052 -9.383337
-0.513896 0.769100 -9.391562
-0.590335 0.719325 -9.448040
-0.664954 0.664954 -9.547905
-0.737180 0.604988 -9.682557
-0.805856 0.538456 -9.840400
-0.869298 0.464649 -10.007841
-0.925453 0.383335 -10.170460
-0.972122 0.294890 -10.314252
-1.007221 0.200349 -10.426833
-1.029034 0.101351 -10.498510
-1.036436 0.000000 -10.523108
-1.029034 -0.101351 -10.498510
-1.007221 -0.200349 -10.426833
-0.972122 -0.294890 -10.314252
-0.925453 -0.383335 -10.170460
-0.869298 -0.464649 -10.007841
-0.805856 -0.538456 -9.840400
-0.737180 -0.604988 -9.682557
-0.664954 -0.664954 -9.547905
-0.590335 -0.719325 -9.448040
-0.513896 -0.769100 -9.391562
-0.435655 -0.815052 -9.383337
-0.355203 -0.857536 -9.424071
-0.271903 -0.896345 -9.510257
-0.185124 -0.930680 -9.634472
-0.094473 -0.959198 -9.786019
-0.000000 -0.980171 -9.951847
0.097674 -0.991706 -10.117676
0.197320 -0.991996 -10.269223
0.297154 -0.979586 -10.393438
0.394988 -0.953585 -10.479624
0.488445 -0.913816 -10.520357
0.575212 -0.860866 -10.512132
0.653293 -0.796040 -10.455654
0.721218 -0.721218 -10.355790
0.778185 -0.638640 -10.221138
0.824109 -0.550652 -10.063294
0.859570 -0.459450 -9.895854
0.885668 -0.366856 -9.733235
0.903809 -0.274167 -9.589443
0.915455 -0.182095 -9.476861
0.921869 -0.090796 -9.405185
0.000000 0.000000 -10.000000
0.000000 0.000000 -10.000000
0.000000 0.000000 -10.000000
0.000000 0.000000 -10.000000
0.000000 0.000000 -10.000000
0.000000 0.000000 -10.000000
0.000000 0.000000 -10.000000
0.000000 0.000000 -10.000000
0.000000 0.000000 -10.000000
0.000000 0.000000 -10.000000
0.000000 0.000000 -10.000000
0.000000 0.000000 -10.000000
0.000000 0.000000 -10.000000
0.000000 0.000000 -10.000000
0.000000 0.000000 -10.000000
0.000000 0.000000 -10.000000
0.000000 0.000000 -10.000000
-0.000000 0.000000 -10.000000
-0.000000 0.000000 -10.000000
-0.000000 0.000000 -10.000000
-0.000000 0.000000 -10.000000
-0.000000 0.000000 -10.000000
-0.000000 0.000000 -10.000000
-0.000000 0.000000 -10.000000
-0.000000 0.000000 -10.000000
-0.000000 0.000000 -10.000000
-0.000000 0.000000 -10.000000
-0.000000 0.000000 -10.000000
-0.000000 0.000000 -10.000000
-0.000000 0.000000 -10.000000
-0.000000 0.000000 -10.000000
-0.000000 0.000000 -10.000000
-0.000000 0.000000 -10.000000
-0.000000 -0.000000 -10.000000
-0.000000 -0.000000 -10.000000
-0.000000 -0.000000 -10.000000
-0.000000 -0.000000 -10.000000
-0.000000 -0.000000 -10.000000
-0.000000 -0.000000 -10.000000
-0.000000 -0.000000 -10.000000
-0.000000 -0.000000 -10.000000
-0.000000 -0.000000 -10.000000
-0.000000 -0.000000 -10.000000
-0.000000 -0.000000 -10.000000
-0.000000 -0.000000 -10.000000
-0.000000 -0.000000 -10.000000
-0.000000 -0.000000 -10.000000
-0.000000 -0.000000 -10.000000
-0.000000 -0.000000 -10.000000
0.000000 -0.000000 -10.000000
0.000000 -0.000000 -10.000000
0.000000 -0.000000 -10.000000
0.000000 -0.000000 -10.000000
0.000000 -0.000000 -10.000000
0.000000 -0.000000 -10.000000
0.000000 -0.000000 -10.000000
0.000000 -0.000000 -10.000000
0.000000 -0.000000 -10.000000
0.000000 -0.000000 -10.000000
0.000000 -0.000000 -10.000000
0.000000 -0.000000 -10.000000
0.000000 -0.000000 -10.000000
0.000000 -0.000000 -10.000000
0.000000 -0.000000 -10.000000
3 64 65 1
3 65 66 2
3 66 67 3
3 67 68 4
3 68 69 5
3 69 70 6
3 70 71 7
3 71 72 8
3 72 73 9
3 73 74 10
3 74 75 11
3 75 76 12
3 76 77 13
3 77 78 14
3 78 79 15
3 79 80 16
3 80 81 17
3 81 82 18
3 82 83 19
3 83 84 20
3 84 85 21
3 85 86 22
3 86 87 23
3 87 88 24
3 88 89 25
3 89 90 26
3 90 91 27
3 91 92 28
3 92 93 29
3 93 94 30
3 94 95 31
3 95 96 32
3 96 97 33
3 97 98 34
3 98 99 35
3 99 100 36
3 100 101 37
3 101 102 38
3 102 103 39
3 103 104 40
3 104 105 41
3 105 106 42
3 106 107 43
3 107 108 44
3 108 109 45
3 109 110 46
3 110 111 47
3 111 112 48
3 112 113 49
3 113 114 50
3 114 115 51
3 115 116 52
3 116 117 53
3 117 118 54
3 118 119 55
3 119 120 56
3 120 121 57
3 121 122 58
3 122 123 59
3 123 124 60
3 124 125 61
3 125 126 62
3 126 127 63
3 127 64 0
3 64 128 65
3 128 129 65
3 65 129 66
3 129 130 66
3 66 130 67
3 130 131 67
3 67 131 68
3 131 132 68
3 68 132 69
3 132 133 69
3 69 133 70
3 133 134 70
3 70 134 71
3 134 135 71
3 71 135 72
3 135 136 72
3 72 136 73
3 136 137 73
3 73 137 74
3 137 138 74
3 74 138 75
3 138 139 75
3 75 139 76
3 139 140 76
3 76 140 77
3 140 141 77
3 77 141 78
3 141 142 78
3 78 142 79
3 142 143 79
3 79 143 80
3 143 144 80
3 80 144 81
3 144 145 81
3 81 145 82
3 145 146 82
3 82 146 83
3 146 147 83
3 83 147 84
3 147 148 84
3 84 148 85
3 148 149 85
3 85 149 86
3 149 150 86
3 86 150 87
3 150 151 87
3 87 151 88
3 151 152 88
3 88 152 89
3 152 153 89
3 89 153 90
3 153 154 90
3 90 154 91
3 154 155 91
3 91 155 92
3 155 156 92
3 92 156 93
3 156 157 93
3 93 157 94
3 157 158 94
3 94 158 95
3 158 159 95
3 95 159 96
3 159 160 96
3 96 160 97
3 160 161 97
3 97 161 98
3 161 162 98
3 98 162 99
3 162 163 99
3 99 163 100
3 163 164 100
3 100 164 101
3 164 165 101
3 101 165 102
3 165 166 102
3 102 166 103
3 166 167 103
3 103 167 104
3 167 168 104
3 104 168 105
3 168 169 105
3 105 169 106
3 169 170 106
3 106 170 107
3 170 171 107
3 107 171 108
3 171 172 108
3 108 172 109
3 172 173 109
3 109 173 110
3 173 174 110
3 110 174 111
3 174 175 111
3 111 175 112
3 175 176 112
3 112 176 113
3 176 177 113
3 113 177 114
3 177 178 114
3 114 178 115
3 178 179 115
3 115 179 116
3 179 180 116
3 116 180 117
3 180 181 117
3 117 181 118
3 181 182 118
3 118 182 119
3 182 183 119
3 119 183 120
3 183 184 120
3 120 184 121
3 184 185 121
3 121 185 122
3 185 186 122
3 122 186 123
3 186 187 123
3 123 187 124
3 187 188 124
3 124 188 125
3 188 189 125
3 125 189 126
3 189 190 126
3 126 190 127
3 190 191 127
3 127 191 64
3 191 128 64
3 128 192 129
3 192 193 129
3 129 193 130
3 193 194 130
3 130 194 131
3 194 195 131
3 131 195 132
3 195 196 132
3 132 196 133
3 196 197 133
3 133 197 134
3 197 198 134
3 134 198 135
3 198 199 135
3 135 199 136
3 199 200 136
3 136 200 137
3 200 201 137
3 137 201 138
3 201 202 138
3 138 202 139
3 202 203 139
3 139 203 140
3 203 204 140
3 140 204 141
3 204 205 141
3 141 205 142
3 205 206 142
3 142 206 143
3 206 207 143
3 143 207 144
3 207 208 144
3 144 208 145
3 208 209 145
3 145 209 146
3 209 210 146
3 146 210 147
3 210 211 147
3 147 211 148
3 211 212 148
3 148 212 149
3 212 213 149
3 149 213 150
3 213 214 150
3 150 214 151
3 214 215 151
3 151 215 152
3 215 216 152
3 152 216 153
3 216 217 153
3 153 217 154
3 217 218 154
3 154 218 155
3 218 219 155
3 155 219 156
3 219 220 156
3 156 220 157
3 220 221 157
3 157 221 158
3 221 222 158
3 158 222 159
3 222 223 159
3 159 223 160
3 223 224 160
3 160 224 161
3 224 225 161
3 161 225 162
3 225 226 162
3 162 226 163
3 226 227 163
3 163 227 164
3 227 228 164
3 164 228 165
3 228 229 165
3 165 229 166
3 229 230 166
3 166 230 167
3 230 231 167
3 167 231 168
3 231 232 168
3 168 232 169
3 232 233 169
3 169 233 170
3 233 234 170
3 170 234 171
3 234 235 171
3 171 235 172
3 235 236 172
3 172 236 173
3 236 237 173
3 173 237 174
3 237 238 174
3 174 238 175
3 238 239 175
3 175 239 176
3 239 240 176
3 176 240 177
3 240 241 177
3 177 241 178
3 241 242 178
3 178 242 179
3 242 243 179
3 179 243 180
3 243 244 180
3 180 244 181
3 244 245 181
3 181 245 182
3 245 246 182
3 182 246 183
3 246 247 183
3 183 247 184
3 247 248 184
3 184 248 185
3 248 249 185
3 185 249 186
3 249 250 186
3 186 250 187
3 250 251 187
3 187 251 188
3 251 252 188
3 188 252 189
3 252 253 189
3 189 253 190
3 253 254 190
3 190 254 191
3 254 255 191
3 191 255 128
3 255 192 128
3 192 256 193
3 256 257 193
3 193 257 194
3 257 258 194
3 194 258 195
3 258 259 195
3 195 259 196
3 259 260 196
3 196 260 197
3 260 261 197
3 197 261 198
3 261 262 198
3 198 262 199
3 262 263 199
3 199 263 200
3 263 264 200
3 200 264 201
3 264 265 201
3 201 265 202
3 265 266 202
3 202 266 203
3 266 267 203
3 203 267 204
3 267 268 204
3 204 268 205
3 268 269 205
3 205 269 206
3 269 270 206
3 206 270 207
3 270 271 207
3 207 271 208
3 271 272 208
3 208 272 209
3 272 273 209
3 209 273 210
3 273 274 210
3 210 274 211
3 274 275 211
3 211 275 212
3 275 276 212
3 212 276 213
3 276 277 213
3 213 277 214
3 277 278 214
3 214 278 215
3 278 279 215
3 215 279 216
3 279 280 216
3 216 280 217
3 280 281 217
3 217 281 218
3 281 282 218
3 218 282 219
3 282 283 219
3 219 283 220
3 283 284 220
3 220 284 221
3 284 285 221
3 221 285 222
3 285 286 222
3 222 286 223
3 286 287 223
3 223 287 224
3 287 288 224
3 224 288 225
3 288 289 225
3 225 289 226
3 289 290 226
3 226 290 227
3 290 291 227
3 227 291 228
3 291 292 228
3 228 292 229
3 292 293 229
3 229 293 230
3 293 294 230
3 230 294 231
3 294 295 231
3 231 295 232
3 295 296 232
3 232 296 233
3 296 297 233
3 233 297 234
3 297 298 234
3 234 298 235
3 298 299 235
3 235 299 236
3 299 300 236
3 236 300 237
3 300 301 237
3 237 301 238
3 301 302 238
3 238 302 239
3 302 303 239
3 239 303 240
3 303 304 240
3 240 304 241
3 304 305 241
3 241 305 242
3 305 306 242
3 242 306 243
3 306 307 243
3 243 307 244
3 307 308 244
3 244 308 245
3 308 309 245
3 245 309 246
3 309 310 246
3 246 310 247
3 310 311 247
3 247 311 248
3 311 312 248
3 248 312 249
3 312 313 249
3 249 313 250
3 313 314 250
3 250 314 251
3 314 315 251
3 251 315 252
3 315 316 252
3 252 316 253
3 316 317 253
3 253 317 254
3 317 318 254
3 254 318 255
3 318 319 255
3 255 319 192
3 319 256 192
3 256 320 257
3 320 321 257
3 257 321 258
3 321 322 258
3 258 322 259
3 322 323 259
3 259 323 260
3 323 324 260
3 260 324 261
3 324 325 261
3 261 325 262
3 325 326 262
3 262 326 263
3 326 327 263
3 263 327 264
3 327 328 264
3 264 328 265
3 328 329 265
3 265 329 266
3 329 330 266
3 266 330 267
3 330 331 267
3 267 331 268
3 331 332 268
3 268 332 269
3 332 333 269
3 269 333 270
3 333 334 270
3 270 334 271
3 334 335 271
3 271 335 272
3 335 336 272
3 272 336 273
3 336 337 273
3 273 337 274
3 337 338 274
3 274 338 275
3 338 339 275
3 275 339 276
3 339 340 276
3 276 340 277
3 340 341 277
3 277 341 278
3 341 342 278
3 278 342 279
3 342 343 279
3 279 343 280
3 343 344 280
3 280 344 281
3 344 345 281
3 281 345 282
3 345 346 282
3 282 346 283
3 346 347 283
3 283 347 284
3 347 348 284
3 284 348 285
3 348 349 285
3 285 349 286
3 349 350 286
3 286 350 287
3 350 351 287
3 287 351 288
3 351 352 288
3 288 352 289
3 352 353 289
3 289 353 290
3 353 354 290
3 290 354 291
3 354 355 291
3 291 355 292
3 355 356 292
3 292 356 293
3 356 357 293
3 293 357 294
3 357 358 294
3 294 358 295
3 358 359 295
3 295 359 296
3 359 360 296
3 296 360 297
3 360 361 297
3 297 361 298
3 361 362 298
3 298 362 299
3 362 363 299
3 299 363 300
3 363 364 300
3 300 364 301
3 364 365 301
3 301 365 302
3 365 366 302
3 302 366 303
3 366 367 303
3 303 367 304
3 367 368 304
3 304 368 305
3 368 369 305
3 305 369 306
3 369 370 306
3 306 370 307
3 370 371 307
3 307 371 308
3 371 372 308
3 308 372 309
3 372 373 309
3 309 373 310
3 373 374 310
3 310 374 311
3 374 375 311
3 311 375 312
3 375 376 312
3 312 376 313
3 376 377 313
3 313 377 314
3 377 378 314
3 314 378 315
3 378 379 315
3 315 379 316
3 379 380 316
3 316 380 317
3 380 381 317
3 317 381 318
3 381 382 318
3 318 382 319
3 382 383 319
3 319 383 256
3 383 320 256
3 320 384 321
3 384 385 321
3 321 385 322
3 385 386 322
3 322 386 323
3 386 387 323
3 323 387 324
3 387 388 324
3 324 388 325
3 388 389 325
3 325 389 326
3 389 390 326
3 326 390 327
3 390 391 327
3 327 391 328
3 391 392 328
3 328 392 329
3 392 393 329
3 329 393 330
3 393 394 330
3 330 394 331
3 394 395 331
3 331 395 332
3 395 396 332
3 332 396 333
3 396 397 333
3 333 397 334
3 397 398 334
3 334 398 335
3 398 399 335
3 335 399 336
3 399 400 336
3 336 400 337
3 400 401 337
3 337 401 338
3 401 402 338
3 338 402 339
3 402 403 339
3 339 403 340
3 403 404 340
3 340 404 341
3 404 405 341
3 341 405 342
3 405 406 342
3 342 406 343
3 406 407 343
3 343 407 344
3 407 408 344
3 344 408 345
3 408 409 345
3 345 409 346
3 409 410 346
3 346 410 347
3 410 411 347
3 347 411 348
3 411 412 348
3 348 412 349
3 412 413 349
3 349 413 350
3 413 414 350
3 350 414 351
3 414 415 351
3 351 415 352
3 415 416 352
3 352 416 353
3 416 417 353
3 353 417 354
3 417 418 354
3 354 418 355
3 418 419 355
3 355 419 356
3 419 420 356
3 356 420 357
3 420 421 357
3 357 421 358
3 421 422 358
3 358 422 359
3 422 423 359
3 359 423 360
3 423 424 360
3 360 424 361
3 424 425 361
3 361 425 362
3 425 426 362
3 362 426 363
3 426 427 363
3 363 427 364
3 427 428 364
3 364 428 365
3 428 429 365
3 365 429 366
3 429 430 366
3 366 430 367
3 430 431 367
3 367 431 368
3 431 432 368
3 368 432 369
3 432 433 369
3 369 433 370
3 433 434 370
3 370 434 371
3 434 435 371
3 371 435 372
3 435 436 372
3 372 436 373
3 436 437 373
3 373 437 374
3 437 438 374
3 374 438 375
3 438 439 375
3 375 439 376
3 439 440 376
3 376 440 377
3 440 441 377
3 377 441 378
3 441 442 378
3 378 442 379
3 442 443 379
3 379 443 380
3 443 444 380
3 380 444 381
3 444 445 381
3 381 445 382
3 445 446 382
3 382 446 383
3 446 447 383
3 383 447 320
3 447 384 320
3 384 448 385
3 448 449 385
3 385 449 386
3 449 450 386
3 386 450 387
3 450 451 387
3 387 451 388
3 451 452 388
3 388 452 389
3 452 453 389
3 389 453 390
3 453 454 390
3 390 454 391
3 454 455 391
3 391 455 392
3 455 456 392
3 392 456 393
3 456 457 393
3 393 457 394
3 457 458 394
3 394 458 395
3 458 459 395
3 395 459 396
3 459 460 396
3 396 460 397
3 460 461 397
3 397 461 398
3 461 462 398
3 398 462 399
3 462 463 399
3 399 463 400
3 463 464 400
3 400 464 401
3 464 465 401
3 401 465 402
3 465 466 402
3 402 466 403
3 466 467 403
3 403 467 404
3 467 468 404
3 404 468 405
3 468 469 405
3 405 469 406
3 469 470 406
3 406 470 407
3 470 471 407
3 407 471 408
3 471 472 408
3 408 472 409
3 472 473 409
3 409 473 410
3 473 474 410
3 410 474 411
3 474 475 411
3 411 475 412
3 475 476 412
3 412 476 413
3 476 477 413
3 413 477 414
3 477 478 414
3 414 478 415
3 478 479 415
3 415 479 416
3 479 480 416
3 416 480 417
3 480 481 417
3 417 481 418
3 481 482 418
3 418 482 419
3 482 483 419
3 419 483 420
3 483 484 420
3 420 484 421
3 484 485 421
3 421 485 422
3 485 486 422
3 422 486 423
3 486 487 423
3 423 487 424
3 487 488 424
3 424 488 425
3 488 489 425
3 425 489 426
3 489 490 426
3 426 490 427
3 490 491 427
3 427 491 428
3 491 492 428
3 428 492 429
3 492 493 429
3 429 493 430
3 493 494 430
3 430 494 431
3 494 495 431
3 431 495 432
3 495 496 432
3 432 496 433
3 496 497 433
3 433 497 434
3 497 498 434
3 434 498 435
3 498 499 435
3 435 499 436
3 499 500 436
3 436 500 437
3 500 501 437
3 437 501 438
3 501 502 438
3 438 502 439
3 502 503 439
3 439 503 440
3 503 504 440
3 440 504 441
3 504 505 441
3 441 505 442
3 505 506 442
3 442 506 443
3 506 507 443
3 443 507 444
3 507 508 444
3 444 508 445
3 508 509 445
3 445 509 446
3 509 510 446
3 446 510 447
3 510 511 447
3 447 511 384
3 511 448 384
3 448 512 449
3 512 513 449
3 449 513 450
3 513 514 450
3 450 514 451
3 514 515 451
3 451 515 452
3 515 516 452
3 452 516 453
3 516 517 453
3 453 517 454
3 517 518 454
3 454 518 455
3 518 519 455
3 455 519 456
3 519 520 456
3 456 520 457
3 520 521 457
3 457 521 458
3 521 522 458
3 458 522 459
3 522 523 459
3 459 523 460
3 523 524 460
3 460 524 461
3 524 525 461
3 461 525 462
3 525 526 462
3 462 526 463
3 526 527 463
3 463 527 464
3 527 528 464
3 464 528 465
3 528 529 465
3 465 529 466
3 529 530 466
3 466 530 467
3 530 531 467
3 467 531 468
3 531 532 468
3 468 532 469
3 532 533 469
3 469 533 470
3 533 534 470
3 470 534 471
3 534 535 471
3 471 535 472
3 535 536 472
3 472 536 473
3 536 537 473
3 473 537 474
3 537 538 474
3 474 538 475
3 538 539 475
3 475 539 476
3 539 540 476
3 476 540 477
3 540 541 477
3 477 541 478
3 541 542 478
3 478 542 479
3 542 543 479
3 479 543 480
3 543 544 480
3 480 544 481
3 544 545 481
3 481 545 482
3 545 546 482
3 482 546 483
3 546 547 483
3 483 547 484
3 547 548 484
3 484 548 485
3 548 549 485
3 485 549 486
3 549 550 486
3 486 550 487
3 550 551 487
3 487 551 488
3 551 552 488
3 488 552 489
3 552 553 489
3 489 553 490
3 553 554 490
3 490 554 491
3 554 555 491
3 491 555 492
3 555 556 492
3 492 556 493
3 556 557 493
3 493 557 494
3 557 558 494
3 494 558 495
3 558 559 495
3 495 559 496
3 559 560 496
3 496 560 497
3 560 561 497
3 497 561 498
3 561 562 498
3 498 562 499
3 562 563 499
3 499 563 500
3 563 564 500
3 500 564 501
3 564 565 501
3 501 565 502
3 565 566 502
3 502 566 503
3 566 567 503
3 503 567 504
3 567 568 504
3 504 568 505
3 568 569 505
3 505 569 506
3 569 570 506
3 506 570 507
3 570 571 507
3 507 571 508
3 571 572 508
3 508 572 509
3 572 573 509
3 509 573 510
3 573 574 510
3 510 574 511
3 574 575 511
3 511 575 448
3 575 512 448
3 512 576 513
3 576 577 513
3 513 577 514
3 577 578 514
3 514 578 515
3 578 579 515
3 515 579 516
3 579 580 516
3 516 580 517
3 580 581 517
3 517 581 518
3 581 582 518
3 518 582 519
3 582 583 519
3 519 583 520
3 583 584 520
3 520 584 521
3 584 585 521
3 521 585 522
3 585 586 522
3 522 586 523
3 586 587 523
3 523 587 524
3 587 588 524
3 524 588 525
3 588 589 525
3 525 589 526
3 589 590 526
3 526 590 527
3 590 591 527
3 527 591 528
3 591 592 528
3 528 592 529
3 592 593 529
3 529 593 530
3 593 594 530
3 530 594 531
3 594 595 531
3 531 595 532
3 595 596 532
3 532 596 533
3 596 597 533
3 533 597 534
3 597 598 534
3 534 598 535
3 598 599 535
3 535 599 536
3 599 600 536
3 536 600 537
3 600 601 537
3 537 601 538
3 601 602 538
3 538 602 539
3 602 603 539
3 539 603 540
3 603 604 540
3 540 604 541
3 604 605 541
3 541 605 542
3 605 606 542
3 542 606 543
3 606 607 543
3 543 607 544
3 607 608 544
3 544 608 545
3 608 609 545
3 545 609 546
3 609 610 546
3 546 610 547
3 610 611 547
3 547 611 548
3 611 612 548
3 548 612 549
3 612 613 549
3 549 613 550
3 613 614 550
3 550 614 551
3 614 615 551
3 551 615 552
3 615 616 552
3 552 616 553
3 616 617 553
3 553 617 554
3 617 618 554
3 554 618 555
3 618 619 555
3 555 619 556
3 619 620 556
3 556 620 557
3 620 621 557
3 557 621 558
3 621 622 558
3 558 622 559
3 622 623 559
3 559 623 560
3 623 624 560
3 560 624 561
3 624 625 561
3 561 625 562
3 625 626 562
3 562 626 563
3 626 627 563
3 563 627 564
3 627 628 564
3 564 628 565
3 628 629 565
3 565 629 566
3 629 630 566
3 566 630 567
3 630 631 567
3 567 631 568
3 631 632 568
3 568 632 569
3 632 633 569
3 569 633 570
3 633 634 570
3 570 634 571
3 634 635 571
3 571 635 572
3 635 636 572
3 572 636 573
3 636 637 573
3 573 637 574
3 637 638 574
3 574 638 575
3 638 639 575
3 575 639 512
3 639 576 512
3 576 640 577
3 640 641 577
3 577 641 578
3 641 642 578
3 578 642 579
3 642 643 579
3 579 643 580
3 643 644 580
3 580 644 581
3 644 645 581
3 581 645 582
3 645 646 582
3 582 646 583
3 646 647 583
3 583 647 584
3 647 648 584
3 584 648 585
3 648 649 585
3 585 649 586
3 649 650 586
3 586 650 587
3 650 651 587
3 587 651 588
3 651 652 588
3 588 652 589
3 652 653 589
3 589 653 590
3 653 654 590
3 590 654 591
3 654 655 591
3 591 655 592
3 655 656 592
3 592 656 593
3 656 657 593
3 593 657 594
3 657 658 594
3 594 658 595
3 658 659 595
3 595 659 596
3 659 660 596
3 596 660 597
3 660 661 597
3 597 661 598
3 661 662 598
3 598 662 599
3 662 663 599
3 599 663 600
3 663 664 600
3 600 664 601
3 664 665 601
3 601 665 602
3 665 666 602
3 602 666 603
3 666 667 603
3 603 667 604
3 667 668 604
3 604 668 605
3 668 669 605
3 605 669 606
3 669 670 606
3 606 670 607
3 670 671 607
3 607 671 608
3 671 672 608
3 608 672 609
3 672 673 609
3 609 673 610
3 673 674 610
3 610 674 611
3 674 675 611
3 611 675 612
3 675 676 612
3 612 676 613
3 676 677 613
3 613 677 614
3 677 678 614
3 614 678 615
3 678 679 615
3 615 679 616
3 679 680 616
3 616 680 617
3 680 681 617
3 617 681 618
3 681 682 618
3 618 682 619
3 682 683 619
3 619 683 620
3 683 684 620
3 620 684 621
3 684 685 621
3 621 685 622
3 685 686 622
3 622 686 623
3 686 687 623
3 623 687 624
3 687 688 624
3 624 688 625
3 688 689 625
3 625 689 626
3 689 690 626
3 626 690 627
3 690 691 627
3 627 691 628
3 691 692 628
3 628 692 629
3 692 693 629
3 629 693 630
3 693 694 630
3 630 694 631
3 694 695 631
3 631 695 632
3 695 696 632
3 632 696 633
3 696 697 633
3 633 697 634
3 697 698 634
3 634 698 635
3 698 699 635
3 635 699 636
3 699 700 636
3 636 700 637
3 700 701 637
3 637 701 638
3 701 702 638
3 638 702 639
3 702 703 639
3 639 703 576
3 703 640 576
3 640 704 641
3 704 705 641
3 641 705 642
3 705 706 642
3 642 706 643
3 706 707 643
3 643 707 644
3 707 708 644
3 644 708 645
3 708 709 645
3 645 709 646
3 709 710 646
3 646 710 647
3 710 711 647
3 647 711 648
3 711 712 648
3 648 712 649
3 712 713 649
3 649 713 650
3 713 714 650
3 650 714 651
3 714 715 651
3 651 715 652
3 715 716 652
3 652 716 653
3 716 717 653
3 653 717 654
3 717 718 654
3 654 718 655
3 718 719 655
3 655 719 656
3 719 720 656
3 656 720 657
3 720 721 657
3 657 721 658
3 721 722 658
3 658 722 659
3 722 723 659
3 659 723 660
3 723 724 660
3 660 724 661
3 724 725 661
3 661 725 662
3 725 726 662
3 662 726 663
3 726 727 663
3 663 727 664
3 727 728 664
3 664 728 665
3 728 729 665
3 665 729 666
3 729 730 666
3 666 730 667
3 730 731 667
3 667 731 668
3 731 732 668
3 668 732 669
3 732 733 669
3 669 733 670
3 733 734 670
3 670 734 671
3 734 735 671
3 671 735 672
3 735 736 672
3 672 736 673
3 736 737 673
3 673 737 674
3 737 738 674
3 674 738 675
3 738 739 675
3 675 739 676
3 739 740 676
3 676 740 677
3 740 741 677
3 677 741 678
3 741 742 678
3 678 742 679
3 742 743 679
3 679 743 680
3 743 744 680
3 680 744 681
3 744 745 681
3 681 745 682
3 745 746 682
3 682 746 683
3 746 747 683
3 683 747 684
3 747 748 684
3 684 748 685
3 748 749 685
3 685 749 686
3 749 750 686
3 686 750 687
3 750 751 687
3 687 751 688
3 751 752 688
3 688 752 689
3 752 753 689
3 689 753 690
3 753 754 690
3 690 754 691
3 754 755 691
3 691 755 692
3 755 756 692
3 692 756 693
3 756 757 693
3 693 757 694
3 757 758 694
3 694 758 695
3 758 759 695
3 695 759 696
3 759 760 696
3 696 760 697
3 760 761 697
3 697 761 698
3 761 762 698
3 698 762 699
3 762 763 699
3 699 763 700
3 763 764 700
3 700 764 701
3 764 765 701
3 701 765 702
3 765 766 702
3 702 766 703
3 766 767 703
3 703 767 640
3 767 704 640
3 704 768 705
3 768 769 705
3 705 769 706
3 769 770 706
3 706 770 707
3 770 771 707
3 707 771 708
3 771 772 708
3 708 772 709
3 772 773 709
3 709 773 710
3 773 774 710
3 710 774 711
3 774 775 711
3 711 775 712
3 775 776 712
3 712 776 713
3 776 777 713
3 713 777 714
3 777 778 714
3 714 778 715
3 778 779 715
3 715 779 716
3 779 780 716
3 716 780 717
3 780 781 717
3 717 781 718
3 781 782 718
3 718 782 719
3 782 783 719
3 719 783 720
3 783 784 720
3 720 784 721
3 784 785 721
3 721 785 722
3 785 786 722
3 722 786 723
3 786 787 723
3 723 787 724
3 787 788 724
3 724 788 725
3 788 789 725
3 725 789 726
3 789 790 726
3 726 790 727
3 790 791 727
3 727 791 728
3 791 792 728
3 728 792 729
3 792 793 729
3 729 793 730
3 793 794 730
3 730 794 731
3 794 795 731
3 731 795 732
3 795 796 732
3 732 796 733
3 796 797 733
3 733 797 734
3 797 798 734
3 734 798 735
3 798 799 735
3 735 799 736
3 799 800 736
3 736 800 737
3 800 801 737
3 737 801 738
3 801 802 738
3 738 802 739
3 802 803 739
3 739 803 740
3 803 804 740
3 740 804 741
3 804 805 741
3 741 805 742
3 805 806 742
3 742 806 743
3 806 807 743
3 743 807 744
3 807 808 744
3 744 808 745
3 808 809 745
3 745 809 746
3 809 810 746
3 746 810 747
3 810 811 747
3 747 811 748
3 811 812 748
3 748 812 749
3 812 813 749
3 749 813 750
3 813 814 750
3 750 814 751
3 814 815 751
3 751 815 752
3 815 816 752
3 752 816 753
3 816 817 753
3 753 817 754
3 817 818 754
3 754 818 755
3 818 819 755
3 755 819 756
3 819 820 756
3 756 820 757
3 820 821 757
3 757 821 758
3 821 822 758
3 758 822 759
3 822 823 759
3 759 823 760
3 823 824 760
3 760 824 761
3 824 825 761
3 761 825 762
3 825 826 762
3 762 826 763
3 826 827 763
3 763 827 764
3 827 828 764
3 764 828 765
3 828 829 765
3 765 829 766
3 829 830 766
3 766 830 767
3 830 831 767
3 767 831 704
3 831 768 704
3 768 832 769
3 832 833 769
3 769 833 770
3 833 834 770
3 770 834 771
3 834 835 771
3 771 835 772
3 835 836 772
3 772 836 773
3 836 837 773
3 773 837 774
3 837 838 774
3 774 838 775
3 838 839 775
3 775 839 776
3 839 840 776
3 776 840 777
3 840 841 777
3 777 841 778
3 841 842 778
3 778 842 779
3 842 843 779
3 779 843 780
3 843 844 780
3 780 844 781
3 844 845 781
3 781 845 782
3 845 846 782
3 782 846 783
3 846 847 783
3 783 847 784
3 847 848 784
3 784 848 785
3 848 849 785
3 785 849 786
3 849 850 786
3 786 850 787
3 850 851 787
3 787 851 788
3 851 852 788
3 788 852 789
3 852 853 789
3 789 853 790
3 853 854 790
3 790 854 791
3 854 855 791
3 791 855 792
3 855 856 792
3 792 856 793
3 856 857 793
3 793 857 794
3 857 858 794
3 794 858 795
3 858 859 795
3 795 859 796
3 859 860 796
3 796 860 797
3 860 861 797
3 797 861 798
3 861 862 798
3 798 862 799
3 862 863 799
3 799 863 800
3 863 864 800
3 800 864 801
3 864 865 801
3 801 865 802
3 865 866 802
3 802 866 803
3 866 867 803
3 803 867 804
3 867 868 804
3 804 868 805
3 868 869 805
3 805 869 806
3 869 870 806
3 806 870 807
3 870 871 807
3 807 871 808
3 871 872 808
3 808 872 809
3 872 873 809
3 809 873 810
3 873 874 810
3 810 874 811
3 874 875 811
3 811 875 812
3 875 876 812
3 812 876 813
3 876 877 813
3 813 877 814
3 877 878 814
3 814 878 815
3 878 879 815
3 815 879 816
3 879 880 816
3 816 880 817
3 880 881 817
3 817 881 818
3 881 882 818
3 818 882 819
3 882 883 819
3 819 883 820
3 883 884 820
3 820 884 821
3 884 885 821
3 821 885 822
3 885 886 822
3 822 886 823
3 886 887 823
3 823 887 824
3 887 888 824
3 824 888 825
3 888 889 825
3 825 889 826
3 889 890 826
3 826 890 827
3 890 891 827
3 827 891 828
3 891 892 828
3 828 892 829
3 892 893 829
3 829 893 830
3 893 894 830
3 830 894 831
3 894 895 831
3 831 895 768
3 895 832 768
3 832 896 833
3 896 897 833
3 833 897 834
3 897 898 834
3 834 898 835
3 898 899 835
3 835 899 836
3 899 900 836
3 836 900 837
3 900 901 837
3 837 901 838
3 901 902 838
3 838 902 839
3 902 903 839
3 839 903 840
3 903 904 840
3 840 904 841
3 904 905 841
3 841 905 842
3 905 906 842
3 842 906 843
3 906 907 843
3 843 907 844
3 907 908 844
3 844 908 845
3 908 909 845
3 845 909 846
3 909 910 846
3 846 910 847
3 910 911 847
3 847 911 848
3 911 912 848
3 848 912 849
3 912 913 849
3 849 913 850
3 913 914 850
3 850 914 851
3 914 915 851
3 851 915 852
3 915 916 852
3 852 916 853
3 916 917 853
3 853 917 854
3 917 918 854
3 854 918 855
3 918 919 855
3 855 919 856
3 919 920 856
3 856 920 857
3 920 921 857
3 857 921 858
3 921 922 858
3 858 922 859
3 922 923 859
3 859 923 860
3 923 924 860
3 860 924 861
3 924 925 861
3 861 925 862
3 925 926 862
3 862 926 863
3 926 927 863
3 863 927 864
3 927 928 864
3 864 928 865
3 928 929 865
3 865 929 866
3 929 930 866
3 866 930 867
3 930 931 867
3 867 931 868
3 931 932 868
3 868 932 869
3 932 933 869
3 869 933 870
3 933 934 870
3 870 934 871
3 934 935 871
3 871 935 872
3 935 936 872
3 872 936 873
3 936 937 873
3 873 937 874
3 937 938 874
3 874 938 875
3 938 939 875
3 875 939 876
3 939 940 876
3 876 940 877
3 940 941 877
3 877 941 878
3 941 942 878
3 878 942 879
3 942 943 879
3 879 943 880
3 943 944 880
3 880 944 881
3 944 945 881
3 881 945 882
3 945 946 882
3 882 946 883
3 946 947 883
3 883 947 884
3 947 948 884
3 884 948 885
3 948 949 885
3 885 949 886
3 949 950 886
3 886 950 887
3 950 951 887
3 887 951 888
3 951 952 888
3 888 952 889
3 952 953 889
3 889 953 890
3 953 954 890
3 890 954 891
3 954 955 891
3 891 955 892
3 955 956 892
3 892 956 893
3 956 957 893
3 893 957 894
3 957 958 894
3 894 958 895
3 958 959 895
3 895 959 832
3 959 896 832
3 896 960 897
3 960 961 897
3 897 961 898
3 961 962 898
3 898 962 899
3 962 963 899
3 899 963 900
3 963 964 900
3 900 964 901
3 964 965 901
3 901 965 902
3 965 966 902
3 902 966 903
3 966 967 903
3 903 967 904
3 967 968 904
3 904 968 905
3 968 969 905
3 905 969 906
3 969 970 906
3 906 970 907
3 970 971 907
3 907 971 908
3 971 972 908
3 908 972 909
3 972 973 909
3 909 973 910
3 973 974 910
3 910 974 911
3 974 975 911
3 911 975 912
3 975 976 912
3 912 976 913
3 976 977 913
3 913 977 914
3 977 978 914
3 914 978 915
3 978 979 915
3 915 979 916
3 979 980 916
3 916 980 917
3 980 981 917
3 917 981 918
3 981 982 918
3 918 982 919
3 982 983 919
3 919 983 920
3 983 984 920
3 920 984 921
3 984 985 921
3 921 985 922
3 985 986 922
3 922 986 923
3 986 987 923
3 923 987 924
3 987 988 924
3 924 988 925
3 988 989 925
3 925 989 926
3 989 990 926
3 926 990 927
3 990 991 927
3 927 991 928
3 991 992 928
3 928 992 929
3 992 993 929
3 929 993 930
3 993 994 930
3 930 994 931
3 994 995 931
3 931 995 932
3 995 996 932
3 932 996 933
3 996 997 933
3 933 997 934
3 997 998 934
3 934 998 935
3 998 999 935
3 935 999 936
3 999 1000 936
3 936 1000 937
3 1000 1001 937
3 937 1001 938
3 1001 1002 938
3 938 1002 939
3 1002 1003 939
3 939 1003 940
3 1003 1004 940
3 940 1004 941
3 1004 1005 941
3 941 1005 942
3 1005 1006 942
3 942 1006 943
3 1006 1007 943
3 943 1007 944
3 1007 1008 944
3 944 1008 945
3 1008 1009 945
3 945 1009 946
3 1009 1010 946
3 946 1010 947
3 1010 1011 947
3 947 1011 948
3 1011 1012 948
3 948 1012 949
3 1012 1013 949
3 949 1013 950
3 1013 1014 950
3 950 1014 951
3 1014 1015 951
3 951 1015 952
3 1015 1016 952
3 952 1016 953
3 1016 1017 953
3 953 1017 954
3 1017 1018 954
3 954 1018 955
3 1018 1019 955
3 955 1019 956
3 1019 1020 956
3 956 1020 957
3 1020 1021 957
3 957 1021 958
3 1021 1022 958
3 958 1022 959
3 1022 1023 959
3 959 1023 896
3 1023 960 896
3 960 1024 961
3 1024 1025 961
3 961 1025 962
3 1025 1026 962
3 962 1026 963
3 1026 1027 963
3 963 1027 964
3 1027 1028 964
3 964 1028 965
3 1028 1029 965
3 965 1029 966
3 1029 1030 966
3 966 1030 967
3 1030 1031 967
3 967 1031 968
3 1031 1032 968
3 968 1032 969
3 1032 1033 969
3 969 1033 970
3 1033 1034 970
3 970 1034 971
3 1034 1035 971
3 971 1035 972
3 1035 1036 972
3 972 1036 973
3 1036 1037 973
3 973 1037 974
3 1037 1038 974
3 974 1038 975
3 1038 1039 975
3 975 1039 976
3 1039 1040 976
3 976 1040 977
3 1040 1041 977
3 977 1041 978
3 1041 1042 978
3 978 1042 979
3 1042 1043 979
3 979 1043 980
3 1043 1044 980
3 980 1044 981
3 1044 1045 981
3 981 1045 982
3 1045 1046 982
3 982 1046 983
3 1046 1047 983
3 983 1047 984
3 1047 1048 984
3 984 1048 985
3 1048 1049 985
3 985 1049 986
3 1049 1050 986
3 986 1050 987
3 1050 1051 987
3 987 1051 988
3 1051 1052 988
3 988 1052 989
3 1052 1053 989
3 989 1053 990
3 1053 1054 990
3 990 1054 991
3 1054 1055 991
3 991 1055 992
3 1055 1056 992
3 992 1056 993
3 1056 1057 993
3 993 1057 994
3 1057 1058 994
3 994 1058 995
3 1058 1059 995
3 995 1059 996
3 1059 1060 996
3 996 1060 997
3 1060 1061 997
3 997 1061 998
3 1061 1062 998
3 998 1062 999
3 1062 1063 999
3 999 1063 1000
3 1063 1064 1000
3 1000 1064 1001
3 1064 1065 1001
3 1001 1065 1002
3 1065 1066 1002
3 1002 1066 1003
3 1066 1067 1003
3 1003 1067 1004
3 1067 1068 1004
3 1004 1068 1005
3 1068 1069 1005
3 1005 1069 1006
3 1069 1070 1006
3 1006 1070 1007
3 1070 1071 1007
3 1007 1071 1008
3 1071 1072 1008
3 1008 1072 1009
3 1072 1073 1009
3 1009 1073 1010
3 1073 1074 1010
3 1010 1074 1011
3 1074 1075 1011
3 1011 1075 1012
3 1075 1076 1012
3 1012 1076 1013
3 1076 1077 1013
3 1013 1077 1014
3 1077 1078 1014
3 1014 1078 1015
3 1078 1079 1015
3 1015 1079 1016
3 1079 1080 1016
3 1016 1080 1017
3 1080 1081 1017
3 1017 1081 1018
3 1081 1082 1018
3 1018 1082 1019
3 1082 1083 1019
3 1019 1083 1020
3 1083 1084 1020
3 1020 1084 1021
3 1084 1085 1021
3 1021 1085 1022
3 1085 1086 1022
3 1022 1086 1023
3 1086 1087 1023
3 1023 1087 960
3 1087 1024 960
3 1024 1088 1025
3 1088 1089 1025
3 1025 1089 1026
3 1089 1090 1026
3 1026 1090 1027
3 1090 1091 1027
3 1027 1091 1028
3 1091 1092 1028
3 1028 1092 1029
3 1092 1093 1029
3 1029 1093 1030
3 1093 1094 1030
3 1030 1094 1031
3 1094 1095 1031
3 1031 1095 1032
3 1095 1096 1032
3 1032 1096 1033
3 1096 1097 1033
3 1033 1097 1034
3 1097 1098 1034
3 1034 1098 1035
3 1098 1099 1035
3 1035 1099 1036
3 1099 1100 1036
3 1036 1100 1037
3 1100 1101 1037
3 1037 1101 1038
3 1101 1102 1038
3 1038 1102 1039
3 1102 1103 1039
3 1039 1103 1040
3 1103 1104 1040
3 1040 1104 1041
3 1104 1105 1041
3 1041 1105 1042
3 1105 1106 1042
3 1042 1106 1043
3 1106 1107 1043
3 1043 1107 1044
3 1107 1108 1044
3 1044 1108 1045
3 1108 1109 1045
3 1045 1109 1046
3 1109 1110 1046
3 1046 1110 1047
3 1110 1111 1047
3 1047 1111 1048
3 1111 1112 1048
3 1048 1112 1049
3 1112 1113 1049
3 1049 1113 1050
3 1113 1114 1050
3 1050 1114 1051
3 1114 1115 1051
3 1051 1115 1052
3 1115 1116 1052
3 1052 1116 1053
3 1116 1117 1053
3 1053 1117 1054
3 1117 1118 1054
3 1054 1118 1055
3 1118 1119 1055
3 1055 1119 1056
3 1119 1120 1056
3 1056 1120 1057
3 1120 1121 1057
3 1057 1121 1058
3 1121 1122 1058
3 1058 1122 1059
3 1122 1123 1059
3 1059 1123 1060
3 1123 1124 1060
3 1060 1124 1061
3 1124 1125 1061
3 1061 1125 1062
3 1125 1126 1062
3 1062 1126 1063
3 1126 1127 1063
3 1063 1127 1064
3 1127 1128 1064
3 1064 1128 1065
3 1128 1129 1065
3 1065 1129 1066
3 1129 1130 1066
3 1066 1130 1067
3 1130 1131 1067
3 1067 1131 1068
3 1131 1132 1068
3 1068 1132 1069
3 1132 1133 1069
3 1069 1133 1070
3 1133 1134 1070
3 1070 1134 1071
3 1134 1135 1071
3 1071 1135 1072
3 1135 1136 1072
3 1072 1136 1073
3 1136 1137 1073
3 1073 1137 1074
3 1137 1138 1074
3 1074 1138 1075
3 1138 1139 1075
3 1075 1139 1076
3 1139 1140 1076
3 1076 1140 1077
3 1140 1141 1077
3 1077 1141 1078
3 1141 1142 1078
3 1078 1142 1079
3 1142 1143 1079
3 1079 1143 1080
3 1143 1144 1080
3 1080 1144 1081
3 1144 1145 1081
3 1081 1145 1082
3 1145 1146 1082
3 1082 1146 1083
3 1146 1147 1083
3 1083 1147 1084
3 1147 1148 1084
3 1084 1148 1085
3 1148 1149 1085
3 1085 1149 1086
3 1149 1150 1086
3 1086 1150 1087
3 1150 1151 1087
3 1087 1151 1024
3 1151 1088 1024
3 1088 1152 1089
3 1152 1153 1089
3 1089 1153 1090
3 1153 1154 1090
3 1090 1154 1091
3 1154 1155 1091
3 1091 1155 1092
3 1155 1156 1092
3 1092 1156 1093
3 1156 1157 1093
3 1093 1157 1094
3 1157 1158 1094
3 1094 1158 1095
3 1158 1159 1095
3 1095 1159 1096
3 1159 1160 1096
3 1096 1160 1097
3 1160 1161 1097
3 1097 1161 1098
3 1161 1162 1098
3 1098 1162 1099
3 1162 1163 1099
3 1099 1163 1100
3 1163 1164 1100
3 1100 1164 1101
3 1164 1165 1101
3 1101 1165 1102
3 1165 1166 1102
3 1102 1166 1103
3 1166 1167 1103
3 1103 1167 1104
3 1167 1168 1104
3 1104 1168 1105
3 1168 1169 1105
3 1105 1169 1106
3 1169 1170 1106
3 1106 1170 1107
3 1170 1171 1107
3 1107 1171 1108
3 1171 1172 1108
3 1108 1172 1109
3 1172 1173 1109
3 1109 1173 1110
3 1173 1174 1110
3 1110 1174 1111
3 1174 1175 1111
3 1111 1175 1112
3 1175 1176 1112
3 1112 1176 1113
3 1176 1177 1113
3 1113 1177 1114
3 1177 1178 1114
3 1114 1178 1115
3 1178 1179 1115
3 1115 1179 1116
3 1179 1180 1116
3 1116 1180 1117
3 1180 1181 1117
3 1117 1181 1118
3 1181 1182 1118
3 1118 1182 1119
3 1182 1183 1119
3 1119 1183 1120
3 1183 1184 1120
3 1120 1184 1121
3 1184 1185 1121
3 1121 1185 1122
3 1185 1186 1122
3 1122 1186 1123
3 1186 1187 1123
3 1123 1187 1124
3 1187 1188 1124
3 1124 1188 1125
3 1188 1189 1125
3 1125 1189 1126
3 1189 1190 1126
3 1126 1190 1127
3 1190 1191 1127
3 1127 1191 1128
3 1191 1192 1128
3 1128 1192 1129
3 1192 1193 1129
3 1129 1193 1130
3 1193 1194 1130
3 1130 1194 1131
3 1194 1195 1131
3 1131 1195 1132
3 1195 1196 1132
3 1132 1196 1133
3 1196 1197 1133
3 1133 1197 1134
3 1197 1198 1134
3 1134 1198 1135
3 1198 1199 1135
3 1135 1199 1136
3 1199 1200 1136
3 1136 1200 1137
3 1200 1201 1137
3 1137 1201 1138
3 1201 1202 1138
3 1138 1202 1139
3 1202 1203 1139
3 1139 1203 1140
3 1203 1204 1140
3 1140 1204 1141
3 1204 1205 1141
3 1141 1205 1142
3 1205 1206 1142
3 1142 1206 1143
3 1206 1207 1143
3 1143 1207 1144
3 1207 1208 1144
3 1144 1208 1145
3 1208 1209 1145
3 1145 1209 1146
3 1209 1210 1146
3 1146 1210 1147
3 1210 1211 1147
3 1147 1211 1148
3 1211 1212 1148
3 1148 1212 1149
3 1212 1213 1149
3 1149 1213 1150
3 1213 1214 1150
3 1150 1214 1151
3 1214 1215 1151
3 1151 1215 1088
3 1215 1152 1088
3 1152 1216 1153
3 1216 1217 1153
3 1153 1217 1154
3 1217 1218 1154
3 1154 1218 1155
3 1218 1219 1155
3 1155 1219 1156
3 1219 1220 1156
3 1156 1220 1157
3 1220 1221 1157
3 1157 1221 1158
3 1221 1222 1158
3 1158 1222 1159
3 1222 1223 1159
3 1159 1223 1160
3 1223 1224 1160
3 1160 1224 1161
3 1224 1225 1161
3 1161 1225 1162
3 1225 1226 1162
3 1162 1226 1163
3 1226 1227 1163
3 1163 1227 1164
3 1227 1228 1164
3 1164 1228 1165
3 1228 1229 1165
3 1165 1229 1166
3 1229 1230 1166
3 1166 1230 1167
3 1230 1231 1167
3 1167 1231 1168
3 1231 1232 1168
3 1168 1232 1169
3 1232 1233 1169
3 1169 1233 1170
3 1233 1234 1170
3 1170 1234 1171
3 1234 1235 1171
3 1171 1235 1172
3 1235 1236 1172
3 1172 1236 1173
3 1236 1237 1173
3 1173 1237 1174
3 1237 1238 1174
3 1174 1238 1175
3 1238 1239 1175
3 1175 1239 1176
3 1239 1240 1176
3 1176 1240 1177
3 1240 1241 1177
3 1177 1241 1178
3 1241 1242 1178
3 1178 1242 1179
3 1242 1243 1179
3 1179 1243 1180
3 1243 1244 1180
3 1180 1244 1181
3 1244 1245 1181
3 1181 1245 1182
3 1245 1246 1182
3 1182 1246 1183
3 1246 1247 1183
3 1183 1247 1184
3 1247 1248 1184
3 1184 1248 1185
3 1248 1249 1185
3 1185 1249 1186
3 1249 1250 1186
3 1186 1250 1187
3 1250 1251 1187
3 1187 1251 1188
3 1251 1252 1188
3 1188 1252 1189
3 1252 1253 1189
3 1189 1253 1190
3 1253 1254 1190
3 1190 1254 1191
3 1254 1255 1191
3 1191 1255 1192
3 1255 1256 1192
3 1192 1256 1193
3 1256 1257 1193
3 1193 1257 1194
3 1257 1258 1194
3 1194 1258 1195
3 1258 1259 1195
3 1195 1259 1196
3 1259 1260 1196
3 1196 1260 1197
3 1260 1261 1197
3 1197 1261 1198
3 1261 1262 1198
3 1198 1262 1199
3 1262 1263 1199
3 1199 1263 1200
3 1263 1264 1200
3 1200 1264 1201
3 1264 1265 1201
3 1201 1265 1202
3 1265 1266 1202
3 1202 1266 1203
3 1266 1267 1203
3 1203 1267 1204
3 1267 1268 1204
3 1204 1268 1205
3 1268 1269 1205
3 1205 1269 1206
3 1269 1270 1206
3 1206 1270 1207
3 1270 1271 1207
3 1207 1271 1208
3 1271 1272 1208
3 1208 1272 1209
3 1272 1273 1209
3 1209 1273 1210
3 1273 1274 1210
3 1210 1274 1211
3 1274 1275 1211
3 1211 1275 1212
3 1275 1276 1212
3 1212 1276 1213
3 1276 1277 1213
3 1213 1277 1214
3 1277 1278 1214
3 1214 1278 1215
3 1278 1279 1215
3 1215 1279 1152
3 1279 1216 1152
3 1216 1280 1217
3 1280 1281 1217
3 1217 1281 1218
3 1281 1282 1218
3 1218 1282 1219
3 1282 1283 1219
3 1219 1283 1220
3 1283 1284 1220
3 1220 1284 1221
3 1284 1285 1221
3 1221 1285 1222
3 1285 1286 1222
3 1222 1286 1223
3 1286 1287 1223
3 1223 1287 1224
3 1287 1288 1224
3 1224 1288 1225
3 1288 1289 1225
3 1225 1289 1226
3 1289 1290 1226
3 1226 1290 1227
3 1290 1291 1227
3 1227 1291 1228
3 1291 1292 1228
3 1228 1292 1229
3 1292 1293 1229
3 1229 1293 1230
3 1293 1294 1230
3 1230 1294 1231
3 1294 1295 1231
3 1231 1295 1232
3 1295 1296 1232
3 1232 1296 1233
3 1296 1297 1233
3 1233 1297 1234
3 1297 1298 1234
3 1234 1298 1235
3 1298 1299 1235
3 1235 1299 1236
3 1299 1300 1236
3 1236 1300 1237
3 1300 1301 1237
3 1237 1301 1238
3 1301 1302 1238
3 1238 1302 1239
3 1302 1303 1239
3 1239 1303 1240
3 1303 1304 1240
3 1240 1304 1241
3 1304 1305 1241
3 1241 1305 1242
3 1305 1306 1242
3 1242 1306 1243
3 1306 1307 1243
3 1243 1307 1244
3 1307 1308 1244
3 1244 1308 1245
3 1308 1309 1245
3 1245 1309 1246
3 1309 1310 1246
3 1246 1310 1247
3 1310 1311 1247
3 1247 1311 1248
3 1311 1312 1248
3 1248 1312 1249
3 1312 1313 1249
3 1249 1313 1250
3 1313 1314 1250
3 1250 1314 1251
3 1314 1315 1251
3 1251 1315 1252
3 1315 1316 1252
3 1252 1316 1253
3 1316 1317 1253
3 1253 1317 1254
3 1317 1318 1254
3 1254 1318 1255
3 1318 1319 1255
3 1255 1319 1256
3 1319 1320 1256
3 1256 1320 1257
3 1320 1321 1257
3 1257 1321 1258
3 1321 1322 1258
3 1258 1322 1259
3 1322 1323 1259
3 1259 1323 1260
3 1323 1324 1260
3 1260 1324 1261
3 1324 1325 1261
3 1261 1325 1262
3 1325 1326 1262
3 1262 1326 1263
3 1326 1327 1263
3 1263 1327 1264
3 1327 1328 1264
3 1264 1328 1265
3 1328 1329 1265
3 1265 1329 1266
3 1329 1330 1266
3 1266 1330 1267
3 1330 1331 1267
3 1267 1331 1268
3 1331 1332 1268
3 1268 1332 1269
3 1332 1333 1269
3 1269 1333 1270
3 1333 1334 1270
3 1270 1334 1271
3 1334 1335 1271
3 1271 1335 1272
3 1335 1336 1272
3 1272 1336 1273
3 1336 1337 1273
3 1273 1337 1274
3 1337 1338 1274
3 1274 1338 1275
3 1338 1339 1275
3 1275 1339 1276
3 1339 1340 1276
3 1276 1340 1277
3 1340 1341 1277
3 1277 1341 1278
3 1341 1342 1278
3 1278 1342 1279
3 1342 1343 1279
3 1279 1343 1216
3 1343 1280 1216
3 1280 1344 1281
3 1344 1345 1281
3 1281 1345 1282
3 1345 1346 1282
3 1282 1346 1283
3 1346 1347 1283
3 1283 1347 1284
3 1347 1348 1284
3 1284 1348 1285
3 1348 1349 1285
3 1285 1349 1286
3 1349 1350 1286
3 1286 1350 1287
3 1350 1351 1287
3 1287 1351 1288
3 1351 1352 1288
3 1288 1352 1289
3 1352 1353 1289
3 1289 1353 1290
3 1353 1354 1290
3 1290 1354 1291
3 1354 1355 1291
3 1291 1355 1292
3 1355 1356 1292
3 1292 1356 1293
3 1356 1357 1293
3 1293 1357 1294
3 1357 1358 1294
3 1294 1358 1295
3 1358 1359 1295
3 1295 1359 1296
3 1359 1360 1296
3 1296 1360 1297
3 1360 1361 1297
3 1297 1361 1298
3 1361 1362 1298
3 1298 1362 1299
3 1362 1363 1299
3 1299 1363 1300
3 1363 1364 1300
3 1300 1364 1301
3 1364 1365 1301
3 1301 1365 1302
3 1365 1366 1302
3 1302 1366 1303
3 1366 1367 1303
3 1303 1367 1304
3 1367 1368 1304
3 1304 1368 1305
3 1368 1369 1305
3 1305 1369 1306
3 1369 1370 1306
3 1306 1370 1307
3 1370 1371 1307
3 1307 1371 1308
3 1371 1372 1308
3 1308 1372 1309
3 1372 1373 1309
3 1309 1373 1310
3 1373 1374 1310
3 1310 1374 1311
3 1374 1375 1311
3 1311 1375 1312
3 1375 1376 1312
3 1312 1376 1313
3 1376 1377 1313
3 1313 1377 1314
3 1377 1378 1314
3 1314 1378 1315
3 1378 1379 1315
3 1315 1379 1316
3 1379 1380 1316
3 1316 1380 1317
3 1380 1381 1317
3 1317 1381 1318
3 1381 1382 1318
3 1318 1382 1319
3 1382 1383 1319
3 1319 1383 1320
3 1383 1384 1320
3 1320 1384 1321
3 1384 1385 1321
3 1321 1385 1322
3 1385 1386 1322
3 1322 1386 1323
3 1386 1387 1323
3 1323 1387 1324
3 1387 1388 1324
3 1324 1388 1325
3 1388 1389 1325
3 1325 1389 1326
3 1389 1390 1326
3 1326 1390 1327
3 1390 1391 1327
3 1327 1391 1328
3 1391 1392 1328
3 1328 1392 1329
3 1392 1393 1329
3 1329 1393 1330
3 1393 1394 1330
3 1330 1394 1331
3 1394 1395 1331
3 1331 1395 1332
3 1395 1396 1332
3 1332 1396 1333
3 1396 1397 1333
3 1333 1397 1334
3 1397 1398 1334
3 1334 1398 1335
3 1398 1399 1335
3 1335 1399 1336
3 1399 1400 1336
3 1336 1400 1337
3 1400 1401 1337
3 1337 1401 1338
3 1401 1402 1338
3 1338 1402 1339
3 1402 1403 1339
3 1339 1403 1340
3 1403 1404 1340
3 1340 1404 1341
3 1404 1405 1341
3 1341 1405 1342
3 1405 1406 1342
3 1342 1406 1343
3 1406 1407 1343
3 1343 1407 1280
3 1407 1344 1280
3 1344 1408 1345
3 1408 1409 1345
3 1345 1409 1346
3 1409 1410 1346
3 1346 1410 1347
3 1410 1411 1347
3 1347 1411 1348
3 1411 1412 1348
3 1348 1412 1349
3 1412 1413 1349
3 1349 1413 1350
3 1413 1414 1350
3 1350 1414 1351
3 1414 1415 1351
3 1351 1415 1352
3 1415 1416 1352
3 1352 1416 1353
3 1416 1417 1353
3 1353 1417 1354
3 1417 1418 1354
3 1354 1418 1355
3 1418 1419 1355
3 1355 1419 1356
3 1419 1420 1356
3 1356 1420 1357
3 1420 1421 1357
3 1357 1421 1358
3 1421 1422 1358
3 1358 1422 1359
3 1422 1423 1359
3 1359 1423 1360
3 1423 1424 1360
3 1360 1424 1361
3 1424 1425 1361
3 1361 1425 1362
3 1425 1426 1362
3 1362 1426 1363
3 1426 1427 1363
3 1363 1427 1364
3 1427 1428 1364
3 1364 1428 1365
3 1428 1429 1365
3 1365 1429 1366
3 1429 1430 1366
3 1366 1430 1367
3 1430 1431 1367
3 1367 1431 1368
3 1431 1432 1368
3 1368 1432 1369
3 1432 1433 1369
3 1369 1433 1370
3 1433 1434 1370
3 1370 1434 1371
3 1434 1435 1371
3 1371 1435 1372
3 1435 1436 1372
3 1372 1436 1373
3 1436 1437 1373
3 1373 1437 1374
3 1437 1438 1374
3 1374 1438 1375
3 1438 1439 1375
3 1375 1439 1376
3 1439 1440 1376
3 1376 1440 1377
3 1440 1441 1377
3 1377 1441 1378
3 1441 1442 1378
3 1378 1442 1379
3 1442 1443 1379
3 1379 1443 1380
3 1443 1444 1380
3 1380 1444 1381
3 1444 1445 1381
3 1381 1445 1382
3 1445 1446 1382
3 1382 1446 1383
3 1446 1447 1383
3 1383 1447 1384
3 1447 1448 1384
3 1384 1448 1385
3 1448 1449 1385
3 1385 1449 1386
3 1449 1450 1386
3 1386 1450 1387
3 1450 1451 1387
3 1387 1451 1388
3 1451 1452 1388
3 1388 1452 1389
3 1452 1453 1389
3 1389 1453 1390
3 1453 1454 1390
3 1390 1454 1391
3 1454 1455 1391
3 1391 1455 1392
3 1455 1456 1392
3 1392 1456 1393
3 1456 1457 1393
3 1393 1457 1394
3 1457 1458 1394
3 1394 1458 1395
3 1458 1459 1395
3 1395 1459 1396
3 1459 1460 1396
3 1396 1460 1397
3 1460 1461 1397
3 1397 1461 1398
3 1461 1462 1398
3 1398 1462 1399
3 1462 1463 1399
3 1399 1463 1400
3 1463 1464 1400
3 1400 1464 1401
3 1464 1465 1401
3 1401 1465 1402
3 1465 1466 1402
3 1402 1466 1403
3 1466 1467 1403
3 1403 1467 1404
3 1467 1468 1404
3 1404 1468 1405
3 1468 1469 1405
3 1405 1469 1406
3 1469 1470 1406
3 1406 1470 1407
3 1470 1471 1407
3 1407 1471 1344
3 1471 1408 1344
3 1408 1472 1409
3 1472 1473 1409
3 1409 1473 1410
3 1473 1474 1410
3 1410 1474 1411
3 1474 1475 1411
3 1411 1475 1412
3 1475 1476 1412
3 1412 1476 1413
3 1476 1477 1413
3 1413 1477 1414
3 1477 1478 1414
3 1414 1478 1415
3 1478 1479 1415
3 1415 1479 1416
3 1479 1480 1416
3 1416 1480 1417
3 1480 1481 1417
3 1417 1481 1418
3 1481 1482 1418
3 1418 1482 1419
3 1482 1483 1419
3 1419 1483 1420
3 1483 1484 1420
3 1420 1484 1421
3 1484 1485 1421
3 1421 1485 1422
3 1485 1486 1422
3 1422 1486 1423
3 1486 1487 1423
3 1423 1487 1424
3 1487 1488 1424
3 1424 1488 1425
3 1488 1489 1425
3 1425 1489 1426
3 1489 1490 1426
3 1426 1490 1427
3 1490 1491 1427
3 1427 1491 1428
3 1491 1492 1428
3 1428 1492 1429
3 1492 1493 1429
3 1429 1493 1430
3 1493 1494 1430
3 1430 1494 1431
3 1494 1495 1431
3 1431 1495 1432
3 1495 1496 1432
3 1432 1496 1433
3 1496 1497 1433
3 1433 1497 1434
3 1497 1498 1434
3 1434 1498 1435
3 1498 1499 1435
3 1435 1499 1436
3 1499 1500 1436
3 1436 1500 1437
3 1500 1501 1437
3 1437 1501 1438
3 1501 1502 1438
3 1438 1502 1439
3 1502 1503 1439
3 1439 1503 1440
3 1503 1504 1440
3 1440 1504 1441
3 1504 1505 1441
3 1441 1505 1442
3 1505 1506 1442
3 1442 1506 1443
3 1506 1507 1443
3 1443 1507 1444
3 1507 1508 1444
3 1444 1508 1445
3 1508 1509 1445
3 1445 1509 1446
3 1509 1510 1446
3 1446 1510 1447
3 1510 1511 1447
3 1447 1511 1448
3 1511 1512 1448
3 1448 1512 1449
3 1512 1513 1449
3 1449 1513 1450
3 1513 1514 1450
3 1450 1514 1451
3 1514 1515 1451
3 1451 1515 1452
3 1515 1516 1452
3 1452 1516 1453
3 1516 1517 1453
3 1453 1517 1454
3 1517 1518 1454
3 1454 1518 1455
3 1518 1519 1455
3 1455 1519 1456
3 1519 1520 1456
3 1456 1520 1457
3 1520 1521 1457
3 1457 1521 1458
3 1521 1522 1458
3 1458 1522 1459
3 1522 1523 1459
3 1459 1523 1460
3 1523 1524 1460
3 1460 1524 1461
3 1524 1525 1461
3 1461 1525 1462
3 1525 1526 1462
3 1462 1526 1463
3 1526 1527 1463
3 1463 1527 1464
3 1527 1528 1464
3 1464 1528 1465
3 1528 1529 1465
3 1465 1529 1466
3 1529 1530 1466
3 1466 1530 1467
3 1530 1531 1467
3 1467 1531 1468
3 1531 1532 1468
3 1468 1532 1469
3 1532 1533 1469
3 1469 1533 1470
3 1533 1534 1470
3 1470 1534 1471
3 1534 1535 1471
3 1471 1535 1408
3 1535 1472 1408
3 1472 1536 1473
3 1536 1537 1473
3 1473 1537 1474
3 1537 1538 1474
3 1474 1538 1475
3 1538 1539 1475
3 1475 1539 1476
3 1539 1540 1476
3 1476 1540 1477
3 1540 1541 1477
3 1477 1541 1478
3 1541 1542 1478
3 1478 1542 1479
3 1542 1543 1479
3 1479 1543 1480
3 1543 1544 1480
3 1480 1544 1481
3 1544 1545 1481
3 1481 1545 1482
3 1545 1546 1482
3 1482 1546 1483
3 1546 1547 1483
3 1483 1547 1484
3 1547 1548 1484
3 1484 1548 1485
3 1548 1549 1485
3 1485 1549 1486
3 1549 1550 1486
3 1486 1550 1487
3 1550 1551 1487
3 1487 1551 1488
3 1551 1552 1488
3 1488 1552 1489
3 1552 1553 1489
3 1489 1553 1490
3 1553 1554 1490
3 1490 1554 1491
3 1554 1555 1491
3 1491 1555 1492
3 1555 1556 1492
3 1492 1556 1493
3 1556 1557 1493
3 1493 1557 1494
3 1557 1558 1494
3 1494 1558 1495
3 1558 1559 1495
3 1495 1559 1496
3 1559 1560 1496
3 1496 1560 1497
3 1560 1561 1497
3 1497 1561 1498
3 1561 1562 1498
3 1498 1562 1499
3 1562 1563 1499
3 1499 1563 1500
3 1563 1564 1500
3 1500 1564 1501
3 1564 1565 1501
3 1501 1565 1502
3 1565 1566 1502
3 1502 1566 1503
3 1566 1567 1503
3 1503 1567 1504
3 1567 1568 1504
3 1504 1568 1505
3 1568 1569 1505
3 1505 1569 1506
3 1569 1570 1506
3 1506 1570 1507
3 1570 1571 1507
3 1507 1571 1508
3 1571 1572 1508
3 1508 1572 1509
3 1572 1573 1509
3 1509 1573 1510
3 1573 1574 1510
3 1510 1574 1511
3 1574 1575 1511
3 1511 1575 1512
3 1575 1576 1512
3 1512 1576 1513
3 1576 1577 1513
3 1513 1577 1514
3 1577 1578 1514
3 1514 1578 1515
3 1578 1579 1515
3 1515 1579 1516
3 1579 1580 1516
3 1516 1580 1517
3 1580 1581 1517
3 1517 1581 1518
3 1581 1582 1518
3 1518 1582 1519
3 1582 1583 1519
3 1519 1583 1520
3 1583 1584 1520
3 1520 1584 1521
3 1584 1585 1521
3 1521 1585 1522
3 1585 1586 1522
3 1522 1586 1523
3 1586 1587 1523
3 1523 1587 1524
3 1587 1588 1524
3 1524 1588 1525
3 1588 1589 1525
3 1525 1589 1526
3 1589 1590 1526
3 1526 1590 1527
3 1590 1591 1527
3 1527 1591 1528
3 1591 1592 1528
3 1528 1592 1529
3 1592 1593 1529
3 1529 1593 1530
3 1593 1594 1530
3 1530 1594 1531
3 1594 1595 1531
3 1531 1595 1532
3 1595 1596 1532
3 1532 1596 1533
3 1596 1597 1533
3 1533 1597 1534
3 1597 1598 1534
3 1534 1598 1535
3 1598 1599 1535
3 1535 1599 1472
3 1599 1536 1472
3 1536 1600 1537
3 1600 1601 1537
3 1537 1601 1538
3 1601 1602 1538
3 1538 1602 1539
3 1602 1603 1539
3 1539 1603 1540
3 1603 1604 1540
3 1540 1604 1541
3 1604 1605 1541
3 1541 1605 1542
3 1605 1606 1542
3 1542 1606 1543
3 1606 1607 1543
3 1543 1607 1544
3 1607 1608 1544
3 1544 1608 1545
3 1608 1609 1545
3 1545 1609 1546
3 1609 1610 1546
3 1546 1610 1547
3 1610 1611 1547
3 1547 1611 1548
3 1611 1612 1548
3 1548 1612 1549
3 1612 1613 1549
3 1549 1613 1550
3 1613 1614 1550
3 1550 1614 1551
3 1614 1615 1551
3 1551 1615 1552
3 1615 1616 1552
3 1552 1616 1553
3 1616 1617 1553
3 1553 1617 1554
3 1617 1618 1554
3 1554 1618 1555
3 1618 1619 1555
3 1555 1619 1556
3 1619 1620 1556
3 1556 1620 1557
3 1620 1621 1557
3 1557 1621 1558
3 1621 1622 1558
3 1558 1622 1559
3 1622 1623 1559
3 1559 1623 1560
3 1623 1624 1560
3 1560 1624 1561
3 1624 1625 1561
3 1561 1625 1562
3 1625 1626 1562
3 1562 1626 1563
3 1626 1627 1563
3 1563 1627 1564
3 1627 1628 1564
3 1564 1628 1565
3 1628 1629 1565
3 1565 1629 1566
3 1629 1630 1566
3 1566 1630 1567
3 1630 1631 1567
3 1567 1631 1568
3 1631 1632 1568
3 1568 1632 1569
3 1632 1633 1569
3 1569 1633 1570
3 1633 1634 1570
3 1570 1634 1571
3 1634 1635 1571
3 1571 1635 1572
3 1635 1636 1572
3 1572 1636 1573
3 1636 1637 1573
3 1573 1637 1574
3 1637 1638 1574
3 1574 1638 1575
3 1638 1639 1575
3 1575 1639 1576
3 1639 1640 1576
3 1576 1640 1577
3 1640 1641 1577
3 1577 1641 1578
3 1641 1642 1578
3 1578 1642 1579
3 1642 1643 1579
3 1579 1643 1580
3 1643 1644 1580
3 1580 1644 1581
3 1644 1645 1581
3 1581 1645 1582
3 1645 1646 1582
3 1582 1646 1583
3 1646 1647 1583
3 1583 1647 1584
3 1647 1648 1584
3 1584 1648 1585
3 1648 1649 1585
3 1585 1649 1586
3 1649 1650 1586
3 1586 1650 1587
3 1650 1651 1587
3 1587 1651 1588
3 1651 1652 1588
3 1588 1652 1589
3 1652 1653 1589
3 1589 1653 1590
3 1653 1654 1590
3 1590 1654 1591
3 1654 1655 1591
3 1591 1655 1592
3 1655 1656 1592
3 1592 1656 1593
3 1656 1657 1593
3 1593 1657 1594
3 1657 1658 1594
3 1594 1658 1595
3 1658 1659 1595
3 1595 1659 1596
3 1659 1660 1596
3 1596 1660 1597
3 1660 1661 1597
3 1597 1661 1598
3 1661 1662 1598
3 1598 1662 1599
3 1662 1663 1599
3 1599 1663 1536
3 1663 1600 1536
3 1600 1664 1601
3 1664 1665 1601
3 1601 1665 1602
3 1665 1666 1602
3 1602 1666 1603
3 1666 1667 1603
3 1603 1667 1604
3 1667 1668 1604
3 1604 1668 1605
3 1668 1669 1605
3 1605 1669 1606
3 1669 1670 1606
3 1606 1670 1607
3 1670 1671 1607
3 1607 1671 1608
3 1671 1672 1608
3 1608 1672 1609
3 1672 1673 1609
3 1609 1673 1610
3 1673 1674 1610
3 1610 1674 1611
3 1674 1675 1611
3 1611 1675 1612
3 1675 1676 1612
3 1612 1676 1613
3 1676 1677 1613
3 1613 1677 1614
3 1677 1678 1614
3 1614 1678 1615
3 1678 1679 1615
3 1615 1679 1616
3 1679 1680 1616
3 1616 1680 1617
3 1680 1681 1617
3 1617 1681 1618
3 1681 1682 1618
3 1618 1682 1619
3 1682 1683 1619
3 1619 1683 1620
3 1683 1684 1620
3 1620 1684 1621
3 1684 1685 1621
3 1621 1685 1622
3 1685 1686 1622
3 1622 1686 1623
3 1686 1687 1623
3 1623 1687 1624
3 1687 1688 1624
3 1624 1688 1625
3 1688 1689 1625
3 1625 1689 1626
3 1689 1690 1626
3 1626 1690 1627
3 1690 1691 1627
3 1627 1691 1628
3 1691 1692 1628
3 1628 1692 1629
3 1692 1693 1629
3 1629 1693 1630
3 1693 1694 1630
3 1630 1694 1631
3 1694 1695 1631
3 1631 1695 1632
3 1695 1696 1632
3 1632 1696 1633
3 1696 1697 1633
3 1633 1697 1634
3 1697 1698 1634
3 1634 1698 1635
3 1698 1699 1635
3 1635 1699 1636
3 1699 1700 1636
3 1636 1700 1637
3 1700 1701 1637
3 1637 1701 1638
3 1701 1702 1638
3 1638 1702 1639
3 1702 1703 1639
3 1639 1703 1640
3 1703 1704 1640
3 1640 1704 1641
3 1704 1705 1641
3 1641 1705 1642
3 1705 1706 1642
3 1642 1706 1643
3 1706 1707 1643
3 1643 1707 1644
3 1707 1708 1644
3 1644 1708 1645
3 1708 1709 1645
3 1645 1709 1646
3 1709 1710 1646
3 1646 1710 1647
3 1710 1711 1647
3 1647 1711 1648
3 1711 1712 1648
3 1648 1712 1649
3 1712 1713 1649
3 1649 1713 1650
3 1713 1714 1650
3 1650 1714 1651
3 1714 1715 1651
3 1651 1715 1652
3 1715 1716 1652
3 1652 1716 1653
3 1716 1717 1653
3 1653 1717 1654
3 1717 1718 1654
3 1654 1718 1655
3 1718 1719 1655
3 1655 1719 1656
3 1719 1720 1656
3 1656 1720 1657
3 1720 1721 1657
3 1657 1721 1658
3 1721 1722 1658
3 1658 1722 1659
3 1722 1723 1659
3 1659 1723 1660
3 1723 1724 1660
3 1660 1724 1661
3 1724 1725 1661
3 1661 1725 1662
3 1725 1726 1662
3 1662 1726 1663
3 1726 1727 1663
3 1663 1727 1600
3 1727 1664 1600
3 1664 1728 1665
3 1728 1729 1665
3 1665 1729 1666
3 1729 1730 1666
3 1666 1730 1667
3 1730 1731 1667
3 1667 1731 1668
3 1731 1732 1668
3 1668 1732 1669
3 1732 1733 1669
3 1669 1733 1670
3 1733 1734 1670
3 1670 1734 1671
3 1734 1735 1671
3 1671 1735 1672
3 1735 1736 1672
3 1672 1736 1673
3 1736 1737 1673
3 1673 1737 1674
3 1737 1738 1674
3 1674 1738 1675
3 1738 1739 1675
3 1675 1739 1676
3 1739 1740 1676
3 1676 1740 1677
3 1740 1741 1677
3 1677 1741 1678
3 1741 1742 1678
3 1678 1742 1679
3 1742 1743 1679
3 1679 1743 1680
3 1743 1744 1680
3 1680 1744 1681
3 1744 1745 1681
3 1681 1745 1682
3 1745 1746 1682
3 1682 1746 1683
3 1746 1747 1683
3 1683 1747 1684
3 1747 1748 1684
3 1684 1748 1685
3 1748 1749 1685
3 1685 1749 1686
3 1749 1750 1686
3 1686 1750 1687
3 1750 1751 1687
3 1687 1751 1688
3 1751 1752 1688
3 1688 1752 1689
3 1752 1753 1689
3 1689 1753 1690
3 1753 1754 1690
3 1690 1754 1691
3 1754 1755 1691
3 1691 1755 1692
3 1755 1756 1692
3 1692 1756 1693
3 1756 1757 1693
3 1693 1757 1694
3 1757 1758 1694
3 1694 1758 1695
3 1758 1759 1695
3 1695 1759 1696
3 1759 1760 1696
3 1696 1760 1697
3 1760 1761 1697
3 1697 1761 1698
3 1761 1762 1698
3 1698 1762 1699
3 1762 1763 1699
3 1699 1763 1700
3 1763 1764 1700
3 1700 1764 1701
3 1764 1765 1701
3 1701 1765 1702
3 1765 1766 1702
3 1702 1766 1703
3 1766 1767 1703
3 1703 1767 1704
3 1767 1768 1704
3 1704 1768 1705
3 1768 1769 1705
3 1705 1769 1706
3 1769 1770 1706
3 1706 1770 1707
3 1770 1771 1707
3 1707 1771 1708
3 1771 1772 1708
3 1708 1772 1709
3 1772 1773 1709
3 1709 1773 1710
3 1773 1774 1710
3 1710 1774 1711
3 1774 1775 1711
3 1711 1775 1712
3 1775 1776 1712
3 1712 1776 1713
3 1776 1777 1713
3 1713 1777 1714
3 1777 1778 1714
3 1714 1778 1715
3 1778 1779 1715
3 1715 1779 1716
3 1779 1780 1716
3 1716 1780 1717
3 1780 1781 1717
3 1717 1781 1718
3 1781 1782 1718
3 1718 1782 1719
3 1782 1783 1719
3 1719 1783 1720
3 1783 1784 1720
3 1720 1784 1721
3 1784 1785 1721
3 1721 1785 1722
3 1785 1786 1722
3 1722 1786 1723
3 1786 1787 1723
3 1723 1787 1724
3 1787 1788 1724
3 1724 1788 1725
3 1788 1789 1725
3 1725 1789 1726
3 1789 1790 1726
3 1726 1790 1727
3 1790 1791 1727
3 1727 1791 1664
3 1791 1728 1664
3 1728 1792 1729
3 1792 1793 1729
3 1729 1793 1730
3 1793 1794 1730
3 1730 1794 1731
3 1794 1795 1731
3 1731 1795 1732
3 1795 1796 1732
3 1732 1796 1733
3 1796 1797 1733
3 1733 1797 1734
3 1797 1798 1734
3 1734 1798 1735
3 1798 1799 1735
3 1735 1799 1736
3 1799 1800 1736
3 1736 1800 1737
3 1800 1801 1737
3 1737 1801 1738
3 1801 1802 1738
3 1738 1802 1739
3 1802 1803 1739
3 1739 1803 1740
3 1803 1804 1740
3 1740 1804 1741
3 1804 1805 1741
3 1741 1805 1742
3 1805 1806 1742
3 1742 1806 1743
3 1806 1807 1743
3 1743 1807 1744
3 1807 1808 1744
3 1744 1808 1745
3 1808 1809 1745
3 1745 1809 1746
3 1809 1810 1746
3 1746 1810 1747
3 1810 1811 1747
3 1747 1811 1748
3 1811 1812 1748
3 1748 1812 1749
3 1812 1813 1749
3 1749 1813 1750
3 1813 1814 1750
3 1750 1814 1751
3 1814 1815 1751
3 1751 1815 1752
3 1815 1816 1752
3 1752 1816 1753
3 1816 1817 1753
3 1753 1817 1754
3 1817 1818 1754
3 1754 1818 1755
3 1818 1819 1755
3 1755 1819 1756
3 1819 1820 1756
3 1756 1820 1757
3 1820 1821 1757
3 1757 1821 1758
3 1821 1822 1758
3 1758 1822 1759
3 1822 1823 1759
3 1759 1823 1760
3 1823 1824 1760
3 1760 1824 1761
3 1824 1825 1761
3 1761 1825 1762
3 1825 1826 1762
3 1762 1826 1763
3 1826 1827 1763
3 1763 1827 1764
3 1827 1828 1764
3 1764 1828 1765
3 1828 1829 1765
3 1765 1829 1766
3 1829 1830 1766
3 1766 1830 1767
3 1830 1831 1767
3 1767 1831 1768
3 1831 1832 1768
3 1768 1832 1769
3 1832 1833 1769
3 1769 1833 1770
3 1833 1834 1770
3 1770 1834 1771
3 1834 1835 1771
3 1771 1835 1772
3 1835 1836 1772
3 1772 1836 1773
3 1836 1837 1773
3 1773 1837 1774
3 1837 1838 1774
3 1774 1838 1775
3 1838 1839 1775
3 1775 1839 1776
3 1839 1840 1776
3 1776 1840 1777
3 1840 1841 1777
3 1777 1841 1778
3 1841 1842 1778
3 1778 1842 1779
3 1842 1843 1779
3 1779 1843 1780
3 1843 1844 1780
3 1780 1844 1781
3 1844 1845 1781
3 1781 1845 1782
3 1845 1846 1782
3 1782 1846 1783
3 1846 1847 1783
3 1783 1847 1784
3 1847 1848 1784
3 1784 1848 1785
3 1848 1849 1785
3 1785 1849 1786
3 1849 1850 1786
3 1786 1850 1787
3 1850 1851 1787
3 1787 1851 1788
3 1851 1852 1788
3 1788 1852 1789
3 1852 1853 1789
3 1789 1853 1790
3 1853 1854 1790
3 1790 1854 1791
3 1854 1855 1791
3 1791 1855 1728
3 1855 1792 1728
3 1792 1856 1793
3 1856 1857 1793
3 1793 1857 1794
3 1857 1858 1794
3 1794 1858 1795
3 1858 1859 1795
3 1795 1859 1796
3 1859 1860 1796
3 1796 1860 1797
3 1860 1861 1797
3 1797 1861 1798
3 1861 1862 1798
3 1798 1862 1799
3 1862 1863 1799
3 1799 1863 1800
3 1863 1864 1800
3 1800 1864 1801
3 1864 1865 1801
3 1801 1865 1802
3 1865 1866 1802
3 1802 1866 1803
3 1866 1867 1803
3 1803 1867 1804
3 1867 1868 1804
3 1804 1868 1805
3 1868 1869 1805
3 1805 1869 1806
3 1869 1870 1806
3 1806 1870 1807
3 1870 1871 1807
3 1807 1871 1808
3 1871 1872 1808
3 1808 1872 1809
3 1872 1873 1809
3 1809 1873 1810
3 1873 1874 1810
3 1810 1874 1811
3 1874 1875 1811
3 1811 1875 1812
3 1875 1876 1812
3 1812 1876 1813
3 1876 1877 1813
3 1813 1877 1814
3 1877 1878 1814
3 1814 1878 1815
3 1878 1879 1815
3 1815 1879 1816
3 1879 1880 1816
3 1816 1880 1817
3 1880 1881 1817
3 1817 1881 1818
3 1881 1882 1818
3 1818 1882 1819
3 1882 1883 1819
3 1819 1883 1820
3 1883 1884 1820
3 1820 1884 1821
3 1884 1885 1821
3 1821 1885 1822
3 1885 1886 1822
3 1822 1886 1823
3 1886 1887 1823
3 1823 1887 1824
3 1887 1888 1824
3 1824 1888 1825
3 1888 1889 1825
3 1825 1889 1826
3 1889 1890 1826
3 1826 1890 1827
3 1890 1891 1827
3 1827 1891 1828
3 1891 1892 1828
3 1828 1892 1829
3 1892 1893 1829
3 1829 1893 1830
3 1893 1894 1830
3 1830 1894 1831
3 1894 1895 1831
3 1831 1895 1832
3 1895 1896 1832
3 1832 1896 1833
3 1896 1897 1833
3 1833 1897 1834
3 1897 1898 1834
3 1834 1898 1835
3 1898 1899 1835
3 1835 1899 1836
3 1899 1900 1836
3 1836 1900 1837
3 1900 1901 1837
3 1837 1901 1838
3 1901 1902 1838
3 1838 1902 1839
3 1902 1903 1839
3 1839 1903 1840
3 1903 1904 1840
3 1840 1904 1841
3 1904 1905 1841
3 1841 1905 1842
3 1905 1906 1842
3 1842 1906 1843
3 1906 1907 1843
3 1843 1907 1844
3 1907 1908 1844
3 1844 1908 1845
3 1908 1909 1845
3 1845 1909 1846
3 1909 1910 1846
3 1846 1910 1847
3 1910 1911 1847
3 1847 1911 1848
3 1911 1912 1848
3 1848 1912 1849
3 1912 1913 1849
3 1849 1913 1850
3 1913 1914 1850
3 1850 1914 1851
3 1914 1915 1851
3 1851 1915 1852
3 1915 1916 1852
3 1852 1916 1853
3 1916 1917 1853
3 1853 1917 1854
3 1917 1918 1854
3 1854 1918 1855
3 1918 1919 1855
3 1855 1919 1792
3 1919 1856 1792
3 1856 1920 1857
3 1920 1921 1857
3 1857 1921 1858
3 1921 1922 1858
3 1858 1922 1859
3 1922 1923 1859
3 1859 1923 1860
3 1923 1924 1860
3 1860 1924 1861
3 1924 1925 1861
3 1861 1925 1862
3 1925 1926 1862
3 1862 1926 1863
3 1926 1927 1863
3 1863 1927 1864
3 1927 1928 1864
3 1864 1928 1865
3 1928 1929 1865
3 1865 1929 1866
3 1929 1930 1866
3 1866 1930 1867
3 1930 1931 1867
3 1867 1931 1868
3 1931 1932 1868
3 1868 1932 1869
3 1932 1933 1869
3 1869 1933 1870
3 1933 1934 1870
3 1870 1934 1871
3 1934 1935 1871
3 1871 1935 1872
3 1935 1936 1872
3 1872 1936 1873
3 1936 1937 1873
3 1873 1937 1874
3 1937 1938 1874
3 1874 1938 1875
3 1938 1939 1875
3 1875 1939 1876
3 1939 1940 1876
3 1876 1940 1877
3 1940 1941 1877
3 1877 1941 1878
3 1941 1942 1878
3 1878 1942 1879
3 1942 1943 1879
3 1879 1943 1880
3 1943 1944 1880
3 1880 1944 1881
3 1944 1945 1881
3 1881 1945 1882
3 1945 1946 1882
3 1882 1946 1883
3 1946 1947 1883
3 1883 1947 1884
3 1947 1948 1884
3 1884 1948 1885
3 1948 1949 1885
3 1885 1949 1886
3 1949 1950 1886
3 1886 1950 1887
3 1950 1951 1887
3 1887 1951 1888
3 1951 1952 1888
3 1888 1952 1889
3 1952 1953 1889
3 1889 1953 1890
3 1953 1954 1890
3 1890 1954 1891
3 1954 1955 1891
3 1891 1955 1892
3 1955 1956 1892
3 1892 1956 1893
3 1956 1957 1893
3 1893 1957 1894
3 1957 1958 1894
3 1894 1958 1895
3 1958 1959 1895
3 1895 1959 1896
3 1959 1960 1896
3 1896 1960 1897
3 1960 1961 1897
3 1897 1961 1898
3 1961 1962 1898
3 1898 1962 1899
3 1962 1963 1899
3 1899 1963 1900
3 1963 1964 1900
3 1900 1964 1901
3 1964 1965 1901
3 1901 1965 1902
3 1965 1966 1902
3 1902 1966 1903
3 1966 1967 1903
3 1903 1967 1904
3 1967 1968 1904
3 1904 1968 1905
3 1968 1969 1905
3 1905 1969 1906
3 1969 1970 1906
3 1906 1970 1907
3 1970 1971 1907
3 1907 1971 1908
3 1971 1972 1908
3 1908 1972 1909
3 1972 1973 1909
3 1909 1973 1910
3 1973 1974 1910
3 1910 1974 1911
3 1974 1975 1911
3 1911 1975 1912
3 1975 1976 1912
3 1912 1976 1913
3 1976 1977 1913
3 1913 1977 1914
3 1977 1978 1914
3 1914 1978 1915
3 1978 1979 1915
3 1915 1979 1916
3 1979 1980 1916
3 1916 1980 1917
3 1980 1981 1917
3 1917 1981 1918
3 1981 1982 1918
3 1918 1982 1919
3 1982 1983 1919
3 1919 1983 1856
3 1983 1920 1856
3 1920 1984 1921
3 1984 1985 1921
3 1921 1985 1922
3 1985 1986 1922
3 1922 1986 1923
3 1986 1987 1923
3 1923 1987 1924
3 1987 1988 1924
3 1924 1988 1925
3 1988 1989 1925
3 1925 1989 1926
3 1989 1990 1926
3 1926 1990 1927
3 1990 1991 1927
3 1927 1991 1928
3 1991 1992 1928
3 1928 1992 1929
3 1992 1993 1929
3 1929 1993 1930
3 1993 1994 1930
3 1930 1994 1931
3 1994 1995 1931
3 1931 1995 1932
3 1995 1996 1932
3 1932 1996 1933
3 1996 1997 1933
3 1933 1997 1934
3 1997 1998 1934
3 1934 1998 1935
3 1998 1999 1935
3 1935 1999 1936
3 1999 2000 1936
3 1936 2000 1937
3 2000 2001 1937
3 1937 2001 1938
3 2001 2002 1938
3 1938 2002 1939
3 2002 2003 1939
3 1939 2003 1940
3 2003 2004 1940
3 1940 2004 1941
3 2004 2005 1941
3 1941 2005 1942
3 2005 2006 1942
3 1942 2006 1943
3 2006 2007 1943
3 1943 2007 1944
3 2007 2008 1944
3 1944 2008 1945
3 2008 2009 1945
3 1945 2009 1946
3 2009 2010 1946
3 1946 2010 1947
3 2010 2011 1947
3 1947 2011 1948
3 2011 2012 1948
3 1948 2012 1949
3 2012 2013 1949
3 1949 2013 1950
3 2013 2014 1950
3 1950 2014 1951
3 2014 2015 1951
3 1951 2015 1952
3 2015 2016 1952
3 1952 2016 1953
3 2016 2017 1953
3 1953 2017 1954
3 2017 2018 1954
3 1954 2018 1955
3 2018 2019 1955
3 1955 2019 1956
3 2019 2020 1956
3 1956 2020 1957
3 2020 2021 1957
3 1957 2021 1958
3 2021 2022 1958
3 1958 2022 1959
3 2022 2023 1959
3 1959 2023 1960
3 2023 2024 1960
3 1960 2024 1961
3 2024 2025 1961
3 1961 2025 1962
3 2025 2026 1962
3 1962 2026 1963
3 2026 2027 1963
3 1963 2027 1964
3 2027 2028 1964
3 1964 2028 1965
3 2028 2029 1965
3 1965 2029 1966
3 2029 2030 1966
3 1966 2030 1967
3 2030 2031 1967
3 1967 2031 1968
3 2031 2032 1968
3 1968 2032 1969
3 2032 2033 1969
3 1969 2033 1970
3 2033 2034 1970
3 1970 2034 1971
3 2034 2035 1971
3 1971 2035 1972
3 2035 2036 1972
3 1972 2036 1973
3 2036 2037 1973
3 1973 2037 1974
3 2037 2038 1974
3 1974 2038 1975
3 2038 2039 1975
3 1975 2039 1976
3 2039 2040 1976
3 1976 2040 1977
3 2040 2041 1977
3 1977 2041 1978
3 2041 2042 1978
3 1978 2042 1979
3 2042 2043 1979
3 1979 2043 1980
3 2043 2044 1980
3 1980 2044 1981
3 2044 2045 1981
3 1981 2045 1982
3 2045 2046 1982
3 1982 2046 1983
3 2046 2047 1983
3 1983 2047 1920
3 2047 1984 1920
3 1984 2048 1985
3 1985 2049 1986
3 1986 2050 1987
3 1987 2051 1988
3 1988 2052 1989
3 1989 2053 1990
3 1990 2054 1991
3 1991 2055 1992
3 1992 2056 1993
3 1993 2057 1994
3 1994 2058 1995
3 1995 2059 1996
3 1996 2060 1997
3 1997 2061 1998
3 1998 2062 1999
3 1999 2063 2000
3 2000 2064 2001
3 2001 2065 2002
3 2002 2066 2003
3 2003 2067 2004
3 2004 2068 2005
3 2005 2069 2006
3 2006 2070 2007
3 2007 2071 2008
3 2008 2072 2009
3 2009 2073 2010
3 2010 2074 2011
3 2011 2075 2012
3 2012 2076 2013
3 2013 2077 2014
3 2014 2078 2015
3 2015 2079 2016
3 2016 2080 2017
3 2017 2081 2018
3 2018 2082 2019
3 2019 2083 2020
3 2020 2084 2021
3 2021 2085 2022
3 2022 2086 2023
3 2023 2087 2024
3 2024 2088 2025
3 2025 2089 2026
3 2026 2090 2027
3 2027 2091 2028
3 2028 2092 2029
3 2029 2093 2030
3 2030 2094 2031
3 2031 2095 2032
3 2032 2096 2033
3 2033 2097 2034
3 2034 2098 2035
3 2035 2099 2036
3 2036 2100 2037
3 2037 2101 2038
3 2038 2102 2039
3 2039 2103 2040
3 2040 2104 2041
3 2041 2105 2042
3 2042 2106 2043
3 2043 2107 2044
3 2044 2108 2045
3 2045 2109 2046
3 2046 2110 2047
3 2047 2111 1984
