# vtk DataFile Version 5.1
vtk output
ASCII
DATASET POLYDATA
POINTS 2112 float
0 0 10 0 0 10 0 0 10
0 0 10 0 0 10 0 0 10
0 0 10 0 0 10 0 0 10
0 0 10 0 0 10 0 0 10
0 0 10 0 0 10 0 0 10
0 0 10 0 0 10 -0 0 10
-0 0 10 -0 0 10 -0 0 10
-0 0 10 -0 0 10 -0 0 10
-0 0 10 -0 0 10 -0 0 10
-0 0 10 -0 0 10 -0 0 10
-0 0 10 -0 0 10 -0 0 10
-0 -0 10 -0 -0 10 -0 -0 10
-0 -0 10 -0 -0 10 -0 -0 10
-0 -0 10 -0 -0 10 -0 -0 10
-0 -0 10 -0 -0 10 -0 -0 10
-0 -0 10 -0 -0 10 -0 -0 10
-0 -0 10 0 -0 10 0 -0 10
0 -0 10 0 -0 10 0 -0 10
0 -0 10 0 -0 10 0 -0 10
0 -0 10 0 -0 10 0 -0 10
0 -0 10 0 -0 10 0 -0 10
0 -0 10 1.03644 0 10.5231 1.02903 0.101351 10.4985
1.00722 0.200349 10.4268 0.972122 0.29489 10.3143 0.925453 0.383335 10.1705
0.869298 0.464649 10.0078 0.805856 0.538456 9.8404 0.73718 0.604988 9.68256
0.664954 0.664954 9.5479 0.590335 0.719325 9.44804 0.513896 0.7691 9.39156
0.435655 0.815052 9.38334 0.355203 0.857536 9.42407 0.271903 0.896345 9.51026
0.185124 0.93068 9.63447 0.0944727 0.959198 9.78602 6.00182e-17 0.980171 9.95185
-0.0976745 0.991706 10.1177 -0.19732 0.991996 10.2692 -0.297154 0.979586 10.3934
-0.394988 0.953585 10.4796 -0.488445 0.913816 10.5204 -0.575212 0.860866 10.5121
-0.653293 0.79604 10.4557 -0.721218 0.721218 10.3558 -0.778185 0.63864 10.2211
-0.824109 0.550652 10.0633 -0.85957 0.45945 9.89585 -0.885668 0.366856 9.73324
-0.903809 0.274167 9.58944 -0.915455 0.182095 9.47686 -0.921869 0.0907962 9.40518
-0.923907 1.13146e-16 9.38059 -0.921869 -0.0907962 9.40518 -0.915455 -0.182095 9.47686
-0.903809 -0.274167 9.58944 -0.885668 -0.366856 9.73324 -0.85957 -0.45945 9.89585
-0.824109 -0.550652 10.0633 -0.778185 -0.63864 10.2211 -0.721218 -0.721218 10.3558
-0.653293 -0.79604 10.4557 -0.575212 -0.860866 10.5121 -0.488445 -0.913816 10.5204
-0.394988 -0.953585 10.4796 -0.297154 -0.979586 10.3934 -0.19732 -0.991996 10.2692
-0.0976745 -0.991706 10.1177 -1.80055e-16 -0.980171 9.95185 0.0944727 -0.959198 9.78602
0.185124 -0.93068 9.63447 0.271903 -0.896345 9.51026 0.355203 -0.857536 9.42407
0.435655 -0.815052 9.38334 0.513896 -0.7691 9.39156 0.590335 -0.719325 9.44804
0.664954 -0.664954 9.5479 0.73718 -0.604988 9.68256 0.805856 -0.538456 9.8404
0.869298 -0.464649 10.0078 0.925453 -0.383335 10.1705 0.972122 -0.29489 10.3143
1.00722 -0.200349 10.4268 1.02903 -0.101351 10.4985 2.15783 0 10.8481
2.13857 0.210631 10.8033 2.08216 0.414168 10.6728 1.99252 0.604423 10.4678
1.87556 0.776882 10.206 1.73843 0.92921 9.90982 1.58855 1.06144 9.6049
1.43267 1.17576 9.31747 1.27603 1.27603 9.07226 1.12187 1.367 8.89041
0.971112 1.45337 8.78756 0.822576 1.53893 8.77258 0.673419 1.62578 8.84676
0.519885 1.71383 9.00371 0.358175 1.80067 9.2299 0.185334 1.88173 9.50588
1.19458e-16 1.9509 9.80785 -0.19711 2.00129 10.1098 -0.40303 2.02617 10.3858
-0.61275 2.01997 10.612 -0.819737 1.97902 10.7689 -1.01672 1.90216 10.8431
-1.19662 1.79086 10.8281 -1.35341 1.64914 10.7253 -1.48296 1.48296 10.5434
-1.58347 1.29952 10.2982 -1.65568 1.10629 10.0108 -1.70266 0.910088 9.70589
-1.72924 0.716275 9.40975 -1.74128 0.528211 9.14791 -1.74467 0.347037 8.94289
-1.74445 0.171813 8.81237 -1.74398 2.13576e-16 8.76757 -1.74445 -0.171813 8.81237
-1.74467 -0.347037 8.94289 -1.74128 -0.528211 9.14791 -1.72924 -0.716275 9.40975
-1.70266 -0.910088 9.70589 -1.65568 -1.10629 10.0108 -1.58347 -1.29952 10.2982
-1.48296 -1.48296 10.5434 -1.35341 -1.64914 10.7253 -1.19662 -1.79086 10.8281
-1.01672 -1.90216 10.8431 -0.819737 -1.97902 10.7689 -0.61275 -2.01997 10.612
-0.40303 -2.02617 10.3858 -0.19711 -2.00129 10.1098 -3.58375e-16 -1.9509 9.80785
0.185334 -1.88173 9.50588 0.358175 -1.80067 9.2299 0.519885 -1.71383 9.00371
0.673419 -1.62578 8.84676 0.822576 -1.53893 8.77258 0.971112 -1.45337 8.78756
1.12187 -1.367 8.89041 1.27603 -1.27603 9.07226 1.43267 -1.17576 9.31747
1.58855 -1.06144 9.6049 1.73843 -0.92921 9.90982 1.87556 -0.776882 10.206
1.99252 -0.604423 10.4678 2.08216 -0.414168 10.6728 2.13857 -0.210631 10.8033
3.30513 0 10.8955 3.27198 0.322261 10.8384 3.17513 0.631572 10.6721
3.02207 0.916734 10.4107 2.82411 1.16978 10.0769 2.59486 1.38698 9.69939
2.34837 1.56913 9.31069 2.09734 1.72124 8.94426 1.85148 1.85148 8.63168
1.61648 1.96968 8.39985 1.39353 2.08557 8.26874 1.17967 2.20701 8.24964
0.968643 2.33851 8.3442 0.752383 2.48027 8.54428 0.522715 2.62787 8.83264
0.273083 2.77265 9.18444 1.77748e-16 2.90285 9.5694 -0.295975 3.00508 9.95436
-0.609919 3.06627 10.3062 -0.932921 3.07543 10.5945 -1.2531 3.02525 10.7946
-1.55711 2.91316 10.8892 -1.83194 2.74169 10.8701 -2.06662 2.51818 10.739
-2.25376 2.25376 10.5071 -2.39052 1.96185 10.1945 -2.47888 1.65634 9.82812
-2.52531 1.34981 9.43942 -2.53965 1.05196 9.06191 -2.53364 0.76857 8.7281
-2.51901 0.501062 8.46675 -2.50576 0.246796 8.30036 -2.50056 3.06231e-16 8.24326
-2.50576 -0.246796 8.30036 -2.51901 -0.501062 8.46675 -2.53364 -0.76857 8.7281
-2.53965 -1.05196 9.06191 -2.52531 -1.34981 9.43942 -2.47888 -1.65634 9.82812
-2.39052 -1.96185 10.1945 -2.25376 -2.25376 10.5071 -2.06662 -2.51818 10.739
-1.83194 -2.74169 10.8701 -1.55711 -2.91316 10.8892 -1.2531 -3.02525 10.7946
-0.932921 -3.07543 10.5945 -0.609919 -3.06627 10.3062 -0.295975 -3.00508 9.95436
-5.33244e-16 -2.90285 9.5694 0.273083 -2.77265 9.18444 0.522715 -2.62787 8.83264
0.752383 -2.48027 8.54428 0.968643 -2.33851 8.3442 1.17967 -2.20701 8.24964
1.39353 -2.08557 8.26874 1.61648 -1.96968 8.39985 1.85148 -1.85148 8.63168
2.09734 -1.72124 8.94426 2.34837 -1.56913 9.31069 2.59486 -1.38698 9.69939
2.82411 -1.16978 10.0769 3.02207 -0.916734 10.4107 3.17513 -0.631572 10.6721
3.27198 -0.322261 10.8384 4.40086 0 10.6246 4.35507 0.428937 10.5649
4.22142 0.839692 10.3911 4.01053 1.21658 10.1179 3.73848 1.54853 9.76912
3.42459 1.83048 9.37463 3.08878 2.06386 8.96844 2.74901 2.25606 8.58552
2.41897 2.41897 8.25887 2.10656 2.56685 8.01661 1.81329 2.71378 7.8796
1.53467 2.87116 7.85965 1.26152 3.04557 7.95847 0.982064 3.23743 8.16754
0.684362 3.44052 8.46887 0.358763 3.64258 8.83651 2.34326e-16 3.82683 9.2388
-0.391428 3.97424 9.64108 -0.808795 4.06609 10.0087 -1.23968 4.08667 10.31
-1.66741 4.0255 10.5191 -2.07325 3.87877 10.6179 -2.43886 3.65001 10.598
-2.74888 3.34952 10.461 -2.99299 2.99299 10.2187 -3.16735 2.59938 9.89207
-3.27501 2.18829 9.50916 -3.32535 1.77743 9.10296 -3.33259 1.3804 8.70847
-3.31358 1.00516 8.35964 -3.28519 0.653465 8.08653 -3.26174 0.321254 7.91265
-3.25281 3.98354e-16 7.85298 -3.26174 -0.321254 7.91265 -3.28519 -0.653465 8.08653
-3.31358 -1.00516 8.35964 -3.33259 -1.3804 8.70847 -3.32535 -1.77743 9.10296
-3.27501 -2.18829 9.50916 -3.16735 -2.59938 9.89207 -2.99299 -2.99299 10.2187
-2.74888 -3.34952 10.461 -2.43886 -3.65001 10.598 -2.07325 -3.87877 10.6179
-1.66741 -4.0255 10.5191 -1.23968 -4.08667 10.31 -0.808795 -4.06609 10.0087
-0.391428 -3.97424 9.64108 -7.02978e-16 -3.82683 9.2388 0.358763 -3.64258 8.83651
0.684362 -3.44052 8.46887 0.982064 -3.23743 8.16754 1.26152 -3.04557 7.95847
1.53467 -2.87116 7.85965 1.81329 -2.71378 7.8796 2.10656 -2.56685 8.01661
2.41897 -2.41897 8.25887 2.74901 -2.25606 8.58552 3.08878 -2.06386 8.96844
3.42459 -1.83048 9.37463 3.73848 -1.54853 9.76912 4.01053 -1.21658 10.1179
4.22142 -0.839692 10.3911 4.35507 -0.428937 10.5649 5.36724 0 10.0414
5.3134 0.523324 9.98877 5.15613 1.02562 9.83542 4.90757 1.4887 9.59456
4.5861 1.89963 9.28692 4.21382 2.25233 8.93901 3.81355 2.54813 8.58078
3.4059 2.79515 8.24308 3.00664 3.00664 7.955 2.62501 3.19859 7.74134
2.26298 3.38678 7.62051 1.91568 3.58399 7.60291 1.57299 3.79754 7.69006
1.2218 4.02774 7.87445 0.848844 4.26743 8.1402 0.443462 4.50255 8.46443
2.88647e-16 4.71397 8.81921 -0.480637 4.87999 9.17399 -0.990455 4.97935 9.49822
-1.51498 4.99423 9.76397 -2.03492 4.91274 9.94836 -2.52862 4.73071 10.0355
-2.9749 4.45226 10.0179 -3.356 4.0893 9.89708 -3.65991 3.65991 9.68343
-3.88199 3.18587 9.39535 -4.02549 2.68975 9.05765 -4.10088 2.19196 8.69942
-4.12417 1.70829 8.3515 -4.1144 1.24809 8.04387 -4.09065 0.813681 7.803
-4.06914 0.400775 7.64966 -4.0607 4.97292e-16 7.59703 -4.06914 -0.400775 7.64966
-4.09065 -0.813681 7.803 -4.1144 -1.24809 8.04387 -4.12417 -1.70829 8.3515
-4.10088 -2.19196 8.69942 -4.02549 -2.68975 9.05765 -3.88199 -3.18587 9.39535
-3.65991 -3.65991 9.68343 -3.356 -4.0893 9.89708 -2.9749 -4.45226 10.0179
-2.52862 -4.73071 10.0355 -2.03492 -4.91274 9.94836 -1.51498 -4.99423 9.76397
-0.990455 -4.97935 9.49822 -0.480637 -4.87999 9.17399 -8.65942e-16 -4.71397 8.81921
0.443462 -4.50255 8.46443 0.848844 -4.26743 8.1402 1.2218 -4.02774 7.87445
1.57299 -3.79754 7.69006 1.91568 -3.58399 7.60291 2.26298 -3.38678 7.62051
2.62501 -3.19859 7.74134 3.00664 -3.00664 7.955 3.4059 -2.79515 8.24308
3.81355 -2.54813 8.58078 4.21382 -2.25233 8.93901 4.5861 -1.89963 9.28692
4.90757 -1.4887 9.59456 5.15613 -1.02562 9.83542 5.3134 -0.523324 9.98877
6.14497 0 9.1966 6.09013 0.599826 9.15863 5.9295 1.17945 9.04797
5.67421 1.72125 8.87417 5.34114 2.21237 8.65219 4.95063 2.64617 8.40114
4.52381 3.02271 8.14264 4.07989 3.34828 7.89897 3.63384 3.63384 7.69109
3.19481 3.89289 7.53692 2.76549 4.13885 7.44974 2.3425 4.3825 7.43704
1.91774 4.62983 7.49992 1.48051 4.88058 7.63297 1.01999 5.12786 7.82474
0.527788 5.35872 8.05869 3.40189e-16 5.5557 8.3147 -0.561321 5.69918 8.5707
-1.14773 5.77004 8.80466 -1.74496 5.75237 8.99642 -2.33441 5.63577 9.12947
-2.89538 5.41688 9.19236 -3.40767 5.09994 9.17966 -3.85419 4.69634 9.09247
-4.22311 4.22311 8.9383 -4.50934 3.70072 8.73042 -4.71498 3.15045 8.48675
-4.84875 2.59171 8.22825 -4.92446 2.03978 7.97721 -4.95874 1.50422 7.75522
-4.9684 0.988277 7.58142 -4.96777 0.489282 7.47076 -4.96643 6.08212e-16 7.43279
-4.96777 -0.489282 7.47076 -4.9684 -0.988277 7.58142 -4.95874 -1.50422 7.75522
-4.92446 -2.03978 7.97721 -4.84875 -2.59171 8.22825 -4.71498 -3.15045 8.48675
-4.50934 -3.70072 8.73042 -4.22311 -4.22311 8.9383 -3.85419 -4.69634 9.09247
-3.40767 -5.09994 9.17966 -2.89538 -5.41688 9.19236 -2.33441 -5.63577 9.12947
-1.74496 -5.75237 8.99642 -1.14773 -5.77004 8.80466 -0.561321 -5.69918 8.5707
-1.02057e-15 -5.5557 8.3147 0.527788 -5.35872 8.05869 1.01999 -5.12786 7.82474
1.48051 -4.88058 7.63297 1.91774 -4.62983 7.49992 2.3425 -4.3825 7.43704
2.76549 -4.13885 7.44974 3.19481 -3.89289 7.53692 3.63384 -3.63384 7.69109
4.07989 -3.34828 7.89897 4.52381 -3.02271 8.14264 4.95063 -2.64617 8.40114
5.34114 -2.21237 8.65219 5.67421 -1.72125 8.87417 5.9295 -1.17945 9.04797
6.09013 -0.599826 9.15863 6.70809 0 8.17383 6.66018 0.655971 8.15473
6.519 1.29671 8.09905 6.29184 1.90861 8.0116 5.98978 2.48105 7.89991
5.62633 3.00734 7.7736 5.21572 3.48503 7.64354 4.77123 3.91565 7.52093
4.30376 4.30376 7.41634 3.82081 4.65567 7.33877 3.32607 4.97782 7.2949
2.81967 5.27524 7.28851 2.29897 5.5502 7.32015 1.75983 5.80139 7.3871
1.19817 6.02361 7.48358 0.611453 6.20818 7.6013 3.88454e-16 6.34393 7.7301
-0.632176 6.41859 7.85891 -1.27711 6.42046 7.97663 -1.92326 6.34014 8.07311
-2.55647 6.17186 8.14006 -3.16135 5.91446 8.1717 -3.72293 5.57176 8.16531
-4.22829 5.15219 8.12144 -4.66792 4.66792 8.04387 -5.03662 4.13345 7.93928
-5.33386 3.56397 7.81667 -5.56337 2.97368 7.68661 -5.73228 2.37439 7.5603
-5.84969 1.77449 7.44861 -5.92507 1.17857 7.36116 -5.96659 0.587657 7.30548
-5.97977 7.32311e-16 7.28638 -5.96659 -0.587657 7.30548 -5.92507 -1.17857 7.36116
-5.84969 -1.77449 7.44861 -5.73228 -2.37439 7.5603 -5.56337 -2.97368 7.68661
-5.33386 -3.56397 7.81667 -5.03662 -4.13345 7.93928 -4.66792 -4.66792 8.04387
-4.22829 -5.15219 8.12144 -3.72293 -5.57176 8.16531 -3.16135 -5.91446 8.1717
-2.55647 -6.17186 8.14006 -1.92326 -6.34014 8.07311 -1.27711 -6.42046 7.97663
-0.632176 -6.41859 7.85891 -1.16536e-15 -6.34393 7.7301 0.611453 -6.20818 7.6013
1.19817 -6.02361 7.48358 1.75983 -5.80139 7.3871 2.29897 -5.5502 7.32015
2.81967 -5.27524 7.28851 3.32607 -4.97782 7.2949 3.82081 -4.65567 7.33877
4.30376 -4.30376 7.41634 4.77123 -3.91565 7.52093 5.21572 -3.48503 7.64354
5.62633 -3.00734 7.7736 5.98978 -2.48105 7.89991 6.29184 -1.90861 8.0116
6.519 -1.29671 8.09905 6.66018 -0.655971 8.15473 7.07107 0 7.07107
7.03702 0.693086 7.07107 6.9352 1.3795 7.07107 6.76659 2.05262 7.07107
6.53281 2.70598 7.07107 6.23612 3.33328 7.07107 5.87938 3.92847 7.07107
5.46601 4.48584 7.07107 5 5 7.07107 4.48584 5.46601 7.07107
3.92847 5.87938 7.07107 3.33328 6.23612 7.07107 2.70598 6.53281 7.07107
2.05262 6.76659 7.07107 1.3795 6.9352 7.07107 0.693086 7.03702 7.07107
4.32978e-16 7.07107 7.07107 -0.693086 7.03702 7.07107 -1.3795 6.9352 7.07107
-2.05262 6.76659 7.07107 -2.70598 6.53281 7.07107 -3.33328 6.23612 7.07107
-3.92847 5.87938 7.07107 -4.48584 5.46601 7.07107 -5 5 7.07107
-5.46601 4.48584 7.07107 -5.87938 3.92847 7.07107 -6.23612 3.33328 7.07107
-6.53281 2.70598 7.07107 -6.76659 2.05262 7.07107 -6.9352 1.3795 7.07107
-7.03702 0.693086 7.07107 -7.07107 8.65956e-16 7.07107 -7.03702 -0.693086 7.07107
-6.9352 -1.3795 7.07107 -6.76659 -2.05262 7.07107 -6.53281 -2.70598 7.07107
-6.23612 -3.33328 7.07107 -5.87938 -3.92847 7.07107 -5.46601 -4.48584 7.07107
-5 -5 7.07107 -4.48584 -5.46601 7.07107 -3.92847 -5.87938 7.07107
-3.33328 -6.23612 7.07107 -2.70598 -6.53281 7.07107 -2.05262 -6.76659 7.07107
-1.3795 -6.9352 7.07107 -0.693086 -7.03702 7.07107 -1.29893e-15 -7.07107 7.07107
0.693086 -7.03702 7.07107 1.3795 -6.9352 7.07107 2.05262 -6.76659 7.07107
2.70598 -6.53281 7.07107 3.33328 -6.23612 7.07107 3.92847 -5.87938 7.07107
4.48584 -5.46601 7.07107 5 -5 7.07107 5.46601 -4.48584 7.07107
5.87938 -3.92847 7.07107 6.23612 -3.33328 7.07107 6.53281 -2.70598 7.07107
6.76659 -2.05262 7.07107 6.9352 -1.3795 7.07107 7.03702 -0.693086 7.07107
7.28638 0 5.97977 7.27031 0.716063 5.99546 7.21972 1.43609 6.04115
7.12787 2.16222 6.11291 6.9848 2.8932 6.20458 6.77899 3.62344 6.30824
6.49932 4.34271 6.41498 6.13714 5.03662 6.5156 5.68787 5.68787 6.60143
5.15219 6.27796 6.66509 4.5364 6.7892 6.70109 3.85211 7.20679 6.70634
3.11506 7.52043 6.68037 2.3435 7.72548 6.62543 1.55616 7.82336 6.54625
0.770308 7.82107 6.44964 4.73332e-16 7.7301 6.34393 -0.745057 7.56469 6.23822
-1.45997 7.33979 6.14162 -2.14436 7.06901 6.06244 -2.8013 6.76294 6.00749
-3.43578 6.4279 5.98153 -4.05283 6.06549 5.98677 -4.65567 5.67295 6.02277
-5.24415 5.24415 6.08643 -5.81376 4.77123 6.17227 -6.35537 4.24652 6.27289
-6.8557 3.66445 6.37963 -7.29857 3.02317 6.48329 -7.66663 2.32565 6.57495
-7.94343 1.58005 6.64672 -8.11546 0.799303 6.69241 -8.17383 1.00101e-15 6.70809
-8.11546 -0.799303 6.69241 -7.94343 -1.58005 6.64672 -7.66663 -2.32565 6.57495
-7.29857 -3.02317 6.48329 -6.8557 -3.66445 6.37963 -6.35537 -4.24652 6.27289
-5.81376 -4.77123 6.17227 -5.24415 -5.24415 6.08643 -4.65567 -5.67295 6.02277
-4.05283 -6.06549 5.98677 -3.43578 -6.4279 5.98153 -2.8013 -6.76294 6.00749
-2.14436 -7.06901 6.06244 -1.45997 -7.33979 6.14162 -0.745057 -7.56469 6.23822
-1.42e-15 -7.7301 6.34393 0.770308 -7.82107 6.44964 1.55616 -7.82336 6.54625
2.3435 -7.72548 6.62543 3.11506 -7.52043 6.68037 3.85211 -7.20679 6.70634
4.5364 -6.7892 6.70109 5.15219 -6.27796 6.66509 5.68787 -5.68787 6.60143
6.13714 -5.03662 6.5156 6.49932 -4.34271 6.41498 6.77899 -3.62344 6.30824
6.9848 -2.8932 6.20458 7.12787 -2.16222 6.11291 7.21972 -1.43609 6.04115
7.27031 -0.716063 5.99546 7.43279 0 4.96643 7.43479 0.732263 4.99181
7.43574 1.47906 5.06574 7.42128 2.25122 5.18187 7.36998 3.05274 5.3302
7.25667 3.87877 5.49794 7.05647 4.71498 5.67066 6.74871 5.53852 5.83348
6.32033 6.32033 5.97238 5.7682 7.02857 6.07539 5.09994 7.63261 6.13365
4.33325 8.10693 6.14214 3.4937 8.43453 6.10012 2.61152 8.60904 6.01122
1.7177 8.63548 5.88308 0.840075 8.52943 5.72676 5.09128e-16 8.3147 5.5557
-0.78989 8.01989 5.38465 -1.52653 7.67439 5.22832 -2.21574 7.3043 5.10019
-2.8701 6.92902 5.01129 -3.50579 6.55888 4.96927 -4.13885 6.19423 4.97775
-4.78137 5.82612 5.03601 -5.43842 5.43842 5.13902 -6.10599 5.01105 5.27792
-6.77036 4.52381 5.44074 -7.40914 3.96027 5.61346 -7.99358 3.31105 5.78121
-8.49205 2.57604 5.92953 -8.87412 1.76517 6.04566 -9.11453 0.897703 6.1196
-9.1966 1.12626e-15 6.14497 -9.11453 -0.897703 6.1196 -8.87412 -1.76517 6.04566
-8.49205 -2.57604 5.92953 -7.99358 -3.31105 5.78121 -7.40914 -3.96027 5.61346
-6.77036 -4.52381 5.44074 -6.10599 -5.01105 5.27792 -5.43842 -5.43842 5.13902
-4.78137 -5.82612 5.03601 -4.13885 -6.19423 4.97775 -3.50579 -6.55888 4.96927
-2.8701 -6.92902 5.01129 -2.21574 -7.3043 5.10019 -1.52653 -7.67439 5.22832
-0.78989 -8.01989 5.38465 -1.52738e-15 -8.3147 5.5557 0.840075 -8.52943 5.72676
1.7177 -8.63548 5.88308 2.61152 -8.60904 6.01122 3.4937 -8.43453 6.10012
4.33325 -8.10693 6.14214 5.09994 -7.63261 6.13365 5.7682 -7.02857 6.07539
6.32033 -6.32033 5.97238 6.74871 -5.53852 5.83348 7.05647 -4.71498 5.67066
7.25667 -3.87877 5.49794 7.36998 -3.05274 5.3302 7.42128 -2.25122 5.18187
7.43574 -1.47906 5.06574 7.43479 -0.732263 4.99181 7.59703 0 4.0607
7.61282 0.749797 4.08883 7.65307 1.52229 4.17079 7.6975 2.33501 4.29954
7.71578 3.19598 4.46397 7.6722 4.10088 4.64994 7.53116 5.03216 4.84141
7.2627 5.96034 5.02192 6.84722 6.84722 5.1759 6.27864 7.65055 5.2901
5.56565 8.32959 5.35469 4.73071 8.85053 5.36409 3.80707 9.19109 5.31751
2.83433 9.34354 5.21895 1.85301 9.31572 5.07691 0.899209 9.12982 4.9036
5.40021e-16 8.81921 4.71397 -0.829659 8.42367 4.52433 -1.58808 7.98379 4.35103
-2.28583 7.53538 4.20898 -2.94286 7.10469 4.11042 -3.58399 6.70517 4.06384
-4.23373 6.33623 4.07325 -4.91106 5.98414 4.13783 -5.62503 5.62503 4.25204
-6.37199 5.22935 4.40602 -7.13465 4.76722 4.58652 -7.8835 4.21382 4.778
-8.58 3.55395 4.96396 -9.18142 2.78515 5.1284 -9.64644 1.9188 5.25714
-9.94067 0.979071 5.33911 -10.0414 1.22972e-15 5.36724 -9.94067 -0.979071 5.33911
-9.64644 -1.9188 5.25714 -9.18142 -2.78515 5.1284 -8.58 -3.55395 4.96396
-7.8835 -4.21382 4.778 -7.13465 -4.76722 4.58652 -6.37199 -5.22935 4.40602
-5.62503 -5.62503 4.25204 -4.91106 -5.98414 4.13783 -4.23373 -6.33623 4.07325
-3.58399 -6.70517 4.06384 -2.94286 -7.10469 4.11042 -2.28583 -7.53538 4.20898
-1.58808 -7.98379 4.35103 -0.829659 -8.42367 4.52433 -1.62006e-15 -8.81921 4.71397
0.899209 -9.12982 4.9036 1.85301 -9.31572 5.07691 2.83433 -9.34354 5.21895
3.80707 -9.19109 5.31751 4.73071 -8.85053 5.36409 5.56565 -8.32959 5.35469
6.27864 -7.65055 5.2901 6.84722 -6.84722 5.1759 7.2627 -5.96034 5.02192
7.53116 -5.03216 4.84141 7.6722 -4.10088 4.64994 7.71578 -3.19598 4.46397
7.6975 -2.33501 4.29954 7.65307 -1.52229 4.17079 7.61282 -0.749797 4.08883
7.85298 0 3.25281 7.87455 0.775575 3.27753 7.93115 1.5776 3.34955
7.99968 2.42668 3.46268 8.04557 3.33259 3.60716 8.0281 4.29111 3.77057
7.90657 5.283 3.93882 7.64667 6.27546 4.09743 7.22572 7.22572 4.23273
6.63637 8.08645 4.33308 5.88793 8.8119 4.38983 5.00526 9.36419 4.3981
4.0255 9.7184 4.35716 2.99285 9.8661 4.27056 1.9526 9.8164 4.14575
0.944991 9.59465 3.99346 5.65713e-16 9.2388 3.82683 -0.86613 8.79396 3.6602
-1.6522 8.30615 3.50792 -2.37091 7.81585 3.38311 -3.04557 7.35266 3.2965
-3.70501 6.93159 3.25557 -4.37767 6.55165 3.26384 -5.08568 6.19692 3.32059
-5.83991 5.83991 3.42094 -6.6367 5.4466 3.55624 -7.45698 4.9826 3.71485
-8.26768 4.41917 3.8831 -9.02549 3.73848 4.0465 -9.68227 2.93709 4.19099
-10.1914 2.0272 4.30412 -10.5141 1.03555 4.37614 -10.6246 1.30114e-15 4.40086
-10.5141 -1.03555 4.37614 -10.1914 -2.0272 4.30412 -9.68227 -2.93709 4.19099
-9.02549 -3.73848 4.0465 -8.26768 -4.41917 3.8831 -7.45698 -4.9826 3.71485
-6.6367 -5.4466 3.55624 -5.83991 -5.83991 3.42094 -5.08568 -6.19692 3.32059
-4.37767 -6.55165 3.26384 -3.70501 -6.93159 3.25557 -3.04557 -7.35266 3.2965
-2.37091 -7.81585 3.38311 -1.6522 -8.30615 3.50792 -0.86613 -8.79396 3.6602
-1.69714e-15 -9.2388 3.82683 0.944991 -9.59465 3.99346 1.9526 -9.8164 4.14575
2.99285 -9.8661 4.27056 4.0255 -9.7184 4.35716 5.00526 -9.36419 4.3981
5.88793 -8.8119 4.38983 6.63637 -8.08645 4.33308 7.22572 -7.22572 4.23273
7.64667 -6.27546 4.09743 7.90657 -5.283 3.93882 8.0281 -4.29111 3.77057
8.04557 -3.33259 3.60716 7.99968 -2.42668 3.46268 7.93115 -1.5776 3.34955
7.87455 -0.775575 3.27753 8.24326 0 2.50056 8.26039 0.813578 2.51789
8.30407 1.65178 2.56836 8.35228 2.53364 2.64764 8.37211 3.46784 2.7489
8.32482 4.44971 2.86342 8.17178 5.46021 2.98133 7.88049 6.46735 3.09248
7.42966 7.42966 3.1873 6.81272 8.30133 3.25763 6.03909 9.03813 3.2974
5.13312 9.60338 3.30319 4.13092 9.97291 3.27451 3.07543 10.1383 3.21381
2.01063 10.1081 3.12634 0.975698 9.90643 3.01962 5.85957e-16 9.5694 2.90285
-0.900233 9.14022 2.78607 -1.72316 8.66292 2.67935 -2.48027 8.17636 2.59188
-3.19319 7.70904 2.53119 -3.88885 7.27554 2.5025 -4.59386 6.8752 2.50829
-5.32881 6.49317 2.54807 -6.10352 6.10352 2.61839 -6.91401 5.67418 2.71321
-7.74155 5.17274 2.82437 -8.5541 4.57226 2.94228 -9.30984 3.85626 3.05679
-9.96242 3.02207 3.15805 -10.467 2.08201 3.23733 -10.7863 1.06235 3.28781
-10.8955 1.33432e-15 3.30513 -10.7863 -1.06235 3.28781 -10.467 -2.08201 3.23733
-9.96242 -3.02207 3.15805 -9.30984 -3.85626 3.05679 -8.5541 -4.57226 2.94228
-7.74155 -5.17274 2.82437 -6.91401 -5.67418 2.71321 -6.10352 -6.10352 2.61839
-5.32881 -6.49317 2.54807 -4.59386 -6.8752 2.50829 -3.88885 -7.27554 2.5025
-3.19319 -7.70904 2.53119 -2.48027 -8.17636 2.59188 -1.72316 -8.66292 2.67935
-0.900233 -9.14022 2.78607 -1.75787e-15 -9.5694 2.90285 0.975698 -9.90643 3.01962
2.01063 -10.1081 3.12634 3.07543 -10.1383 3.21381 4.13092 -9.97291 3.27451
5.13312 -9.60338 3.30319 6.03909 -9.03813 3.2974 6.81272 -8.30133 3.25763
7.42966 -7.42966 3.1873 7.88049 -6.46735 3.09248 8.17178 -5.46021 2.98133
8.32482 -4.44971 2.86342 8.37211 -3.46784 2.7489 8.35228 -2.53364 2.64764
8.30407 -1.65178 2.56836 8.26039 -0.813578 2.51789 8.76757 0 1.74398
8.76993 0.863763 1.75289 8.77106 1.74467 1.77885 8.754 2.6555 1.81963
8.69348 3.60096 1.87172 8.55983 4.57532 1.93062 8.32368 5.5617 1.99127
7.96065 6.53313 2.04845 7.45534 7.45534 2.09722 6.80406 8.29077 2.13339
6.01579 9.00327 2.15385 5.11141 9.56278 2.15683 4.1211 9.94921 2.14208
3.0805 10.1551 2.11086 2.02617 10.1862 2.06586 0.990937 10.0611 2.01097
6.00558e-16 9.80785 1.9509 -0.931739 9.4601 1.89084 -1.80067 9.05255 1.83594
-2.61364 8.61601 1.79095 -3.38551 8.17334 1.75973 -4.13537 7.73673 1.74498
-4.88211 7.30659 1.74795 -5.64002 6.87238 1.76841 -6.41506 6.41506 1.80459
-7.2025 5.91094 1.85336 -7.98619 5.3362 1.91053 -8.73968 4.67146 1.97119
-9.42907 3.90565 2.03009 -10.0171 3.03864 2.08217 -10.4677 2.08216 2.12295
-10.7513 1.05891 2.14892 -10.8481 1.32851e-15 2.15783 -10.7513 -1.05891 2.14892
-10.4677 -2.08216 2.12295 -10.0171 -3.03864 2.08217 -9.42907 -3.90565 2.03009
-8.73968 -4.67146 1.97119 -7.98619 -5.3362 1.91053 -7.2025 -5.91094 1.85336
-6.41506 -6.41506 1.80459 -5.64002 -6.87238 1.76841 -4.88211 -7.30659 1.74795
-4.13537 -7.73673 1.74498 -3.38551 -8.17334 1.75973 -2.61364 -8.61601 1.79095
-1.80067 -9.05255 1.83594 -0.931739 -9.4601 1.89084 -1.80167e-15 -9.80785 1.9509
0.990937 -10.0611 2.01097 2.02617 -10.1862 2.06586 3.0805 -10.1551 2.11086
4.1211 -9.94921 2.14208 5.11141 -9.56278 2.15683 6.01579 -9.00327 2.15385
6.80406 -8.29077 2.13339 7.45534 -7.45534 2.09722 7.96065 -6.53313 2.04845
8.32368 -5.5617 1.99127 8.55983 -4.57532 1.93062 8.69348 -3.60096 1.87172
8.754 -2.6555 1.81963 8.77106 -1.74467 1.77885 8.76993 -0.863763 1.75289
9.38059 0 0.923907 9.3599 0.921869 0.92633 9.29477 1.84884 0.933389
9.17653 2.78367 0.944478 8.99234 3.72475 0.95864 8.72736 4.66487 0.974657
8.36732 5.59087 0.991148 7.90105 6.48422 1.00669 7.32265 7.32265 1.01996
6.633 8.08233 1.02979 5.84023 8.74052 1.03535 4.95926 9.27813 1.03616
4.01038 9.68191 1.03215 3.01706 9.9459 1.02366 2.00343 10.0719 1.01143
0.991706 10.069 0.996504 6.09375e-16 9.95185 0.980171 -0.959198 9.7389 0.963839
-1.87959 9.44935 0.948913 -2.76068 9.10075 0.936679 -3.60644 8.70671 0.92819
-4.42327 8.27536 0.924178 -5.21767 7.8088 0.924988 -5.99377 7.30343 0.930551
-6.75139 6.75139 0.940387 -7.48472 6.14255 0.953649 -8.18199 5.46703 0.969195
-8.82613 4.71766 0.985686 -9.39628 3.89207 1.0017 -9.87012 2.99407 1.01587
-10.2265 2.03417 1.02695 -10.448 1.02903 1.03401 -10.5231 1.28871e-15 1.03644
-10.448 -1.02903 1.03401 -10.2265 -2.03417 1.02695 -9.87012 -2.99407 1.01587
-9.39628 -3.89207 1.0017 -8.82613 -4.71766 0.985686 -8.18199 -5.46703 0.969195
-7.48472 -6.14255 0.953649 -6.75139 -6.75139 0.940387 -5.99377 -7.30343 0.930551
-5.21767 -7.8088 0.924988 -4.42327 -8.27536 0.924178 -3.60644 -8.70671 0.92819
-2.76068 -9.10075 0.936679 -1.87959 -9.44935 0.948913 -0.959198 -9.7389 0.963839
-1.82812e-15 -9.95185 0.980171 0.991706 -10.069 0.996504 2.00343 -10.0719 1.01143
3.01706 -9.9459 1.02366 4.01038 -9.68191 1.03215 4.95926 -9.27813 1.03616
5.84023 -8.74052 1.03535 6.633 -8.08233 1.02979 7.32265 -7.32265 1.01996
7.90105 -6.48422 1.00669 8.36732 -5.59087 0.991148 8.72736 -4.66487 0.974657
8.99234 -3.72475 0.95864 9.17653 -2.78367 0.944478 9.29477 -1.84884 0.933389
9.3599 -0.921869 0.92633 10 0 6.12323e-16 9.95185 0.980171 6.12323e-16
9.80785 1.9509 6.12323e-16 9.5694 2.90285 6.12323e-16 9.2388 3.82683 6.12323e-16
8.81921 4.71397 6.12323e-16 8.3147 5.5557 6.12323e-16 7.7301 6.34393 6.12323e-16
7.07107 7.07107 6.12323e-16 6.34393 7.7301 6.12323e-16 5.5557 8.3147 6.12323e-16
4.71397 8.81921 6.12323e-16 3.82683 9.2388 6.12323e-16 2.90285 9.5694 6.12323e-16
1.9509 9.80785 6.12323e-16 0.980171 9.95185 6.12323e-16 6.12323e-16 10 6.12323e-16
-0.980171 9.95185 6.12323e-16 -1.9509 9.80785 6.12323e-16 -2.90285 9.5694 6.12323e-16
-3.82683 9.2388 6.12323e-16 -4.71397 8.81921 6.12323e-16 -5.5557 8.3147 6.12323e-16
-6.34393 7.7301 6.12323e-16 -7.07107 7.07107 6.12323e-16 -7.7301 6.34393 6.12323e-16
-8.3147 5.5557 6.12323e-16 -8.81921 4.71397 6.12323e-16 -9.2388 3.82683 6.12323e-16
-9.5694 2.90285 6.12323e-16 -9.80785 1.9509 6.12323e-16 -9.95185 0.980171 6.12323e-16
-10 1.22465e-15 6.12323e-16 -9.95185 -0.980171 6.12323e-16 -9.80785 -1.9509 6.12323e-16
-9.5694 -2.90285 6.12323e-16 -9.2388 -3.82683 6.12323e-16 -8.81921 -4.71397 6.12323e-16
-8.3147 -5.5557 6.12323e-16 -7.7301 -6.34393 6.12323e-16 -7.07107 -7.07107 6.12323e-16
-6.34393 -7.7301 6.12323e-16 -5.5557 -8.3147 6.12323e-16 -4.71397 -8.81921 6.12323e-16
-3.82683 -9.2388 6.12323e-16 -2.90285 -9.5694 6.12323e-16 -1.9509 -9.80785 6.12323e-16
-0.980171 -9.95185 6.12323e-16 -1.83697e-15 -10 6.12323e-16 0.980171 -9.95185 6.12323e-16
1.9509 -9.80785 6.12323e-16 2.90285 -9.5694 6.12323e-16 3.82683 -9.2388 6.12323e-16
4.71397 -8.81921 6.12323e-16 5.5557 -8.3147 6.12323e-16 6.34393 -7.7301 6.12323e-16
7.07107 -7.07107 6.12323e-16 7.7301 -6.34393 6.12323e-16 8.3147 -5.5557 6.12323e-16
8.81921 -4.71397 6.12323e-16 9.2388 -3.82683 6.12323e-16 9.5694 -2.90285 6.12323e-16
9.80785 -1.9509 6.12323e-16 9.95185 -0.980171 6.12323e-16 10.5231 0 -1.03644
10.448 1.02903 -1.03401 10.2265 2.03417 -1.02695 9.87012 2.99407 -1.01587
9.39628 3.89207 -1.0017 8.82613 4.71766 -0.985686 8.18199 5.46703 -0.969195
7.48472 6.14255 -0.953649 6.75139 6.75139 -0.940387 5.99377 7.30343 -0.930551
5.21767 7.8088 -0.924988 4.42327 8.27536 -0.924178 3.60644 8.70671 -0.92819
2.76068 9.10075 -0.936679 1.87959 9.44935 -0.948913 0.959198 9.7389 -0.963839
6.09375e-16 9.95185 -0.980171 -0.991706 10.069 -0.996504 -2.00343 10.0719 -1.01143
-3.01706 9.9459 -1.02366 -4.01038 9.68191 -1.03215 -4.95926 9.27813 -1.03616
-5.84023 8.74052 -1.03535 -6.633 8.08233 -1.02979 -7.32265 7.32265 -1.01996
-7.90105 6.48422 -1.00669 -8.36732 5.59087 -0.991148 -8.72736 4.66487 -0.974657
-8.99234 3.72475 -0.95864 -9.17653 2.78367 -0.944478 -9.29477 1.84884 -0.933389
-9.3599 0.921869 -0.92633 -9.38059 1.14879e-15 -0.923907 -9.3599 -0.921869 -0.92633
-9.29477 -1.84884 -0.933389 -9.17653 -2.78367 -0.944478 -8.99234 -3.72475 -0.95864
-8.72736 -4.66487 -0.974657 -8.36732 -5.59087 -0.991148 -7.90105 -6.48422 -1.00669
-7.32265 -7.32265 -1.01996 -6.633 -8.08233 -1.02979 -5.84023 -8.74052 -1.03535
-4.95926 -9.27813 -1.03616 -4.01038 -9.68191 -1.03215 -3.01706 -9.9459 -1.02366
-2.00343 -10.0719 -1.01143 -0.991706 -10.069 -0.996504 -1.82812e-15 -9.95185 -0.980171
0.959198 -9.7389 -0.963839 1.87959 -9.44935 -0.948913 2.76068 -9.10075 -0.936679
3.60644 -8.70671 -0.92819 4.42327 -8.27536 -0.924178 5.21767 -7.8088 -0.924988
5.99377 -7.30343 -0.930551 6.75139 -6.75139 -0.940387 7.48472 -6.14255 -0.953649
8.18199 -5.46703 -0.969195 8.82613 -4.71766 -0.985686 9.39628 -3.89207 -1.0017
9.87012 -2.99407 -1.01587 10.2265 -2.03417 -1.02695 10.448 -1.02903 -1.03401
10.8481 0 -2.15783 10.7513 1.05891 -2.14892 10.4677 2.08216 -2.12295
10.0171 3.03864 -2.08217 9.42907 3.90565 -2.03009 8.73968 4.67146 -1.97119
7.98619 5.3362 -1.91053 7.2025 5.91094 -1.85336 6.41506 6.41506 -1.80459
5.64002 6.87238 -1.76841 4.88211 7.30659 -1.74795 4.13537 7.73673 -1.74498
3.38551 8.17334 -1.75973 2.61364 8.61601 -1.79095 1.80067 9.05255 -1.83594
0.931739 9.4601 -1.89084 6.00558e-16 9.80785 -1.9509 -0.990937 10.0611 -2.01097
-2.02617 10.1862 -2.06586 -3.0805 10.1551 -2.11086 -4.1211 9.94921 -2.14208
-5.11141 9.56278 -2.15683 -6.01579 9.00327 -2.15385 -6.80406 8.29077 -2.13339
-7.45534 7.45534 -2.09722 -7.96065 6.53313 -2.04845 -8.32368 5.5617 -1.99127
-8.55983 4.57532 -1.93062 -8.69348 3.60096 -1.87172 -8.754 2.6555 -1.81963
-8.77106 1.74467 -1.77885 -8.76993 0.863763 -1.75289 -8.76757 1.07372e-15 -1.74398
-8.76993 -0.863763 -1.75289 -8.77106 -1.74467 -1.77885 -8.754 -2.6555 -1.81963
-8.69348 -3.60096 -1.87172 -8.55983 -4.57532 -1.93062 -8.32368 -5.5617 -1.99127
-7.96065 -6.53313 -2.04845 -7.45534 -7.45534 -2.09722 -6.80406 -8.29077 -2.13339
-6.01579 -9.00327 -2.15385 -5.11141 -9.56278 -2.15683 -4.1211 -9.94921 -2.14208
-3.0805 -10.1551 -2.11086 -2.02617 -10.1862 -2.06586 -0.990937 -10.0611 -2.01097
-1.80167e-15 -9.80785 -1.9509 0.931739 -9.4601 -1.89084 1.80067 -9.05255 -1.83594
2.61364 -8.61601 -1.79095 3.38551 -8.17334 -1.75973 4.13537 -7.73673 -1.74498
4.88211 -7.30659 -1.74795 5.64002 -6.87238 -1.76841 6.41506 -6.41506 -1.80459
7.2025 -5.91094 -1.85336 7.98619 -5.3362 -1.91053 8.73968 -4.67146 -1.97119
9.42907 -3.90565 -2.03009 10.0171 -3.03864 -2.08217 10.4677 -2.08216 -2.12295
10.7513 -1.05891 -2.14892 10.8955 0 -3.30513 10.7863 1.06235 -3.28781
10.467 2.08201 -3.23733 9.96242 3.02207 -3.15805 9.30984 3.85626 -3.05679
8.5541 4.57226 -2.94228 7.74155 5.17274 -2.82437 6.91401 5.67418 -2.71321
6.10352 6.10352 -2.61839 5.32881 6.49317 -2.54807 4.59386 6.8752 -2.50829
3.88885 7.27554 -2.5025 3.19319 7.70904 -2.53119 2.48027 8.17636 -2.59188
1.72316 8.66292 -2.67935 0.900233 9.14022 -2.78607 5.85957e-16 9.5694 -2.90285
-0.975698 9.90643 -3.01962 -2.01063 10.1081 -3.12634 -3.07543 10.1383 -3.21381
-4.13092 9.97291 -3.27451 -5.13312 9.60338 -3.30319 -6.03909 9.03813 -3.2974
-6.81272 8.30133 -3.25763 -7.42966 7.42966 -3.1873 -7.88049 6.46735 -3.09248
-8.17178 5.46021 -2.98133 -8.32482 4.44971 -2.86342 -8.37211 3.46784 -2.7489
-8.35228 2.53364 -2.64764 -8.30407 1.65178 -2.56836 -8.26039 0.813578 -2.51789
-8.24326 1.00951e-15 -2.50056 -8.26039 -0.813578 -2.51789 -8.30407 -1.65178 -2.56836
-8.35228 -2.53364 -2.64764 -8.37211 -3.46784 -2.7489 -8.32482 -4.44971 -2.86342
-8.17178 -5.46021 -2.98133 -7.88049 -6.46735 -3.09248 -7.42966 -7.42966 -3.1873
-6.81272 -8.30133 -3.25763 -6.03909 -9.03813 -3.2974 -5.13312 -9.60338 -3.30319
-4.13092 -9.97291 -3.27451 -3.07543 -10.1383 -3.21381 -2.01063 -10.1081 -3.12634
-0.975698 -9.90643 -3.01962 -1.75787e-15 -9.5694 -2.90285 0.900233 -9.14022 -2.78607
1.72316 -8.66292 -2.67935 2.48027 -8.17636 -2.59188 3.19319 -7.70904 -2.53119
3.88885 -7.27554 -2.5025 4.59386 -6.8752 -2.50829 5.32881 -6.49317 -2.54807
6.10352 -6.10352 -2.61839 6.91401 -5.67418 -2.71321 7.74155 -5.17274 -2.82437
8.5541 -4.57226 -2.94228 9.30984 -3.85626 -3.05679 9.96242 -3.02207 -3.15805
10.467 -2.08201 -3.23733 10.7863 -1.06235 -3.28781 10.6246 0 -4.40086
10.5141 1.03555 -4.37614 10.1914 2.0272 -4.30412 9.68227 2.93709 -4.19099
9.02549 3.73848 -4.0465 8.26768 4.41917 -3.8831 7.45698 4.9826 -3.71485
6.6367 5.4466 -3.55624 5.83991 5.83991 -3.42094 5.08568 6.19692 -3.32059
4.37767 6.55165 -3.26384 3.70501 6.93159 -3.25557 3.04557 7.35266 -3.2965
2.37091 7.81585 -3.38311 1.6522 8.30615 -3.50792 0.86613 8.79396 -3.6602
5.65713e-16 9.2388 -3.82683 -0.944991 9.59465 -3.99346 -1.9526 9.8164 -4.14575
-2.99285 9.8661 -4.27056 -4.0255 9.7184 -4.35716 -5.00526 9.36419 -4.3981
-5.88793 8.8119 -4.38983 -6.63637 8.08645 -4.33308 -7.22572 7.22572 -4.23273
-7.64667 6.27546 -4.09743 -7.90657 5.283 -3.93882 -8.0281 4.29111 -3.77057
-8.04557 3.33259 -3.60716 -7.99968 2.42668 -3.46268 -7.93115 1.5776 -3.34955
-7.87455 0.775575 -3.27753 -7.85298 9.61712e-16 -3.25281 -7.87455 -0.775575 -3.27753
-7.93115 -1.5776 -3.34955 -7.99968 -2.42668 -3.46268 -8.04557 -3.33259 -3.60716
-8.0281 -4.29111 -3.77057 -7.90657 -5.283 -3.93882 -7.64667 -6.27546 -4.09743
-7.22572 -7.22572 -4.23273 -6.63637 -8.08645 -4.33308 -5.88793 -8.8119 -4.38983
-5.00526 -9.36419 -4.3981 -4.0255 -9.7184 -4.35716 -2.99285 -9.8661 -4.27056
-1.9526 -9.8164 -4.14575 -0.944991 -9.59465 -3.99346 -1.69714e-15 -9.2388 -3.82683
0.86613 -8.79396 -3.6602 1.6522 -8.30615 -3.50792 2.37091 -7.81585 -3.38311
3.04557 -7.35266 -3.2965 3.70501 -6.93159 -3.25557 4.37767 -6.55165 -3.26384
5.08568 -6.19692 -3.32059 5.83991 -5.83991 -3.42094 6.6367 -5.4466 -3.55624
7.45698 -4.9826 -3.71485 8.26768 -4.41917 -3.8831 9.02549 -3.73848 -4.0465
9.68227 -2.93709 -4.19099 10.1914 -2.0272 -4.30412 10.5141 -1.03555 -4.37614
10.0414 0 -5.36724 9.94067 0.979071 -5.33911 9.64644 1.9188 -5.25714
9.18142 2.78515 -5.1284 8.58 3.55395 -4.96396 7.8835 4.21382 -4.778
7.13465 4.76722 -4.58652 6.37199 5.22935 -4.40602 5.62503 5.62503 -4.25204
4.91106 5.98414 -4.13783 4.23373 6.33623 -4.07325 3.58399 6.70517 -4.06384
2.94286 7.10469 -4.11042 2.28583 7.53538 -4.20898 1.58808 7.98379 -4.35103
0.829659 8.42367 -4.52433 5.40021e-16 8.81921 -4.71397 -0.899209 9.12982 -4.9036
-1.85301 9.31572 -5.07691 -2.83433 9.34354 -5.21895 -3.80707 9.19109 -5.31751
-4.73071 8.85053 -5.36409 -5.56565 8.32959 -5.35469 -6.27864 7.65055 -5.2901
-6.84722 6.84722 -5.1759 -7.2627 5.96034 -5.02192 -7.53116 5.03216 -4.84141
-7.6722 4.10088 -4.64994 -7.71578 3.19598 -4.46397 -7.6975 2.33501 -4.29954
-7.65307 1.52229 -4.17079 -7.61282 0.749797 -4.08883 -7.59703 9.30368e-16 -4.0607
-7.61282 -0.749797 -4.08883 -7.65307 -1.52229 -4.17079 -7.6975 -2.33501 -4.29954
-7.71578 -3.19598 -4.46397 -7.6722 -4.10088 -4.64994 -7.53116 -5.03216 -4.84141
-7.2627 -5.96034 -5.02192 -6.84722 -6.84722 -5.1759 -6.27864 -7.65055 -5.2901
-5.56565 -8.32959 -5.35469 -4.73071 -8.85053 -5.36409 -3.80707 -9.19109 -5.31751
-2.83433 -9.34354 -5.21895 -1.85301 -9.31572 -5.07691 -0.899209 -9.12982 -4.9036
-1.62006e-15 -8.81921 -4.71397 0.829659 -8.42367 -4.52433 1.58808 -7.98379 -4.35103
2.28583 -7.53538 -4.20898 2.94286 -7.10469 -4.11042 3.58399 -6.70517 -4.06384
4.23373 -6.33623 -4.07325 4.91106 -5.98414 -4.13783 5.62503 -5.62503 -4.25204
6.37199 -5.22935 -4.40602 7.13465 -4.76722 -4.58652 7.8835 -4.21382 -4.778
8.58 -3.55395 -4.96396 9.18142 -2.78515 -5.1284 9.64644 -1.9188 -5.25714
9.94067 -0.979071 -5.33911 9.1966 0 -6.14497 9.11453 0.897703 -6.1196
8.87412 1.76517 -6.04566 8.49205 2.57604 -5.92953 7.99358 3.31105 -5.78121
7.40914 3.96027 -5.61346 6.77036 4.52381 -5.44074 6.10599 5.01105 -5.27792
5.43842 5.43842 -5.13902 4.78137 5.82612 -5.03601 4.13885 6.19423 -4.97775
3.50579 6.55888 -4.96927 2.8701 6.92902 -5.01129 2.21574 7.3043 -5.10019
1.52653 7.67439 -5.22832 0.78989 8.01989 -5.38465 5.09128e-16 8.3147 -5.5557
-0.840075 8.52943 -5.72676 -1.7177 8.63548 -5.88308 -2.61152 8.60904 -6.01122
-3.4937 8.43453 -6.10012 -4.33325 8.10693 -6.14214 -5.09994 7.63261 -6.13365
-5.7682 7.02857 -6.07539 -6.32033 6.32033 -5.97238 -6.74871 5.53852 -5.83348
-7.05647 4.71498 -5.67066 -7.25667 3.87877 -5.49794 -7.36998 3.05274 -5.3302
-7.42128 2.25122 -5.18187 -7.43574 1.47906 -5.06574 -7.43479 0.732263 -4.99181
-7.43279 9.10254e-16 -4.96643 -7.43479 -0.732263 -4.99181 -7.43574 -1.47906 -5.06574
-7.42128 -2.25122 -5.18187 -7.36998 -3.05274 -5.3302 -7.25667 -3.87877 -5.49794
-7.05647 -4.71498 -5.67066 -6.74871 -5.53852 -5.83348 -6.32033 -6.32033 -5.97238
-5.7682 -7.02857 -6.07539 -5.09994 -7.63261 -6.13365 -4.33325 -8.10693 -6.14214
-3.4937 -8.43453 -6.10012 -2.61152 -8.60904 -6.01122 -1.7177 -8.63548 -5.88308
-0.840075 -8.52943 -5.72676 -1.52738e-15 -8.3147 -5.5557 0.78989 -8.01989 -5.38465
1.52653 -7.67439 -5.22832 2.21574 -7.3043 -5.10019 2.8701 -6.92902 -5.01129
3.50579 -6.55888 -4.96927 4.13885 -6.19423 -4.97775 4.78137 -5.82612 -5.03601
5.43842 -5.43842 -5.13902 6.10599 -5.01105 -5.27792 6.77036 -4.52381 -5.44074
7.40914 -3.96027 -5.61346 7.99358 -3.31105 -5.78121 8.49205 -2.57604 -5.92953
8.87412 -1.76517 -6.04566 9.11453 -0.897703 -6.1196 8.17383 0 -6.70809
8.11546 0.799303 -6.69241 7.94343 1.58005 -6.64672 7.66663 2.32565 -6.57495
7.29857 3.02317 -6.48329 6.8557 3.66445 -6.37963 6.35537 4.24652 -6.27289
5.81376 4.77123 -6.17227 5.24415 5.24415 -6.08643 4.65567 5.67295 -6.02277
4.05283 6.06549 -5.98677 3.43578 6.4279 -5.98153 2.8013 6.76294 -6.00749
2.14436 7.06901 -6.06244 1.45997 7.33979 -6.14162 0.745057 7.56469 -6.23822
4.73332e-16 7.7301 -6.34393 -0.770308 7.82107 -6.44964 -1.55616 7.82336 -6.54625
-2.3435 7.72548 -6.62543 -3.11506 7.52043 -6.68037 -3.85211 7.20679 -6.70634
-4.5364 6.7892 -6.70109 -5.15219 6.27796 -6.66509 -5.68787 5.68787 -6.60143
-6.13714 5.03662 -6.5156 -6.49932 4.34271 -6.41498 -6.77899 3.62344 -6.30824
-6.9848 2.8932 -6.20458 -7.12787 2.16222 -6.11291 -7.21972 1.43609 -6.04115
-7.27031 0.716063 -5.99546 -7.28638 8.92324e-16 -5.97977 -7.27031 -0.716063 -5.99546
-7.21972 -1.43609 -6.04115 -7.12787 -2.16222 -6.11291 -6.9848 -2.8932 -6.20458
-6.77899 -3.62344 -6.30824 -6.49932 -4.34271 -6.41498 -6.13714 -5.03662 -6.5156
-5.68787 -5.68787 -6.60143 -5.15219 -6.27796 -6.66509 -4.5364 -6.7892 -6.70109
-3.85211 -7.20679 -6.70634 -3.11506 -7.52043 -6.68037 -2.3435 -7.72548 -6.62543
-1.55616 -7.82336 -6.54625 -0.770308 -7.82107 -6.44964 -1.42e-15 -7.7301 -6.34393
0.745057 -7.56469 -6.23822 1.45997 -7.33979 -6.14162 2.14436 -7.06901 -6.06244
2.8013 -6.76294 -6.00749 3.43578 -6.4279 -5.98153 4.05283 -6.06549 -5.98677
4.65567 -5.67295 -6.02277 5.24415 -5.24415 -6.08643 5.81376 -4.77123 -6.17227
6.35537 -4.24652 -6.27289 6.8557 -3.66445 -6.37963 7.29857 -3.02317 -6.48329
7.66663 -2.32565 -6.57495 7.94343 -1.58005 -6.64672 8.11546 -0.799303 -6.69241
7.07107 0 -7.07107 7.03702 0.693086 -7.07107 6.9352 1.3795 -7.07107
6.76659 2.05262 -7.07107 6.53281 2.70598 -7.07107 6.23612 3.33328 -7.07107
5.87938 3.92847 -7.07107 5.46601 4.48584 -7.07107 5 5 -7.07107
4.48584 5.46601 -7.07107 3.92847 5.87938 -7.07107 3.33328 6.23612 -7.07107
2.70598 6.53281 -7.07107 2.05262 6.76659 -7.07107 1.3795 6.9352 -7.07107
0.693086 7.03702 -7.07107 4.32978e-16 7.07107 -7.07107 -0.693086 7.03702 -7.07107
-1.3795 6.9352 -7.07107 -2.05262 6.76659 -7.07107 -2.70598 6.53281 -7.07107
-3.33328 6.23612 -7.07107 -3.92847 5.87938 -7.07107 -4.48584 5.46601 -7.07107
-5 5 -7.07107 -5.46601 4.48584 -7.07107 -5.87938 3.92847 -7.07107
-6.23612 3.33328 -7.07107 -6.53281 2.70598 -7.07107 -6.76659 2.05262 -7.07107
-6.9352 1.3795 -7.07107 -7.03702 0.693086 -7.07107 -7.07107 8.65956e-16 -7.07107
-7.03702 -0.693086 -7.07107 -6.9352 -1.3795 -7.07107 -6.76659 -2.05262 -7.07107
-6.53281 -2.70598 -7.07107 -6.23612 -3.33328 -7.07107 -5.87938 -3.92847 -7.07107
-5.46601 -4.48584 -7.07107 -5 -5 -7.07107 -4.48584 -5.46601 -7.07107
-3.92847 -5.87938 -7.07107 -3.33328 -6.23612 -7.07107 -2.70598 -6.53281 -7.07107
-2.05262 -6.76659 -7.07107 -1.3795 -6.9352 -7.07107 -0.693086 -7.03702 -7.07107
-1.29893e-15 -7.07107 -7.07107 0.693086 -7.03702 -7.07107 1.3795 -6.9352 -7.07107
2.05262 -6.76659 -7.07107 2.70598 -6.53281 -7.07107 3.33328 -6.23612 -7.07107
3.92847 -5.87938 -7.07107 4.48584 -5.46601 -7.07107 5 -5 -7.07107
5.46601 -4.48584 -7.07107 5.87938 -3.92847 -7.07107 6.23612 -3.33328 -7.07107
6.53281 -2.70598 -7.07107 6.76659 -2.05262 -7.07107 6.9352 -1.3795 -7.07107
7.03702 -0.693086 -7.07107 5.97977 0 -7.28638 5.96659 0.587657 -7.30548
5.92507 1.17857 -7.36116 5.84969 1.77449 -7.44861 5.73228 2.37439 -7.5603
5.56337 2.97368 -7.68661 5.33386 3.56397 -7.81667 5.03662 4.13345 -7.93928
4.66792 4.66792 -8.04387 4.22829 5.15219 -8.12144 3.72293 5.57176 -8.16531
3.16135 5.91446 -8.1717 2.55647 6.17186 -8.14006 1.92326 6.34014 -8.07311
1.27711 6.42046 -7.97663 0.632176 6.41859 -7.85891 3.88454e-16 6.34393 -7.7301
-0.611453 6.20818 -7.6013 -1.19817 6.02361 -7.48358 -1.75983 5.80139 -7.3871
-2.29897 5.5502 -7.32015 -2.81967 5.27524 -7.28851 -3.32607 4.97782 -7.2949
-3.82081 4.65567 -7.33877 -4.30376 4.30376 -7.41634 -4.77123 3.91565 -7.52093
-5.21572 3.48503 -7.64354 -5.62633 3.00734 -7.7736 -5.98978 2.48105 -7.89991
-6.29184 1.90861 -8.0116 -6.519 1.29671 -8.09905 -6.66018 0.655971 -8.15473
-6.70809 8.21504e-16 -8.17383 -6.66018 -0.655971 -8.15473 -6.519 -1.29671 -8.09905
-6.29184 -1.90861 -8.0116 -5.98978 -2.48105 -7.89991 -5.62633 -3.00734 -7.7736
-5.21572 -3.48503 -7.64354 -4.77123 -3.91565 -7.52093 -4.30376 -4.30376 -7.41634
-3.82081 -4.65567 -7.33877 -3.32607 -4.97782 -7.2949 -2.81967 -5.27524 -7.28851
-2.29897 -5.5502 -7.32015 -1.75983 -5.80139 -7.3871 -1.19817 -6.02361 -7.48358
-0.611453 -6.20818 -7.6013 -1.16536e-15 -6.34393 -7.7301 0.632176 -6.41859 -7.85891
1.27711 -6.42046 -7.97663 1.92326 -6.34014 -8.07311 2.55647 -6.17186 -8.14006
3.16135 -5.91446 -8.1717 3.72293 -5.57176 -8.16531 4.22829 -5.15219 -8.12144
4.66792 -4.66792 -8.04387 5.03662 -4.13345 -7.93928 5.33386 -3.56397 -7.81667
5.56337 -2.97368 -7.68661 5.73228 -2.37439 -7.5603 5.84969 -1.77449 -7.44861
5.92507 -1.17857 -7.36116 5.96659 -0.587657 -7.30548 4.96643 0 -7.43279
4.96777 0.489282 -7.47076 4.9684 0.988277 -7.58142 4.95874 1.50422 -7.75522
4.92446 2.03978 -7.97721 4.84875 2.59171 -8.22825 4.71498 3.15045 -8.48675
4.50934 3.70072 -8.73042 4.22311 4.22311 -8.9383 3.85419 4.69634 -9.09247
3.40767 5.09994 -9.17966 2.89538 5.41688 -9.19236 2.33441 5.63577 -9.12947
1.74496 5.75237 -8.99642 1.14773 5.77004 -8.80466 0.561321 5.69918 -8.5707
3.40189e-16 5.5557 -8.3147 -0.527788 5.35872 -8.05869 -1.01999 5.12786 -7.82474
-1.48051 4.88058 -7.63297 -1.91774 4.62983 -7.49992 -2.3425 4.3825 -7.43704
-2.76549 4.13885 -7.44974 -3.19481 3.89289 -7.53692 -3.63384 3.63384 -7.69109
-4.07989 3.34828 -7.89897 -4.52381 3.02271 -8.14264 -4.95063 2.64617 -8.40114
-5.34114 2.21237 -8.65219 -5.67421 1.72125 -8.87417 -5.9295 1.17945 -9.04797
-6.09013 0.599826 -9.15863 -6.14497 7.52542e-16 -9.1966 -6.09013 -0.599826 -9.15863
-5.9295 -1.17945 -9.04797 -5.67421 -1.72125 -8.87417 -5.34114 -2.21237 -8.65219
-4.95063 -2.64617 -8.40114 -4.52381 -3.02271 -8.14264 -4.07989 -3.34828 -7.89897
-3.63384 -3.63384 -7.69109 -3.19481 -3.89289 -7.53692 -2.76549 -4.13885 -7.44974
-2.3425 -4.3825 -7.43704 -1.91774 -4.62983 -7.49992 -1.48051 -4.88058 -7.63297
-1.01999 -5.12786 -7.82474 -0.527788 -5.35872 -8.05869 -1.02057e-15 -5.5557 -8.3147
0.561321 -5.69918 -8.5707 1.14773 -5.77004 -8.80466 1.74496 -5.75237 -8.99642
2.33441 -5.63577 -9.12947 2.89538 -5.41688 -9.19236 3.40767 -5.09994 -9.17966
3.85419 -4.69634 -9.09247 4.22311 -4.22311 -8.9383 4.50934 -3.70072 -8.73042
4.71498 -3.15045 -8.48675 4.84875 -2.59171 -8.22825 4.92446 -2.03978 -7.97721
4.95874 -1.50422 -7.75522 4.9684 -0.988277 -7.58142 4.96777 -0.489282 -7.47076
4.0607 0 -7.59703 4.06914 0.400775 -7.64966 4.09065 0.813681 -7.803
4.1144 1.24809 -8.04387 4.12417 1.70829 -8.3515 4.10088 2.19196 -8.69942
4.02549 2.68975 -9.05765 3.88199 3.18587 -9.39535 3.65991 3.65991 -9.68343
3.356 4.0893 -9.89708 2.9749 4.45226 -10.0179 2.52862 4.73071 -10.0355
2.03492 4.91274 -9.94836 1.51498 4.99423 -9.76397 0.990455 4.97935 -9.49822
0.480637 4.87999 -9.17399 2.88647e-16 4.71397 -8.81921 -0.443462 4.50255 -8.46443
-0.848844 4.26743 -8.1402 -1.2218 4.02774 -7.87445 -1.57299 3.79754 -7.69006
-1.91568 3.58399 -7.60291 -2.26298 3.38678 -7.62051 -2.62501 3.19859 -7.74134
-3.00664 3.00664 -7.955 -3.4059 2.79515 -8.24308 -3.81355 2.54813 -8.58078
-4.21382 2.25233 -8.93901 -4.5861 1.89963 -9.28692 -4.90757 1.4887 -9.59456
-5.15613 1.02562 -9.83542 -5.3134 0.523324 -9.98877 -5.36724 6.57297e-16 -10.0414
-5.3134 -0.523324 -9.98877 -5.15613 -1.02562 -9.83542 -4.90757 -1.4887 -9.59456
-4.5861 -1.89963 -9.28692 -4.21382 -2.25233 -8.93901 -3.81355 -2.54813 -8.58078
-3.4059 -2.79515 -8.24308 -3.00664 -3.00664 -7.955 -2.62501 -3.19859 -7.74134
-2.26298 -3.38678 -7.62051 -1.91568 -3.58399 -7.60291 -1.57299 -3.79754 -7.69006
-1.2218 -4.02774 -7.87445 -0.848844 -4.26743 -8.1402 -0.443462 -4.50255 -8.46443
-8.65942e-16 -4.71397 -8.81921 0.480637 -4.87999 -9.17399 0.990455 -4.97935 -9.49822
1.51498 -4.99423 -9.76397 2.03492 -4.91274 -9.94836 2.52862 -4.73071 -10.0355
2.9749 -4.45226 -10.0179 3.356 -4.0893 -9.89708 3.65991 -3.65991 -9.68343
3.88199 -3.18587 -9.39535 4.02549 -2.68975 -9.05765 4.10088 -2.19196 -8.69942
4.12417 -1.70829 -8.3515 4.1144 -1.24809 -8.04387 4.09065 -0.813681 -7.803
4.06914 -0.400775 -7.64966 3.25281 0 -7.85298 3.26174 0.321254 -7.91265
3.28519 0.653465 -8.08653 3.31358 1.00516 -8.35964 3.33259 1.3804 -8.70847
3.32535 1.77743 -9.10296 3.27501 2.18829 -9.50916 3.16735 2.59938 -9.89207
2.99299 2.99299 -10.2187 2.74888 3.34952 -10.461 2.43886 3.65001 -10.598
2.07325 3.87877 -10.6179 1.66741 4.0255 -10.5191 1.23968 4.08667 -10.31
0.808795 4.06609 -10.0087 0.391428 3.97424 -9.64108 2.34326e-16 3.82683 -9.2388
-0.358763 3.64258 -8.83651 -0.684362 3.44052 -8.46887 -0.982064 3.23743 -8.16754
-1.26152 3.04557 -7.95847 -1.53467 2.87116 -7.85965 -1.81329 2.71378 -7.8796
-2.10656 2.56685 -8.01661 -2.41897 2.41897 -8.25887 -2.74901 2.25606 -8.58552
-3.08878 2.06386 -8.96844 -3.42459 1.83048 -9.37463 -3.73848 1.54853 -9.76912
-4.01053 1.21658 -10.1179 -4.22142 0.839692 -10.3911 -4.35507 0.428937 -10.5649
-4.40086 5.3895e-16 -10.6246 -4.35507 -0.428937 -10.5649 -4.22142 -0.839692 -10.3911
-4.01053 -1.21658 -10.1179 -3.73848 -1.54853 -9.76912 -3.42459 -1.83048 -9.37463
-3.08878 -2.06386 -8.96844 -2.74901 -2.25606 -8.58552 -2.41897 -2.41897 -8.25887
-2.10656 -2.56685 -8.01661 -1.81329 -2.71378 -7.8796 -1.53467 -2.87116 -7.85965
-1.26152 -3.04557 -7.95847 -0.982064 -3.23743 -8.16754 -0.684362 -3.44052 -8.46887
-0.358763 -3.64258 -8.83651 -7.02978e-16 -3.82683 -9.2388 0.391428 -3.97424 -9.64108
0.808795 -4.06609 -10.0087 1.23968 -4.08667 -10.31 1.66741 -4.0255 -10.5191
2.07325 -3.87877 -10.6179 2.43886 -3.65001 -10.598 2.74888 -3.34952 -10.461
2.99299 -2.99299 -10.2187 3.16735 -2.59938 -9.89207 3.27501 -2.18829 -9.50916
3.32535 -1.77743 -9.10296 3.33259 -1.3804 -8.70847 3.31358 -1.00516 -8.35964
3.28519 -0.653465 -8.08653 3.26174 -0.321254 -7.91265 2.50056 0 -8.24326
2.50576 0.246796 -8.30036 2.51901 0.501062 -8.46675 2.53364 0.76857 -8.7281
2.53965 1.05196 -9.06191 2.52531 1.34981 -9.43942 2.47888 1.65634 -9.82812
2.39052 1.96185 -10.1945 2.25376 2.25376 -10.5071 2.06662 2.51818 -10.739
1.83194 2.74169 -10.8701 1.55711 2.91316 -10.8892 1.2531 3.02525 -10.7946
0.932921 3.07543 -10.5945 0.609919 3.06627 -10.3062 0.295975 3.00508 -9.95436
1.77748e-16 2.90285 -9.5694 -0.273083 2.77265 -9.18444 -0.522715 2.62787 -8.83264
-0.752383 2.48027 -8.54428 -0.968643 2.33851 -8.3442 -1.17967 2.20701 -8.24964
-1.39353 2.08557 -8.26874 -1.61648 1.96968 -8.39985 -1.85148 1.85148 -8.63168
-2.09734 1.72124 -8.94426 -2.34837 1.56913 -9.31069 -2.59486 1.38698 -9.69939
-2.82411 1.16978 -10.0769 -3.02207 0.916734 -10.4107 -3.17513 0.631572 -10.6721
-3.27198 0.322261 -10.8384 -3.30513 4.04762e-16 -10.8955 -3.27198 -0.322261 -10.8384
-3.17513 -0.631572 -10.6721 -3.02207 -0.916734 -10.4107 -2.82411 -1.16978 -10.0769
-2.59486 -1.38698 -9.69939 -2.34837 -1.56913 -9.31069 -2.09734 -1.72124 -8.94426
-1.85148 -1.85148 -8.63168 -1.61648 -1.96968 -8.39985 -1.39353 -2.08557 -8.26874
-1.17967 -2.20701 -8.24964 -0.968643 -2.33851 -8.3442 -0.752383 -2.48027 -8.54428
-0.522715 -2.62787 -8.83264 -0.273083 -2.77265 -9.18444 -5.33244e-16 -2.90285 -9.5694
0.295975 -3.00508 -9.95436 0.609919 -3.06627 -10.3062 0.932921 -3.07543 -10.5945
1.2531 -3.02525 -10.7946 1.55711 -2.91316 -10.8892 1.83194 -2.74169 -10.8701
2.06662 -2.51818 -10.739 2.25376 -2.25376 -10.5071 2.39052 -1.96185 -10.1945
2.47888 -1.65634 -9.82812 2.52531 -1.34981 -9.43942 2.53965 -1.05196 -9.06191
2.53364 -0.76857 -8.7281 2.51901 -0.501062 -8.46675 2.50576 -0.246796 -8.30036
1.74398 0 -8.76757 1.74445 0.171813 -8.81237 1.74467 0.347037 -8.94289
1.74128 0.528211 -9.14791 1.72924 0.716275 -9.40975 1.70266 0.910088 -9.70589
1.65568 1.10629 -10.0108 1.58347 1.29952 -10.2982 1.48296 1.48296 -10.5434
1.35341 1.64914 -10.7253 1.19662 1.79086 -10.8281 1.01672 1.90216 -10.8431
0.819737 1.97902 -10.7689 0.61275 2.01997 -10.612 0.40303 2.02617 -10.3858
0.19711 2.00129 -10.1098 1.19458e-16 1.9509 -9.80785 -0.185334 1.88173 -9.50588
-0.358175 1.80067 -9.2299 -0.519885 1.71383 -9.00371 -0.673419 1.62578 -8.84676
-0.822576 1.53893 -8.77258 -0.971112 1.45337 -8.78756 -1.12187 1.367 -8.89041
-1.27603 1.27603 -9.07226 -1.43267 1.17576 -9.31747 -1.58855 1.06144 -9.6049
-1.73843 0.92921 -9.90982 -1.87556 0.776882 -10.206 -1.99252 0.604423 -10.4678
-2.08216 0.414168 -10.6728 -2.13857 0.210631 -10.8033 -2.15783 2.64258e-16 -10.8481
-2.13857 -0.210631 -10.8033 -2.08216 -0.414168 -10.6728 -1.99252 -0.604423 -10.4678
-1.87556 -0.776882 -10.206 -1.73843 -0.92921 -9.90982 -1.58855 -1.06144 -9.6049
-1.43267 -1.17576 -9.31747 -1.27603 -1.27603 -9.07226 -1.12187 -1.367 -8.89041
-0.971112 -1.45337 -8.78756 -0.822576 -1.53893 -8.77258 -0.673419 -1.62578 -8.84676
-0.519885 -1.71383 -9.00371 -0.358175 -1.80067 -9.2299 -0.185334 -1.88173 -9.50588
-3.58375e-16 -1.9509 -9.80785 0.19711 -2.00129 -10.1098 0.40303 -2.02617 -10.3858
0.61275 -2.01997 -10.612 0.819737 -1.97902 -10.7689 1.01672 -1.90216 -10.8431
1.19662 -1.79086 -10.8281 1.35341 -1.64914 -10.7253 1.48296 -1.48296 -10.5434
1.58347 -1.29952 -10.2982 1.65568 -1.10629 -10.0108 1.70266 -0.910088 -9.70589
1.72924 -0.716275 -9.40975 1.74128 -0.528211 -9.14791 1.74467 -0.347037 -8.94289
1.74445 -0.171813 -8.81237 0.923907 0 -9.38059 0.921869 0.0907962 -9.40518
0.915455 0.182095 -9.47686 0.903809 0.274167 -9.58944 0.885668 0.366856 -9.73324
0.85957 0.45945 -9.89585 0.824109 0.550652 -10.0633 0.778185 0.63864 -10.2211
0.721218 0.721218 -10.3558 0.653293 0.79604 -10.4557 0.575212 0.860866 -10.5121
0.488445 0.913816 -10.5204 0.394988 0.953585 -10.4796 0.297154 0.979586 -10.3934
0.19732 0.991996 -10.2692 0.0976745 0.991706 -10.1177 6.00182e-17 0.980171 -9.95185
-0.0944727 0.959198 -9.78602 -0.185124 0.93068 -9.63447 -0.271903 0.896345 -9.51026
-0.355203 0.857536 -9.42407 -0.435655 0.815052 -9.38334 -0.513896 0.7691 -9.39156
-0.590335 0.719325 -9.44804 -0.664954 0.664954 -9.5479 -0.73718 0.604988 -9.68256
-0.805856 0.538456 -9.8404 -0.869298 0.464649 -10.0078 -0.925453 0.383335 -10.1705
-0.972122 0.29489 -10.3143 -1.00722 0.200349 -10.4268 -1.02903 0.101351 -10.4985
-1.03644 1.26927e-16 -10.5231 -1.02903 -0.101351 -10.4985 -1.00722 -0.200349 -10.4268
-0.972122 -0.29489 -10.3143 -0.925453 -0.383335 -10.1705 -0.869298 -0.464649 -10.0078
-0.805856 -0.538456 -9.8404 -0.73718 -0.604988 -9.68256 -0.664954 -0.664954 -9.5479
-0.590335 -0.719325 -9.44804 -0.513896 -0.7691 -9.39156 -0.435655 -0.815052 -9.38334
-0.355203 -0.857536 -9.42407 -0.271903 -0.896345 -9.51026 -0.185124 -0.93068 -9.63447
-0.0944727 -0.959198 -9.78602 -1.80055e-16 -0.980171 -9.95185 0.0976745 -0.991706 -10.1177
0.19732 -0.991996 -10.2692 0.297154 -0.979586 -10.3934 0.394988 -0.953585 -10.4796
0.488445 -0.913816 -10.5204 0.575212 -0.860866 -10.5121 0.653293 -0.79604 -10.4557
0.721218 -0.721218 -10.3558 0.778185 -0.63864 -10.2211 0.824109 -0.550652 -10.0633
0.85957 -0.45945 -9.89585 0.885668 -0.366856 -9.73324 0.903809 -0.274167 -9.58944
0.915455 -0.182095 -9.47686 0.921869 -0.0907962 -9.40518 1.22465e-15 0 -10
1.21875e-15 1.20036e-16 -10 1.20112e-15 2.38917e-16 -10 1.17191e-15 3.55496e-16 -10
1.13143e-15 4.68652e-16 -10 1.08004e-15 5.77295e-16 -10 1.01826e-15 6.80377e-16 -10
9.46665e-16 7.76908e-16 -10 8.65956e-16 8.65956e-16 -10 7.76908e-16 9.46665e-16 -10
6.80377e-16 1.01826e-15 -10 5.77295e-16 1.08004e-15 -10 4.68652e-16 1.13143e-15 -10
3.55496e-16 1.17191e-15 -10 2.38917e-16 1.20112e-15 -10 1.20036e-16 1.21875e-15 -10
7.4988e-32 1.22465e-15 -10 -1.20036e-16 1.21875e-15 -10 -2.38917e-16 1.20112e-15 -10
-3.55496e-16 1.17191e-15 -10 -4.68652e-16 1.13143e-15 -10 -5.77295e-16 1.08004e-15 -10
-6.80377e-16 1.01826e-15 -10 -7.76908e-16 9.46665e-16 -10 -8.65956e-16 8.65956e-16 -10
-9.46665e-16 7.76908e-16 -10 -1.01826e-15 6.80377e-16 -10 -1.08004e-15 5.77295e-16 -10
-1.13143e-15 4.68652e-16 -10 -1.17191e-15 3.55496e-16 -10 -1.20112e-15 2.38917e-16 -10
-1.21875e-15 1.20036e-16 -10 -1.22465e-15 1.49976e-31 -10 -1.21875e-15 -1.20036e-16 -10
-1.20112e-15 -2.38917e-16 -10 -1.17191e-15 -3.55496e-16 -10 -1.13143e-15 -4.68652e-16 -10
-1.08004e-15 -5.77295e-16 -10 -1.01826e-15 -6.80377e-16 -10 -9.46665e-16 -7.76908e-16 -10
-8.65956e-16 -8.65956e-16 -10 -7.76908e-16 -9.46665e-16 -10 -6.80377e-16 -1.01826e-15 -10
-5.77295e-16 -1.08004e-15 -10 -4.68652e-16 -1.13143e-15 -10 -3.55496e-16 -1.17191e-15 -10
-2.38917e-16 -1.20112e-15 -10 -1.20036e-16 -1.21875e-15 -10 -2.24964e-31 -1.22465e-15 -10
1.20036e-16 -1.21875e-15 -10 2.38917e-16 -1.20112e-15 -10 3.55496e-16 -1.17191e-15 -10
4.68652e-16 -1.13143e-15 -10 5.77295e-16 -1.08004e-15 -10 6.80377e-16 -1.01826e-15 -10
7.76908e-16 -9.46665e-16 -10 8.65956e-16 -8.65956e-16 -10 9.46665e-16 -7.76908e-16 -10
1.01826e-15 -6.80377e-16 -10 1.08004e-15 -5.77295e-16 -10 1.13143e-15 -4.68652e-16 -10
1.17191e-15 -3.55496e-16 -10 1.20112e-15 -2.38917e-16 -10 1.21875e-15 -1.20036e-16 -10
METADATA
INFORMATION 0

POLYGONS 3969 11904
OFFSETS vtktypeint64
0 3 6 9 12 15 18 21 24
27 30 33 36 39 42 45 48 51
54 57 60 63 66 69 72 75 78
81 84 87 90 93 96 99 102 105
108 111 114 117 120 123 126 129 132
135 138 141 144 147 150 153 156 159
162 165 168 171 174 177 180 183 186
189 192 195 198 201 204 207 210 213
216 219 222 225 228 231 234 237 240
243 246 249 252 255 258 261 264 267
270 273 276 279 282 285 288 291 294
297 300 303 306 309 312 315 318 321
324 327 330 333 336 339 342 345 348
351 354 357 360 363 366 369 372 375
378 381 384 387 390 393 396 399 402
405 408 411 414 417 420 423 426 429
432 435 438 441 444 447 450 453 456
459 462 465 468 471 474 477 480 483
486 489 492 495 498 501 504 507 510
513 516 519 522 525 528 531 534 537
540 543 546 549 552 555 558 561 564
567 570 573 576 579 582 585 588 591
594 597 600 603 606 609 612 615 618
621 624 627 630 633 636 639 642 645
648 651 654 657 660 663 666 669 672
675 678 681 684 687 690 693 696 699
702 705 708 711 714 717 720 723 726
729 732 735 738 741 744 747 750 753
756 759 762 765 768 771 774 777 780
783 786 789 792 795 798 801 804 807
810 813 816 819 822 825 828 831 834
837 840 843 846 849 852 855 858 861
864 867 870 873 876 879 882 885 888
891 894 897 900 903 906 909 912 915
918 921 924 927 930 933 936 939 942
945 948 951 954 957 960 963 966 969
972 975 978 981 984 987 990 993 996
999 1002 1005 1008 1011 1014 1017 1020 1023
1026 1029 1032 1035 1038 1041 1044 1047 1050
1053 1056 1059 1062 1065 1068 1071 1074 1077
1080 1083 1086 1089 1092 1095 1098 1101 1104
1107 1110 1113 1116 1119 1122 1125 1128 1131
1134 1137 1140 1143 1146 1149 1152 1155 1158
1161 1164 1167 1170 1173 1176 1179 1182 1185
1188 1191 1194 1197 1200 1203 1206 1209 1212
1215 1218 1221 1224 1227 1230 1233 1236 1239
1242 1245 1248 1251 1254 1257 1260 1263 1266
1269 1272 1275 1278 1281 1284 1287 1290 1293
1296 1299 1302 1305 1308 1311 1314 1317 1320
1323 1326 1329 1332 1335 1338 1341 1344 1347
1350 1353 1356 1359 1362 1365 1368 1371 1374
1377 1380 1383 1386 1389 1392 1395 1398 1401
1404 1407 1410 1413 1416 1419 1422 1425 1428
1431 1434 1437 1440 1443 1446 1449 1452 1455
1458 1461 1464 1467 1470 1473 1476 1479 1482
1485 1488 1491 1494 1497 1500 1503 1506 1509
1512 1515 1518 1521 1524 1527 1530 1533 1536
1539 1542 1545 1548 1551 1554 1557 1560 1563
1566 1569 1572 1575 1578 1581 1584 1587 1590
1593 1596 1599 1602 1605 1608 1611 1614 1617
1620 1623 1626 1629 1632 1635 1638 1641 1644
1647 1650 1653 1656 1659 1662 1665 1668 1671
1674 1677 1680 1683 1686 1689 1692 1695 1698
1701 1704 1707 1710 1713 1716 1719 1722 1725
1728 1731 1734 1737 1740 1743 1746 1749 1752
1755 1758 1761 1764 1767 1770 1773 1776 1779
1782 1785 1788 1791 1794 1797 1800 1803 1806
1809 1812 1815 1818 1821 1824 1827 1830 1833
1836 1839 1842 1845 1848 1851 1854 1857 1860
1863 1866 1869 1872 1875 1878 1881 1884 1887
1890 1893 1896 1899 1902 1905 1908 1911 1914
1917 1920 1923 1926 1929 1932 1935 1938 1941
1944 1947 1950 1953 1956 1959 1962 1965 1968
1971 1974 1977 1980 1983 1986 1989 1992 1995
1998 2001 2004 2007 2010 2013 2016 2019 2022
2025 2028 2031 2034 2037 2040 2043 2046 2049
2052 2055 2058 2061 2064 2067 2070 2073 2076
2079 2082 2085 2088 2091 2094 2097 2100 2103
2106 2109 2112 2115 2118 2121 2124 2127 2130
2133 2136 2139 2142 2145 2148 2151 2154 2157
2160 2163 2166 2169 2172 2175 2178 2181 2184
2187 2190 2193 2196 2199 2202 2205 2208 2211
2214 2217 2220 2223 2226 2229 2232 2235 2238
2241 2244 2247 2250 2253 2256 2259 2262 2265
2268 2271 2274 2277 2280 2283 2286 2289 2292
2295 2298 2301 2304 2307 2310 2313 2316 2319
2322 2325 2328 2331 2334 2337 2340 2343 2346
2349 2352 2355 2358 2361 2364 2367 2370 2373
2376 2379 2382 2385 2388 2391 2394 2397 2400
2403 2406 2409 2412 2415 2418 2421 2424 2427
2430 2433 2436 2439 2442 2445 2448 2451 2454
2457 2460 2463 2466 2469 2472 2475 2478 2481
2484 2487 2490 2493 2496 2499 2502 2505 2508
2511 2514 2517 2520 2523 2526 2529 2532 2535
2538 2541 2544 2547 2550 2553 2556 2559 2562
2565 2568 2571 2574 2577 2580 2583 2586 2589
2592 2595 2598 2601 2604 2607 2610 2613 2616
2619 2622 2625 2628 2631 2634 2637 2640 2643
2646 2649 2652 2655 2658 2661 2664 2667 2670
2673 2676 2679 2682 2685 2688 2691 2694 2697
2700 2703 2706 2709 2712 2715 2718 2721 2724
2727 2730 2733 2736 2739 2742 2745 2748 2751
2754 2757 2760 2763 2766 2769 2772 2775 2778
2781 2784 2787 2790 2793 2796 2799 2802 2805
2808 2811 2814 2817 2820 2823 2826 2829 2832
2835 2838 2841 2844 2847 2850 2853 2856 2859
2862 2865 2868 2871 2874 2877 2880 2883 2886
2889 2892 2895 2898 2901 2904 2907 2910 2913
2916 2919 2922 2925 2928 2931 2934 2937 2940
2943 2946 2949 2952 2955 2958 2961 2964 2967
2970 2973 2976 2979 2982 2985 2988 2991 2994
2997 3000 3003 3006 3009 3012 3015 3018 3021
3024 3027 3030 3033 3036 3039 3042 3045 3048
3051 3054 3057 3060 3063 3066 3069 3072 3075
3078 3081 3084 3087 3090 3093 3096 3099 3102
3105 3108 3111 3114 3117 3120 3123 3126 3129
3132 3135 3138 3141 3144 3147 3150 3153 3156
3159 3162 3165 3168 3171 3174 3177 3180 3183
3186 3189 3192 3195 3198 3201 3204 3207 3210
3213 3216 3219 3222 3225 3228 3231 3234 3237
3240 3243 3246 3249 3252 3255 3258 3261 3264
3267 3270 3273 3276 3279 3282 3285 3288 3291
3294 3297 3300 3303 3306 3309 3312 3315 3318
3321 3324 3327 3330 3333 3336 3339 3342 3345
3348 3351 3354 3357 3360 3363 3366 3369 3372
3375 3378 3381 3384 3387 3390 3393 3396 3399
3402 3405 3408 3411 3414 3417 3420 3423 3426
3429 3432 3435 3438 3441 3444 3447 3450 3453
3456 3459 3462 3465 3468 3471 3474 3477 3480
3483 3486 3489 3492 3495 3498 3501 3504 3507
3510 3513 3516 3519 3522 3525 3528 3531 3534
3537 3540 3543 3546 3549 3552 3555 3558 3561
3564 3567 3570 3573 3576 3579 3582 3585 3588
3591 3594 3597 3600 3603 3606 3609 3612 3615
3618 3621 3624 3627 3630 3633 3636 3639 3642
3645 3648 3651 3654 3657 3660 3663 3666 3669
3672 3675 3678 3681 3684 3687 3690 3693 3696
3699 3702 3705 3708 3711 3714 3717 3720 3723
3726 3729 3732 3735 3738 3741 3744 3747 3750
3753 3756 3759 3762 3765 3768 3771 3774 3777
3780 3783 3786 3789 3792 3795 3798 3801 3804
3807 3810 3813 3816 3819 3822 3825 3828 3831
3834 3837 3840 3843 3846 3849 3852 3855 3858
3861 3864 3867 3870 3873 3876 3879 3882 3885
3888 3891 3894 3897 3900 3903 3906 3909 3912
3915 3918 3921 3924 3927 3930 3933 3936 3939
3942 3945 3948 3951 3954 3957 3960 3963 3966
3969 3972 3975 3978 3981 3984 3987 3990 3993
3996 3999 4002 4005 4008 4011 4014 4017 4020
4023 4026 4029 4032 4035 4038 4041 4044 4047
4050 4053 4056 4059 4062 4065 4068 4071 4074
4077 4080 4083 4086 4089 4092 4095 4098 4101
4104 4107 4110 4113 4116 4119 4122 4125 4128
4131 4134 4137 4140 4143 4146 4149 4152 4155
4158 4161 4164 4167 4170 4173 4176 4179 4182
4185 4188 4191 4194 4197 4200 4203 4206 4209
4212 4215 4218 4221 4224 4227 4230 4233 4236
4239 4242 4245 4248 4251 4254 4257 4260 4263
4266 4269 4272 4275 4278 4281 4284 4287 4290
4293 4296 4299 4302 4305 4308 4311 4314 4317
4320 4323 4326 4329 4332 4335 4338 4341 4344
4347 4350 4353 4356 4359 4362 4365 4368 4371
4374 4377 4380 4383 4386 4389 4392 4395 4398
4401 4404 4407 4410 4413 4416 4419 4422 4425
4428 4431 4434 4437 4440 4443 4446 4449 4452
4455 4458 4461 4464 4467 4470 4473 4476 4479
4482 4485 4488 4491 4494 4497 4500 4503 4506
4509 4512 4515 4518 4521 4524 4527 4530 4533
4536 4539 4542 4545 4548 4551 4554 4557 4560
4563 4566 4569 4572 4575 4578 4581 4584 4587
4590 4593 4596 4599 4602 4605 4608 4611 4614
4617 4620 4623 4626 4629 4632 4635 4638 4641
4644 4647 4650 4653 4656 4659 4662 4665 4668
4671 4674 4677 4680 4683 4686 4689 4692 4695
4698 4701 4704 4707 4710 4713 4716 4719 4722
4725 4728 4731 4734 4737 4740 4743 4746 4749
4752 4755 4758 4761 4764 4767 4770 4773 4776
4779 4782 4785 4788 4791 4794 4797 4800 4803
4806 4809 4812 4815 4818 4821 4824 4827 4830
4833 4836 4839 4842 4845 4848 4851 4854 4857
4860 4863 4866 4869 4872 4875 4878 4881 4884
4887 4890 4893 4896 4899 4902 4905 4908 4911
4914 4917 4920 4923 4926 4929 4932 4935 4938
4941 4944 4947 4950 4953 4956 4959 4962 4965
4968 4971 4974 4977 4980 4983 4986 4989 4992
4995 4998 5001 5004 5007 5010 5013 5016 5019
5022 5025 5028 5031 5034 5037 5040 5043 5046
5049 5052 5055 5058 5061 5064 5067 5070 5073
5076 5079 5082 5085 5088 5091 5094 5097 5100
5103 5106 5109 5112 5115 5118 5121 5124 5127
5130 5133 5136 5139 5142 5145 5148 5151 5154
5157 5160 5163 5166 5169 5172 5175 5178 5181
5184 5187 5190 5193 5196 5199 5202 5205 5208
5211 5214 5217 5220 5223 5226 5229 5232 5235
5238 5241 5244 5247 5250 5253 5256 5259 5262
5265 5268 5271 5274 5277 5280 5283 5286 5289
5292 5295 5298 5301 5304 5307 5310 5313 5316
5319 5322 5325 5328 5331 5334 5337 5340 5343
5346 5349 5352 5355 5358 5361 5364 5367 5370
5373 5376 5379 5382 5385 5388 5391 5394 5397
5400 5403 5406 5409 5412 5415 5418 5421 5424
5427 5430 5433 5436 5439 5442 5445 5448 5451
5454 5457 5460 5463 5466 5469 5472 5475 5478
5481 5484 5487 5490 5493 5496 5499 5502 5505
5508 5511 5514 5517 5520 5523 5526 5529 5532
5535 5538 5541 5544 5547 5550 5553 5556 5559
5562 5565 5568 5571 5574 5577 5580 5583 5586
5589 5592 5595 5598 5601 5604 5607 5610 5613
5616 5619 5622 5625 5628 5631 5634 5637 5640
5643 5646 5649 5652 5655 5658 5661 5664 5667
5670 5673 5676 5679 5682 5685 5688 5691 5694
5697 5700 5703 5706 5709 5712 5715 5718 5721
5724 5727 5730 5733 5736 5739 5742 5745 5748
5751 5754 5757 5760 5763 5766 5769 5772 5775
5778 5781 5784 5787 5790 5793 5796 5799 5802
5805 5808 5811 5814 5817 5820 5823 5826 5829
5832 5835 5838 5841 5844 5847 5850 5853 5856
5859 5862 5865 5868 5871 5874 5877 5880 5883
5886 5889 5892 5895 5898 5901 5904 5907 5910
5913 5916 5919 5922 5925 5928 5931 5934 5937
5940 5943 5946 5949 5952 5955 5958 5961 5964
5967 5970 5973 5976 5979 5982 5985 5988 5991
5994 5997 6000 6003 6006 6009 6012 6015 6018
6021 6024 6027 6030 6033 6036 6039 6042 6045
6048 6051 6054 6057 6060 6063 6066 6069 6072
6075 6078 6081 6084 6087 6090 6093 6096 6099
6102 6105 6108 6111 6114 6117 6120 6123 6126
6129 6132 6135 6138 6141 6144 6147 6150 6153
6156 6159 6162 6165 6168 6171 6174 6177 6180
6183 6186 6189 6192 6195 6198 6201 6204 6207
6210 6213 6216 6219 6222 6225 6228 6231 6234
6237 6240 6243 6246 6249 6252 6255 6258 6261
6264 6267 6270 6273 6276 6279 6282 6285 6288
6291 6294 6297 6300 6303 6306 6309 6312 6315
6318 6321 6324 6327 6330 6333 6336 6339 6342
6345 6348 6351 6354 6357 6360 6363 6366 6369
6372 6375 6378 6381 6384 6387 6390 6393 6396
6399 6402 6405 6408 6411 6414 6417 6420 6423
6426 6429 6432 6435 6438 6441 6444 6447 6450
6453 6456 6459 6462 6465 6468 6471 6474 6477
6480 6483 6486 6489 6492 6495 6498 6501 6504
6507 6510 6513 6516 6519 6522 6525 6528 6531
6534 6537 6540 6543 6546 6549 6552 6555 6558
6561 6564 6567 6570 6573 6576 6579 6582 6585
6588 6591 6594 6597 6600 6603 6606 6609 6612
6615 6618 6621 6624 6627 6630 6633 6636 6639
6642 6645 6648 6651 6654 6657 6660 6663 6666
6669 6672 6675 6678 6681 6684 6687 6690 6693
6696 6699 6702 6705 6708 6711 6714 6717 6720
6723 6726 6729 6732 6735 6738 6741 6744 6747
6750 6753 6756 6759 6762 6765 6768 6771 6774
6777 6780 6783 6786 6789 6792 6795 6798 6801
6804 6807 6810 6813 6816 6819 6822 6825 6828
6831 6834 6837 6840 6843 6846 6849 6852 6855
6858 6861 6864 6867 6870 6873 6876 6879 6882
6885 6888 6891 6894 6897 6900 6903 6906 6909
6912 6915 6918 6921 6924 6927 6930 6933 6936
6939 6942 6945 6948 6951 6954 6957 6960 6963
6966 6969 6972 6975 6978 6981 6984 6987 6990
6993 6996 6999 7002 7005 7008 7011 7014 7017
7020 7023 7026 7029 7032 7035 7038 7041 7044
7047 7050 7053 7056 7059 7062 7065 7068 7071
7074 7077 7080 7083 7086 7089 7092 7095 7098
7101 7104 7107 7110 7113 7116 7119 7122 7125
7128 7131 7134 7137 7140 7143 7146 7149 7152
7155 7158 7161 7164 7167 7170 7173 7176 7179
7182 7185 7188 7191 7194 7197 7200 7203 7206
7209 7212 7215 7218 7221 7224 7227 7230 7233
7236 7239 7242 7245 7248 7251 7254 7257 7260
7263 7266 7269 7272 7275 7278 7281 7284 7287
7290 7293 7296 7299 7302 7305 7308 7311 7314
7317 7320 7323 7326 7329 7332 7335 7338 7341
7344 7347 7350 7353 7356 7359 7362 7365 7368
7371 7374 7377 7380 7383 7386 7389 7392 7395
7398 7401 7404 7407 7410 7413 7416 7419 7422
7425 7428 7431 7434 7437 7440 7443 7446 7449
7452 7455 7458 7461 7464 7467 7470 7473 7476
7479 7482 7485 7488 7491 7494 7497 7500 7503
7506 7509 7512 7515 7518 7521 7524 7527 7530
7533 7536 7539 7542 7545 7548 7551 7554 7557
7560 7563 7566 7569 7572 7575 7578 7581 7584
7587 7590 7593 7596 7599 7602 7605 7608 7611
7614 7617 7620 7623 7626 7629 7632 7635 7638
7641 7644 7647 7650 7653 7656 7659 7662 7665
7668 7671 7674 7677 7680 7683 7686 7689 7692
7695 7698 7701 7704 7707 7710 7713 7716 7719
7722 7725 7728 7731 7734 7737 7740 7743 7746
7749 7752 7755 7758 7761 7764 7767 7770 7773
7776 7779 7782 7785 7788 7791 7794 7797 7800
7803 7806 7809 7812 7815 7818 7821 7824 7827
7830 7833 7836 7839 7842 7845 7848 7851 7854
7857 7860 7863 7866 7869 7872 7875 7878 7881
7884 7887 7890 7893 7896 7899 7902 7905 7908
7911 7914 7917 7920 7923 7926 7929 7932 7935
7938 7941 7944 7947 7950 7953 7956 7959 7962
7965 7968 7971 7974 7977 7980 7983 7986 7989
7992 7995 7998 8001 8004 8007 8010 8013 8016
8019 8022 8025 8028 8031 8034 8037 8040 8043
8046 8049 8052 8055 8058 8061 8064 8067 8070
8073 8076 8079 8082 8085 8088 8091 8094 8097
8100 8103 8106 8109 8112 8115 8118 8121 8124
8127 8130 8133 8136 8139 8142 8145 8148 8151
8154 8157 8160 8163 8166 8169 8172 8175 8178
8181 8184 8187 8190 8193 8196 8199 8202 8205
8208 8211 8214 8217 8220 8223 8226 8229 8232
8235 8238 8241 8244 8247 8250 8253 8256 8259
8262 8265 8268 8271 8274 8277 8280 8283 8286
8289 8292 8295 8298 8301 8304 8307 8310 8313
8316 8319 8322 8325 8328 8331 8334 8337 8340
8343 8346 8349 8352 8355 8358 8361 8364 8367
8370 8373 8376 8379 8382 8385 8388 8391 8394
8397 8400 8403 8406 8409 8412 8415 8418 8421
8424 8427 8430 8433 8436 8439 8442 8445 8448
8451 8454 8457 8460 8463 8466 8469 8472 8475
8478 8481 8484 8487 8490 8493 8496 8499 8502
8505 8508 8511 8514 8517 8520 8523 8526 8529
8532 8535 8538 8541 8544 8547 8550 8553 8556
8559 8562 8565 8568 8571 8574 8577 8580 8583
8586 8589 8592 8595 8598 8601 8604 8607 8610
8613 8616 8619 8622 8625 8628 8631 8634 8637
8640 8643 8646 8649 8652 8655 8658 8661 8664
8667 8670 8673 8676 8679 8682 8685 8688 8691
8694 8697 8700 8703 8706 8709 8712 8715 8718
8721 8724 8727 8730 8733 8736 8739 8742 8745
8748 8751 8754 8757 8760 8763 8766 8769 8772
8775 8778 8781 8784 8787 8790 8793 8796 8799
8802 8805 8808 8811 8814 8817 8820 8823 8826
8829 8832 8835 8838 8841 8844 8847 8850 8853
8856 8859 8862 8865 8868 8871 8874 8877 8880
8883 8886 8889 8892 8895 8898 8901 8904 8907
8910 8913 8916 8919 8922 8925 8928 8931 8934
8937 8940 8943 8946 8949 8952 8955 8958 8961
8964 8967 8970 8973 8976 8979 8982 8985 8988
8991 8994 8997 9000 9003 9006 9009 9012 9015
9018 9021 9024 9027 9030 9033 9036 9039 9042
9045 9048 9051 9054 9057 9060 9063 9066 9069
9072 9075 9078 9081 9084 9087 9090 9093 9096
9099 9102 9105 9108 9111 9114 9117 9120 9123
9126 9129 9132 9135 9138 9141 9144 9147 9150
9153 9156 9159 9162 9165 9168 9171 9174 9177
9180 9183 9186 9189 9192 9195 9198 9201 9204
9207 9210 9213 9216 9219 9222 9225 9228 9231
9234 9237 9240 9243 9246 9249 9252 9255 9258
9261 9264 9267 9270 9273 9276 9279 9282 9285
9288 9291 9294 9297 9300 9303 9306 9309 9312
9315 9318 9321 9324 9327 9330 9333 9336 9339
9342 9345 9348 9351 9354 9357 9360 9363 9366
9369 9372 9375 9378 9381 9384 9387 9390 9393
9396 9399 9402 9405 9408 9411 9414 9417 9420
9423 9426 9429 9432 9435 9438 9441 9444 9447
9450 9453 9456 9459 9462 9465 9468 9471 9474
9477 9480 9483 9486 9489 9492 9495 9498 9501
9504 9507 9510 9513 9516 9519 9522 9525 9528
9531 9534 9537 9540 9543 9546 9549 9552 9555
9558 9561 9564 9567 9570 9573 9576 9579 9582
9585 9588 9591 9594 9597 9600 9603 9606 9609
9612 9615 9618 9621 9624 9627 9630 9633 9636
9639 9642 9645 9648 9651 9654 9657 9660 9663
9666 9669 9672 9675 9678 9681 9684 9687 9690
9693 9696 9699 9702 9705 9708 9711 9714 9717
9720 9723 9726 9729 9732 9735 9738 9741 9744
9747 9750 9753 9756 9759 9762 9765 9768 9771
9774 9777 9780 9783 9786 9789 9792 9795 9798
9801 9804 9807 9810 9813 9816 9819 9822 9825
9828 9831 9834 9837 9840 9843 9846 9849 9852
9855 9858 9861 9864 9867 9870 9873 9876 9879
9882 9885 9888 9891 9894 9897 9900 9903 9906
9909 9912 9915 9918 9921 9924 9927 9930 9933
9936 9939 9942 9945 9948 9951 9954 9957 9960
9963 9966 9969 9972 9975 9978 9981 9984 9987
9990 9993 9996 9999 10002 10005 10008 10011 10014
10017 10020 10023 10026 10029 10032 10035 10038 10041
10044 10047 10050 10053 10056 10059 10062 10065 10068
10071 10074 10077 10080 10083 10086 10089 10092 10095
10098 10101 10104 10107 10110 10113 10116 10119 10122
10125 10128 10131 10134 10137 10140 10143 10146 10149
10152 10155 10158 10161 10164 10167 10170 10173 10176
10179 10182 10185 10188 10191 10194 10197 10200 10203
10206 10209 10212 10215 10218 10221 10224 10227 10230
10233 10236 10239 10242 10245 10248 10251 10254 10257
10260 10263 10266 10269 10272 10275 10278 10281 10284
10287 10290 10293 10296 10299 10302 10305 10308 10311
10314 10317 10320 10323 10326 10329 10332 10335 10338
10341 10344 10347 10350 10353 10356 10359 10362 10365
10368 10371 10374 10377 10380 10383 10386 10389 10392
10395 10398 10401 10404 10407 10410 10413 10416 10419
10422 10425 10428 10431 10434 10437 10440 10443 10446
10449 10452 10455 10458 10461 10464 10467 10470 10473
10476 10479 10482 10485 10488 10491 10494 10497 10500
10503 10506 10509 10512 10515 10518 10521 10524 10527
10530 10533 10536 10539 10542 10545 10548 10551 10554
10557 10560 10563 10566 10569 10572 10575 10578 10581
10584 10587 10590 10593 10596 10599 10602 10605 10608
10611 10614 10617 10620 10623 10626 10629 10632 10635
10638 10641 10644 10647 10650 10653 10656 10659 10662
10665 10668 10671 10674 10677 10680 10683 10686 10689
10692 10695 10698 10701 10704 10707 10710 10713 10716
10719 10722 10725 10728 10731 10734 10737 10740 10743
10746 10749 10752 10755 10758 10761 10764 10767 10770
10773 10776 10779 10782 10785 10788 10791 10794 10797
10800 10803 10806 10809 10812 10815 10818 10821 10824
10827 10830 10833 10836 10839 10842 10845 10848 10851
10854 10857 10860 10863 10866 10869 10872 10875 10878
10881 10884 10887 10890 10893 10896 10899 10902 10905
10908 10911 10914 10917 10920 10923 10926 10929 10932
10935 10938 10941 10944 10947 10950 10953 10956 10959
10962 10965 10968 10971 10974 10977 10980 10983 10986
10989 10992 10995 10998 11001 11004 11007 11010 11013
11016 11019 11022 11025 11028 11031 11034 11037 11040
11043 11046 11049 11052 11055 11058 11061 11064 11067
11070 11073 11076 11079 11082 11085 11088 11091 11094
11097 11100 11103 11106 11109 11112 11115 11118 11121
11124 11127 11130 11133 11136 11139 11142 11145 11148
11151 11154 11157 11160 11163 11166 11169 11172 11175
11178 11181 11184 11187 11190 11193 11196 11199 11202
11205 11208 11211 11214 11217 11220 11223 11226 11229
11232 11235 11238 11241 11244 11247 11250 11253 11256
11259 11262 11265 11268 11271 11274 11277 11280 11283
11286 11289 11292 11295 11298 11301 11304 11307 11310
11313 11316 11319 11322 11325 11328 11331 11334 11337
11340 11343 11346 11349 11352 11355 11358 11361 11364
11367 11370 11373 11376 11379 11382 11385 11388 11391
11394 11397 11400 11403 11406 11409 11412 11415 11418
11421 11424 11427 11430 11433 11436 11439 11442 11445
11448 11451 11454 11457 11460 11463 11466 11469 11472
11475 11478 11481 11484 11487 11490 11493 11496 11499
11502 11505 11508 11511 11514 11517 11520 11523 11526
11529 11532 11535 11538 11541 11544 11547 11550 11553
11556 11559 11562 11565 11568 11571 11574 11577 11580
11583 11586 11589 11592 11595 11598 11601 11604 11607
11610 11613 11616 11619 11622 11625 11628 11631 11634
11637 11640 11643 11646 11649 11652 11655 11658 11661
11664 11667 11670 11673 11676 11679 11682 11685 11688
11691 11694 11697 11700 11703 11706 11709 11712 11715
11718 11721 11724 11727 11730 11733 11736 11739 11742
11745 11748 11751 11754 11757 11760 11763 11766 11769
11772 11775 11778 11781 11784 11787 11790 11793 11796
11799 11802 11805 11808 11811 11814 11817 11820 11823
11826 11829 11832 11835 11838 11841 11844 11847 11850
11853 11856 11859 11862 11865 11868 11871 11874 11877
11880 11883 11886 11889 11892 11895 11898 11901 11904
CONNECTIVITY vtktypeint64
64 65 1 65 66 2 66 67 3
67 68 4 68 69 5 69 70 6
70 71 7 71 72 8 72 73 9
73 74 10 74 75 11 75 76 12
76 77 13 77 78 14 78 79 15
79 80 16 80 81 17 81 82 18
82 83 19 83 84 20 84 85 21
85 86 22 86 87 23 87 88 24
88 89 25 89 90 26 90 91 27
91 92 28 92 93 29 93 94 30
94 95 31 95 96 32 96 97 33
97 98 34 98 99 35 99 100 36
100 101 37 101 102 38 102 103 39
103 104 40 104 105 41 105 106 42
106 107 43 107 108 44 108 109 45
109 110 46 110 111 47 111 112 48
112 113 49 113 114 50 114 115 51
115 116 52 116 117 53 117 118 54
118 119 55 119 120 56 120 121 57
121 122 58 122 123 59 123 124 60
124 125 61 125 126 62 126 127 63
127 64 0 64 128 65 128 129 65
65 129 66 129 130 66 66 130 67
130 131 67 67 131 68 131 132 68
68 132 69 132 133 69 69 133 70
133 134 70 70 134 71 134 135 71
71 135 72 135 136 72 72 136 73
136 137 73 73 137 74 137 138 74
74 138 75 138 139 75 75 139 76
139 140 76 76 140 77 140 141 77
77 141 78 141 142 78 78 142 79
142 143 79 79 143 80 143 144 80
80 144 81 144 145 81 81 145 82
145 146 82 82 146 83 146 147 83
83 147 84 147 148 84 84 148 85
148 149 85 85 149 86 149 150 86
86 150 87 150 151 87 87 151 88
151 152 88 88 152 89 152 153 89
89 153 90 153 154 90 90 154 91
154 155 91 91 155 92 155 156 92
92 156 93 156 157 93 93 157 94
157 158 94 94 158 95 158 159 95
95 159 96 159 160 96 96 160 97
160 161 97 97 161 98 161 162 98
98 162 99 162 163 99 99 163 100
163 164 100 100 164 101 164 165 101
101 165 102 165 166 102 102 166 103
166 167 103 103 167 104 167 168 104
104 168 105 168 169 105 105 169 106
169 170 106 106 170 107 170 171 107
107 171 108 171 172 108 108 172 109
172 173 109 109 173 110 173 174 110
110 174 111 174 175 111 111 175 112
175 176 112 112 176 113 176 177 113
113 177 114 177 178 114 114 178 115
178 179 115 115 179 116 179 180 116
116 180 117 180 181 117 117 181 118
181 182 118 118 182 119 182 183 119
119 183 120 183 184 120 120 184 121
184 185 121 121 185 122 185 186 122
122 186 123 186 187 123 123 187 124
187 188 124 124 188 125 188 189 125
125 189 126 189 190 126 126 190 127
190 191 127 127 191 64 191 128 64
128 192 129 192 193 129 129 193 130
193 194 130 130 194 131 194 195 131
131 195 132 195 196 132 132 196 133
196 197 133 133 197 134 197 198 134
134 198 135 198 199 135 135 199 136
199 200 136 136 200 137 200 201 137
137 201 138 201 202 138 138 202 139
202 203 139 139 203 140 203 204 140
140 204 141 204 205 141 141 205 142
205 206 142 142 206 143 206 207 143
143 207 144 207 208 144 144 208 145
208 209 145 145 209 146 209 210 146
146 210 147 210 211 147 147 211 148
211 212 148 148 212 149 212 213 149
149 213 150 213 214 150 150 214 151
214 215 151 151 215 152 215 216 152
152 216 153 216 217 153 153 217 154
217 218 154 154 218 155 218 219 155
155 219 156 219 220 156 156 220 157
220 221 157 157 221 158 221 222 158
158 222 159 222 223 159 159 223 160
223 224 160 160 224 161 224 225 161
161 225 162 225 226 162 162 226 163
226 227 163 163 227 164 227 228 164
164 228 165 228 229 165 165 229 166
229 230 166 166 230 167 230 231 167
167 231 168 231 232 168 168 232 169
232 233 169 169 233 170 233 234 170
170 234 171 234 235 171 171 235 172
235 236 172 172 236 173 236 237 173
173 237 174 237 238 174 174 238 175
238 239 175 175 239 176 239 240 176
176 240 177 240 241 177 177 241 178
241 242 178 178 242 179 242 243 179
179 243 180 243 244 180 180 244 181
244 245 181 181 245 182 245 246 182
182 246 183 246 247 183 183 247 184
247 248 184 184 248 185 248 249 185
185 249 186 249 250 186 186 250 187
250 251 187 187 251 188 251 252 188
188 252 189 252 253 189 189 253 190
253 254 190 190 254 191 254 255 191
191 255 128 255 192 128 192 256 193
256 257 193 193 257 194 257 258 194
194 258 195 258 259 195 195 259 196
259 260 196 196 260 197 260 261 197
197 261 198 261 262 198 198 262 199
262 263 199 199 263 200 263 264 200
200 264 201 264 265 201 201 265 202
265 266 202 202 266 203 266 267 203
203 267 204 267 268 204 204 268 205
268 269 205 205 269 206 269 270 206
206 270 207 270 271 207 207 271 208
271 272 208 208 272 209 272 273 209
209 273 210 273 274 210 210 274 211
274 275 211 211 275 212 275 276 212
212 276 213 276 277 213 213 277 214
277 278 214 214 278 215 278 279 215
215 279 216 279 280 216 216 280 217
280 281 217 217 281 218 281 282 218
218 282 219 282 283 219 219 283 220
283 284 220 220 284 221 284 285 221
221 285 222 285 286 222 222 286 223
286 287 223 223 287 224 287 288 224
224 288 225 288 289 225 225 289 226
289 290 226 226 290 227 290 291 227
227 291 228 291 292 228 228 292 229
292 293 229 229 293 230 293 294 230
230 294 231 294 295 231 231 295 232
295 296 232 232 296 233 296 297 233
233 297 234 297 298 234 234 298 235
298 299 235 235 299 236 299 300 236
236 300 237 300 301 237 237 301 238
301 302 238 238 302 239 302 303 239
239 303 240 303 304 240 240 304 241
304 305 241 241 305 242 305 306 242
242 306 243 306 307 243 243 307 244
307 308 244 244 308 245 308 309 245
245 309 246 309 310 246 246 310 247
310 311 247 247 311 248 311 312 248
248 312 249 312 313 249 249 313 250
313 314 250 250 314 251 314 315 251
251 315 252 315 316 252 252 316 253
316 317 253 253 317 254 317 318 254
254 318 255 318 319 255 255 319 192
319 256 192 256 320 257 320 321 257
257 321 258 321 322 258 258 322 259
322 323 259 259 323 260 323 324 260
260 324 261 324 325 261 261 325 262
325 326 262 262 326 263 326 327 263
263 327 264 327 328 264 264 328 265
328 329 265 265 329 266 329 330 266
266 330 267 330 331 267 267 331 268
331 332 268 268 332 269 332 333 269
269 333 270 333 334 270 270 334 271
334 335 271 271 335 272 335 336 272
272 336 273 336 337 273 273 337 274
337 338 274 274 338 275 338 339 275
275 339 276 339 340 276 276 340 277
340 341 277 277 341 278 341 342 278
278 342 279 342 343 279 279 343 280
343 344 280 280 344 281 344 345 281
281 345 282 345 346 282 282 346 283
346 347 283 283 347 284 347 348 284
284 348 285 348 349 285 285 349 286
349 350 286 286 350 287 350 351 287
287 351 288 351 352 288 288 352 289
352 353 289 289 353 290 353 354 290
290 354 291 354 355 291 291 355 292
355 356 292 292 356 293 356 357 293
293 357 294 357 358 294 294 358 295
358 359 295 295 359 296 359 360 296
296 360 297 360 361 297 297 361 298
361 362 298 298 362 299 362 363 299
299 363 300 363 364 300 300 364 301
364 365 301 301 365 302 365 366 302
302 366 303 366 367 303 303 367 304
367 368 304 304 368 305 368 369 305
305 369 306 369 370 306 306 370 307
370 371 307 307 371 308 371 372 308
308 372 309 372 373 309 309 373 310
373 374 310 310 374 311 374 375 311
311 375 312 375 376 312 312 376 313
376 377 313 313 377 314 377 378 314
314 378 315 378 379 315 315 379 316
379 380 316 316 380 317 380 381 317
317 381 318 381 382 318 318 382 319
382 383 319 319 383 256 383 320 256
320 384 321 384 385 321 321 385 322
385 386 322 322 386 323 386 387 323
323 387 324 387 388 324 324 388 325
388 389 325 325 389 326 389 390 326
326 390 327 390 391 327 327 391 328
391 392 328 328 392 329 392 393 329
329 393 330 393 394 330 330 394 331
394 395 331 331 395 332 395 396 332
332 396 333 396 397 333 333 397 334
397 398 334 334 398 335 398 399 335
335 399 336 399 400 336 336 400 337
400 401 337 337 401 338 401 402 338
338 402 339 402 403 339 339 403 340
403 404 340 340 404 341 404 405 341
341 405 342 405 406 342 342 406 343
406 407 343 343 407 344 407 408 344
344 408 345 408 409 345 345 409 346
409 410 346 346 410 347 410 411 347
347 411 348 411 412 348 348 412 349
412 413 349 349 413 350 413 414 350
350 414 351 414 415 351 351 415 352
415 416 352 352 416 353 416 417 353
353 417 354 417 418 354 354 418 355
418 419 355 355 419 356 419 420 356
356 420 357 420 421 357 357 421 358
421 422 358 358 422 359 422 423 359
359 423 360 423 424 360 360 424 361
424 425 361 361 425 362 425 426 362
362 426 363 426 427 363 363 427 364
427 428 364 364 428 365 428 429 365
365 429 366 429 430 366 366 430 367
430 431 367 367 431 368 431 432 368
368 432 369 432 433 369 369 433 370
433 434 370 370 434 371 434 435 371
371 435 372 435 436 372 372 436 373
436 437 373 373 437 374 437 438 374
374 438 375 438 439 375 375 439 376
439 440 376 376 440 377 440 441 377
377 441 378 441 442 378 378 442 379
442 443 379 379 443 380 443 444 380
380 444 381 444 445 381 381 445 382
445 446 382 382 446 383 446 447 383
383 447 320 447 384 320 384 448 385
448 449 385 385 449 386 449 450 386
386 450 387 450 451 387 387 451 388
451 452 388 388 452 389 452 453 389
389 453 390 453 454 390 390 454 391
454 455 391 391 455 392 455 456 392
392 456 393 456 457 393 393 457 394
457 458 394 394 458 395 458 459 395
395 459 396 459 460 396 396 460 397
460 461 397 397 461 398 461 462 398
398 462 399 462 463 399 399 463 400
463 464 400 400 464 401 464 465 401
401 465 402 465 466 402 402 466 403
466 467 403 403 467 404 467 468 404
404 468 405 468 469 405 405 469 406
469 470 406 406 470 407 470 471 407
407 471 408 471 472 408 408 472 409
472 473 409 409 473 410 473 474 410
410 474 411 474 475 411 411 475 412
475 476 412 412 476 413 476 477 413
413 477 414 477 478 414 414 478 415
478 479 415 415 479 416 479 480 416
416 480 417 480 481 417 417 481 418
481 482 418 418 482 419 482 483 419
419 483 420 483 484 420 420 484 421
484 485 421 421 485 422 485 486 422
422 486 423 486 487 423 423 487 424
487 488 424 424 488 425 488 489 425
425 489 426 489 490 426 426 490 427
490 491 427 427 491 428 491 492 428
428 492 429 492 493 429 429 493 430
493 494 430 430 494 431 494 495 431
431 495 432 495 496 432 432 496 433
496 497 433 433 497 434 497 498 434
434 498 435 498 499 435 435 499 436
499 500 436 436 500 437 500 501 437
437 501 438 501 502 438 438 502 439
502 503 439 439 503 440 503 504 440
440 504 441 504 505 441 441 505 442
505 506 442 442 506 443 506 507 443
443 507 444 507 508 444 444 508 445
508 509 445 445 509 446 509 510 446
446 510 447 510 511 447 447 511 384
511 448 384 448 512 449 512 513 449
449 513 450 513 514 450 450 514 451
514 515 451 451 515 452 515 516 452
452 516 453 516 517 453 453 517 454
517 518 454 454 518 455 518 519 455
455 519 456 519 520 456 456 520 457
520 521 457 457 521 458 521 522 458
458 522 459 522 523 459 459 523 460
523 524 460 460 524 461 524 525 461
461 525 462 525 526 462 462 526 463
526 527 463 463 527 464 527 528 464
464 528 465 528 529 465 465 529 466
529 530 466 466 530 467 530 531 467
467 531 468 531 532 468 468 532 469
532 533 469 469 533 470 533 534 470
470 534 471 534 535 471 471 535 472
535 536 472 472 536 473 536 537 473
473 537 474 537 538 474 474 538 475
538 539 475 475 539 476 539 540 476
476 540 477 540 541 477 477 541 478
541 542 478 478 542 479 542 543 479
479 543 480 543 544 480 480 544 481
544 545 481 481 545 482 545 546 482
482 546 483 546 547 483 483 547 484
547 548 484 484 548 485 548 549 485
485 549 486 549 550 486 486 550 487
550 551 487 487 551 488 551 552 488
488 552 489 552 553 489 489 553 490
553 554 490 490 554 491 554 555 491
491 555 492 555 556 492 492 556 493
556 557 493 493 557 494 557 558 494
494 558 495 558 559 495 495 559 496
559 560 496 496 560 497 560 561 497
497 561 498 561 562 498 498 562 499
562 563 499 499 563 500 563 564 500
500 564 501 564 565 501 501 565 502
565 566 502 502 566 503 566 567 503
503 567 504 567 568 504 504 568 505
568 569 505 505 569 506 569 570 506
506 570 507 570 571 507 507 571 508
571 572 508 508 572 509 572 573 509
509 573 510 573 574 510 510 574 511
574 575 511 511 575 448 575 512 448
512 576 513 576 577 513 513 577 514
577 578 514 514 578 515 578 579 515
515 579 516 579 580 516 516 580 517
580 581 517 517 581 518 581 582 518
518 582 519 582 583 519 519 583 520
583 584 520 520 584 521 584 585 521
521 585 522 585 586 522 522 586 523
586 587 523 523 587 524 587 588 524
524 588 525 588 589 525 525 589 526
589 590 526 526 590 527 590 591 527
527 591 528 591 592 528 528 592 529
592 593 529 529 593 530 593 594 530
530 594 531 594 595 531 531 595 532
595 596 532 532 596 533 596 597 533
533 597 534 597 598 534 534 598 535
598 599 535 535 599 536 599 600 536
536 600 537 600 601 537 537 601 538
601 602 538 538 602 539 602 603 539
539 603 540 603 604 540 540 604 541
604 605 541 541 605 542 605 606 542
542 606 543 606 607 543 543 607 544
607 608 544 544 608 545 608 609 545
545 609 546 609 610 546 546 610 547
610 611 547 547 611 548 611 612 548
548 612 549 612 613 549 549 613 550
613 614 550 550 614 551 614 615 551
551 615 552 615 616 552 552 616 553
616 617 553 553 617 554 617 618 554
554 618 555 618 619 555 555 619 556
619 620 556 556 620 557 620 621 557
557 621 558 621 622 558 558 622 559
622 623 559 559 623 560 623 624 560
560 624 561 624 625 561 561 625 562
625 626 562 562 626 563 626 627 563
563 627 564 627 628 564 564 628 565
628 629 565 565 629 566 629 630 566
566 630 567 630 631 567 567 631 568
631 632 568 568 632 569 632 633 569
569 633 570 633 634 570 570 634 571
634 635 571 571 635 572 635 636 572
572 636 573 636 637 573 573 637 574
637 638 574 574 638 575 638 639 575
575 639 512 639 576 512 576 640 577
640 641 577 577 641 578 641 642 578
578 642 579 642 643 579 579 643 580
643 644 580 580 644 581 644 645 581
581 645 582 645 646 582 582 646 583
646 647 583 583 647 584 647 648 584
584 648 585 648 649 585 585 649 586
649 650 586 586 650 587 650 651 587
587 651 588 651 652 588 588 652 589
652 653 589 589 653 590 653 654 590
590 654 591 654 655 591 591 655 592
655 656 592 592 656 593 656 657 593
593 657 594 657 658 594 594 658 595
658 659 595 595 659 596 659 660 596
596 660 597 660 661 597 597 661 598
661 662 598 598 662 599 662 663 599
599 663 600 663 664 600 600 664 601
664 665 601 601 665 602 665 666 602
602 666 603 666 667 603 603 667 604
667 668 604 604 668 605 668 669 605
605 669 606 669 670 606 606 670 607
670 671 607 607 671 608 671 672 608
608 672 609 672 673 609 609 673 610
673 674 610 610 674 611 674 675 611
611 675 612 675 676 612 612 676 613
676 677 613 613 677 614 677 678 614
614 678 615 678 679 615 615 679 616
679 680 616 616 680 617 680 681 617
617 681 618 681 682 618 618 682 619
682 683 619 619 683 620 683 684 620
620 684 621 684 685 621 621 685 622
685 686 622 622 686 623 686 687 623
623 687 624 687 688 624 624 688 625
688 689 625 625 689 626 689 690 626
626 690 627 690 691 627 627 691 628
691 692 628 628 692 629 692 693 629
629 693 630 693 694 630 630 694 631
694 695 631 631 695 632 695 696 632
632 696 633 696 697 633 633 697 634
697 698 634 634 698 635 698 699 635
635 699 636 699 700 636 636 700 637
700 701 637 637 701 638 701 702 638
638 702 639 702 703 639 639 703 576
703 640 576 640 704 641 704 705 641
641 705 642 705 706 642 642 706 643
706 707 643 643 707 644 707 708 644
644 708 645 708 709 645 645 709 646
709 710 646 646 710 647 710 711 647
647 711 648 711 712 648 648 712 649
712 713 649 649 713 650 713 714 650
650 714 651 714 715 651 651 715 652
715 716 652 652 716 653 716 717 653
653 717 654 717 718 654 654 718 655
718 719 655 655 719 656 719 720 656
656 720 657 720 721 657 657 721 658
721 722 658 658 722 659 722 723 659
659 723 660 723 724 660 660 724 661
724 725 661 661 725 662 725 726 662
662 726 663 726 727 663 663 727 664
727 728 664 664 728 665 728 729 665
665 729 666 729 730 666 666 730 667
730 731 667 667 731 668 731 732 668
668 732 669 732 733 669 669 733 670
733 734 670 670 734 671 734 735 671
671 735 672 735 736 672 672 736 673
736 737 673 673 737 674 737 738 674
674 738 675 738 739 675 675 739 676
739 740 676 676 740 677 740 741 677
677 741 678 741 742 678 678 742 679
742 743 679 679 743 680 743 744 680
680 744 681 744 745 681 681 745 682
745 746 682 682 746 683 746 747 683
683 747 684 747 748 684 684 748 685
748 749 685 685 749 686 749 750 686
686 750 687 750 751 687 687 751 688
751 752 688 688 752 689 752 753 689
689 753 690 753 754 690 690 754 691
754 755 691 691 755 692 755 756 692
692 756 693 756 757 693 693 757 694
757 758 694 694 758 695 758 759 695
695 759 696 759 760 696 696 760 697
760 761 697 697 761 698 761 762 698
698 762 699 762 763 699 699 763 700
763 764 700 700 764 701 764 765 701
701 765 702 765 766 702 702 766 703
766 767 703 703 767 640 767 704 640
704 768 705 768 769 705 705 769 706
769 770 706 706 770 707 770 771 707
707 771 708 771 772 708 708 772 709
772 773 709 709 773 710 773 774 710
710 774 711 774 775 711 711 775 712
775 776 712 712 776 713 776 777 713
713 777 714 777 778 714 714 778 715
778 779 715 715 779 716 779 780 716
716 780 717 780 781 717 717 781 718
781 782 718 718 782 719 782 783 719
719 783 720 783 784 720 720 784 721
784 785 721 721 785 722 785 786 722
722 786 723 786 787 723 723 787 724
787 788 724 724 788 725 788 789 725
725 789 726 789 790 726 726 790 727
790 791 727 727 791 728 791 792 728
728 792 729 792 793 729 729 793 730
793 794 730 730 794 731 794 795 731
731 795 732 795 796 732 732 796 733
796 797 733 733 797 734 797 798 734
734 798 735 798 799 735 735 799 736
799 800 736 736 800 737 800 801 737
737 801 738 801 802 738 738 802 739
802 803 739 739 803 740 803 804 740
740 804 741 804 805 741 741 805 742
805 806 742 742 806 743 806 807 743
743 807 744 807 808 744 744 808 745
808 809 745 745 809 746 809 810 746
746 810 747 810 811 747 747 811 748
811 812 748 748 812 749 812 813 749
749 813 750 813 814 750 750 814 751
814 815 751 751 815 752 815 816 752
752 816 753 816 817 753 753 817 754
817 818 754 754 818 755 818 819 755
755 819 756 819 820 756 756 820 757
820 821 757 757 821 758 821 822 758
758 822 759 822 823 759 759 823 760
823 824 760 760 824 761 824 825 761
761 825 762 825 826 762 762 826 763
826 827 763 763 827 764 827 828 764
764 828 765 828 829 765 765 829 766
829 830 766 766 830 767 830 831 767
767 831 704 831 768 704 768 832 769
832 833 769 769 833 770 833 834 770
770 834 771 834 835 771 771 835 772
835 836 772 772 836 773 836 837 773
773 837 774 837 838 774 774 838 775
838 839 775 775 839 776 839 840 776
776 840 777 840 841 777 777 841 778
841 842 778 778 842 779 842 843 779
779 843 780 843 844 780 780 844 781
844 845 781 781 845 782 845 846 782
782 846 783 846 847 783 783 847 784
847 848 784 784 848 785 848 849 785
785 849 786 849 850 786 786 850 787
850 851 787 787 851 788 851 852 788
788 852 789 852 853 789 789 853 790
853 854 790 790 854 791 854 855 791
791 855 792 855 856 792 792 856 793
856 857 793 793 857 794 857 858 794
794 858 795 858 859 795 795 859 796
859 860 796 796 860 797 860 861 797
797 861 798 861 862 798 798 862 799
862 863 799 799 863 800 863 864 800
800 864 801 864 865 801 801 865 802
865 866 802 802 866 803 866 867 803
803 867 804 867 868 804 804 868 805
868 869 805 805 869 806 869 870 806
806 870 807 870 871 807 807 871 808
871 872 808 808 872 809 872 873 809
809 873 810 873 874 810 810 874 811
874 875 811 811 875 812 875 876 812
812 876 813 876 877 813 813 877 814
877 878 814 814 878 815 878 879 815
815 879 816 879 880 816 816 880 817
880 881 817 817 881 818 881 882 818
818 882 819 882 883 819 819 883 820
883 884 820 820 884 821 884 885 821
821 885 822 885 886 822 822 886 823
886 887 823 823 887 824 887 888 824
824 888 825 888 889 825 825 889 826
889 890 826 826 890 827 890 891 827
827 891 828 891 892 828 828 892 829
892 893 829 829 893 830 893 894 830
830 894 831 894 895 831 831 895 768
895 832 768 832 896 833 896 897 833
833 897 834 897 898 834 834 898 835
898 899 835 835 899 836 899 900 836
836 900 837 900 901 837 837 901 838
901 902 838 838 902 839 902 903 839
839 903 840 903 904 840 840 904 841
904 905 841 841 905 842 905 906 842
842 906 843 906 907 843 843 907 844
907 908 844 844 908 845 908 909 845
845 909 846 909 910 846 846 910 847
910 911 847 847 911 848 911 912 848
848 912 849 912 913 849 849 913 850
913 914 850 850 914 851 914 915 851
851 915 852 915 916 852 852 916 853
916 917 853 853 917 854 917 918 854
854 918 855 918 919 855 855 919 856
919 920 856 856 920 857 920 921 857
857 921 858 921 922 858 858 922 859
922 923 859 859 923 860 923 924 860
860 924 861 924 925 861 861 925 862
925 926 862 862 926 863 926 927 863
863 927 864 927 928 864 864 928 865
928 929 865 865 929 866 929 930 866
866 930 867 930 931 867 867 931 868
931 932 868 868 932 869 932 933 869
869 933 870 933 934 870 870 934 871
934 935 871 871 935 872 935 936 872
872 936 873 936 937 873 873 937 874
937 938 874 874 938 875 938 939 875
875 939 876 939 940 876 876 940 877
940 941 877 877 941 878 941 942 878
878 942 879 942 943 879 879 943 880
943 944 880 880 944 881 944 945 881
881 945 882 945 946 882 882 946 883
946 947 883 883 947 884 947 948 884
884 948 885 948 949 885 885 949 886
949 950 886 886 950 887 950 951 887
887 951 888 951 952 888 888 952 889
952 953 889 889 953 890 953 954 890
890 954 891 954 955 891 891 955 892
955 956 892 892 956 893 956 957 893
893 957 894 957 958 894 894 958 895
958 959 895 895 959 832 959 896 832
896 960 897 960 961 897 897 961 898
961 962 898 898 962 899 962 963 899
899 963 900 963 964 900 900 964 901
964 965 901 901 965 902 965 966 902
902 966 903 966 967 903 903 967 904
967 968 904 904 968 905 968 969 905
905 969 906 969 970 906 906 970 907
970 971 907 907 971 908 971 972 908
908 972 909 972 973 909 909 973 910
973 974 910 910 974 911 974 975 911
911 975 912 975 976 912 912 976 913
976 977 913 913 977 914 977 978 914
914 978 915 978 979 915 915 979 916
979 980 916 916 980 917 980 981 917
917 981 918 981 982 918 918 982 919
982 983 919 919 983 920 983 984 920
920 984 921 984 985 921 921 985 922
985 986 922 922 986 923 986 987 923
923 987 924 987 988 924 924 988 925
988 989 925 925 989 926 989 990 926
926 990 927 990 991 927 927 991 928
991 992 928 928 992 929 992 993 929
929 993 930 993 994 930 930 994 931
994 995 931 931 995 932 995 996 932
932 996 933 996 997 933 933 997 934
997 998 934 934 998 935 998 999 935
935 999 936 999 1000 936 936 1000 937
1000 1001 937 937 1001 938 1001 1002 938
938 1002 939 1002 1003 939 939 1003 940
1003 1004 940 940 1004 941 1004 1005 941
941 1005 942 1005 1006 942 942 1006 943
1006 1007 943 943 1007 944 1007 1008 944
944 1008 945 1008 1009 945 945 1009 946
1009 1010 946 946 1010 947 1010 1011 947
947 1011 948 1011 1012 948 948 1012 949
1012 1013 949 949 1013 950 1013 1014 950
950 1014 951 1014 1015 951 951 1015 952
1015 1016 952 952 1016 953 1016 1017 953
953 1017 954 1017 1018 954 954 1018 955
1018 1019 955 955 1019 956 1019 1020 956
956 1020 957 1020 1021 957 957 1021 958
1021 1022 958 958 1022 959 1022 1023 959
959 1023 896 1023 960 896 960 1024 961
1024 1025 961 961 1025 962 1025 1026 962
962 1026 963 1026 1027 963 963 1027 964
1027 1028 964 964 1028 965 1028 1029 965
965 1029 966 1029 1030 966 966 1030 967
1030 1031 967 967 1031 968 1031 1032 968
968 1032 969 1032 1033 969 969 1033 970
1033 1034 970 970 1034 971 1034 1035 971
971 1035 972 1035 1036 972 972 1036 973
1036 1037 973 973 1037 974 1037 1038 974
974 1038 975 1038 1039 975 975 1039 976
1039 1040 976 976 1040 977 1040 1041 977
977 1041 978 1041 1042 978 978 1042 979
1042 1043 979 979 1043 980 1043 1044 980
980 1044 981 1044 1045 981 981 1045 982
1045 1046 982 982 1046 983 1046 1047 983
983 1047 984 1047 1048 984 984 1048 985
1048 1049 985 985 1049 986 1049 1050 986
986 1050 987 1050 1051 987 987 1051 988
1051 1052 988 988 1052 989 1052 1053 989
989 1053 990 1053 1054 990 990 1054 991
1054 1055 991 991 1055 992 1055 1056 992
992 1056 993 1056 1057 993 993 1057 994
1057 1058 994 994 1058 995 1058 1059 995
995 1059 996 1059 1060 996 996 1060 997
1060 1061 997 997 1061 998 1061 1062 998
998 1062 999 1062 1063 999 999 1063 1000
1063 1064 1000 1000 1064 1001 1064 1065 1001
1001 1065 1002 1065 1066 1002 1002 1066 1003
1066 1067 1003 1003 1067 1004 1067 1068 1004
1004 1068 1005 1068 1069 1005 1005 1069 1006
1069 1070 1006 1006 1070 1007 1070 1071 1007
1007 1071 1008 1071 1072 1008 1008 1072 1009
1072 1073 1009 1009 1073 1010 1073 1074 1010
1010 1074 1011 1074 1075 1011 1011 1075 1012
1075 1076 1012 1012 1076 1013 1076 1077 1013
1013 1077 1014 1077 1078 1014 1014 1078 1015
1078 1079 1015 1015 1079 1016 1079 1080 1016
1016 1080 1017 1080 1081 1017 1017 1081 1018
1081 1082 1018 1018 1082 1019 1082 1083 1019
1019 1083 1020 1083 1084 1020 1020 1084 1021
1084 1085 1021 1021 1085 1022 1085 1086 1022
1022 1086 1023 1086 1087 1023 1023 1087 960
1087 1024 960 1024 1088 1025 1088 1089 1025
1025 1089 1026 1089 1090 1026 1026 1090 1027
1090 1091 1027 1027 1091 1028 1091 1092 1028
1028 1092 1029 1092 1093 1029 1029 1093 1030
1093 1094 1030 1030 1094 1031 1094 1095 1031
1031 1095 1032 1095 1096 1032 1032 1096 1033
1096 1097 1033 1033 1097 1034 1097 1098 1034
1034 1098 1035 1098 1099 1035 1035 1099 1036
1099 1100 1036 1036 1100 1037 1100 1101 1037
1037 1101 1038 1101 1102 1038 1038 1102 1039
1102 1103 1039 1039 1103 1040 1103 1104 1040
1040 1104 1041 1104 1105 1041 1041 1105 1042
1105 1106 1042 1042 1106 1043 1106 1107 1043
1043 1107 1044 1107 1108 1044 1044 1108 1045
1108 1109 1045 1045 1109 1046 1109 1110 1046
1046 1110 1047 1110 1111 1047 1047 1111 1048
1111 1112 1048 1048 1112 1049 1112 1113 1049
1049 1113 1050 1113 1114 1050 1050 1114 1051
1114 1115 1051 1051 1115 1052 1115 1116 1052
1052 1116 1053 1116 1117 1053 1053 1117 1054
1117 1118 1054 1054 1118 1055 1118 1119 1055
1055 1119 1056 1119 1120 1056 1056 1120 1057
1120 1121 1057 1057 1121 1058 1121 1122 1058
1058 1122 1059 1122 1123 1059 1059 1123 1060
1123 1124 1060 1060 1124 1061 1124 1125 1061
1061 1125 1062 1125 1126 1062 1062 1126 1063
1126 1127 1063 1063 1127 1064 1127 1128 1064
1064 1128 1065 1128 1129 1065 1065 1129 1066
1129 1130 1066 1066 1130 1067 1130 1131 1067
1067 1131 1068 1131 1132 1068 1068 1132 1069
1132 1133 1069 1069 1133 1070 1133 1134 1070
1070 1134 1071 1134 1135 1071 1071 1135 1072
1135 1136 1072 1072 1136 1073 1136 1137 1073
1073 1137 1074 1137 1138 1074 1074 1138 1075
1138 1139 1075 1075 1139 1076 1139 1140 1076
1076 1140 1077 1140 1141 1077 1077 1141 1078
1141 1142 1078 1078 1142 1079 1142 1143 1079
1079 1143 1080 1143 1144 1080 1080 1144 1081
1144 1145 1081 1081 1145 1082 1145 1146 1082
1082 1146 1083 1146 1147 1083 1083 1147 1084
1147 1148 1084 1084 1148 1085 1148 1149 1085
1085 1149 1086 1149 1150 1086 1086 1150 1087
1150 1151 1087 1087 1151 1024 1151 1088 1024
1088 1152 1089 1152 1153 1089 1089 1153 1090
1153 1154 1090 1090 1154 1091 1154 1155 1091
1091 1155 1092 1155 1156 1092 1092 1156 1093
1156 1157 1093 1093 1157 1094 1157 1158 1094
1094 1158 1095 1158 1159 1095 1095 1159 1096
1159 1160 1096 1096 1160 1097 1160 1161 1097
1097 1161 1098 1161 1162 1098 1098 1162 1099
1162 1163 1099 1099 1163 1100 1163 1164 1100
1100 1164 1101 1164 1165 1101 1101 1165 1102
1165 1166 1102 1102 1166 1103 1166 1167 1103
1103 1167 1104 1167 1168 1104 1104 1168 1105
1168 1169 1105 1105 1169 1106 1169 1170 1106
1106 1170 1107 1170 1171 1107 1107 1171 1108
1171 1172 1108 1108 1172 1109 1172 1173 1109
1109 1173 1110 1173 1174 1110 1110 1174 1111
1174 1175 1111 1111 1175 1112 1175 1176 1112
1112 1176 1113 1176 1177 1113 1113 1177 1114
1177 1178 1114 1114 1178 1115 1178 1179 1115
1115 1179 1116 1179 1180 1116 1116 1180 1117
1180 1181 1117 1117 1181 1118 1181 1182 1118
1118 1182 1119 1182 1183 1119 1119 1183 1120
1183 1184 1120 1120 1184 1121 1184 1185 1121
1121 1185 1122 1185 1186 1122 1122 1186 1123
1186 1187 1123 1123 1187 1124 1187 1188 1124
1124 1188 1125 1188 1189 1125 1125 1189 1126
1189 1190 1126 1126 1190 1127 1190 1191 1127
1127 1191 1128 1191 1192 1128 1128 1192 1129
1192 1193 1129 1129 1193 1130 1193 1194 1130
1130 1194 1131 1194 1195 1131 1131 1195 1132
1195 1196 1132 1132 1196 1133 1196 1197 1133
1133 1197 1134 1197 1198 1134 1134 1198 1135
1198 1199 1135 1135 1199 1136 1199 1200 1136
1136 1200 1137 1200 1201 1137 1137 1201 1138
1201 1202 1138 1138 1202 1139 1202 1203 1139
1139 1203 1140 1203 1204 1140 1140 1204 1141
1204 1205 1141 1141 1205 1142 1205 1206 1142
1142 1206 1143 1206 1207 1143 1143 1207 1144
1207 1208 1144 1144 1208 1145 1208 1209 1145
1145 1209 1146 1209 1210 1146 1146 1210 1147
1210 1211 1147 1147 1211 1148 1211 1212 1148
1148 1212 1149 1212 1213 1149 1149 1213 1150
1213 1214 1150 1150 1214 1151 1214 1215 1151
1151 1215 1088 1215 1152 1088 1152 1216 1153
1216 1217 1153 1153 1217 1154 1217 1218 1154
1154 1218 1155 1218 1219 1155 1155 1219 1156
1219 1220 1156 1156 1220 1157 1220 1221 1157
1157 1221 1158 1221 1222 1158 1158 1222 1159
1222 1223 1159 1159 1223 1160 1223 1224 1160
1160 1224 1161 1224 1225 1161 1161 1225 1162
1225 1226 1162 1162 1226 1163 1226 1227 1163
1163 1227 1164 1227 1228 1164 1164 1228 1165
1228 1229 1165 1165 1229 1166 1229 1230 1166
1166 1230 1167 1230 1231 1167 1167 1231 1168
1231 1232 1168 1168 1232 1169 1232 1233 1169
1169 1233 1170 1233 1234 1170 1170 1234 1171
1234 1235 1171 1171 1235 1172 1235 1236 1172
1172 1236 1173 1236 1237 1173 1173 1237 1174
1237 1238 1174 1174 1238 1175 1238 1239 1175
1175 1239 1176 1239 1240 1176 1176 1240 1177
1240 1241 1177 1177 1241 1178 1241 1242 1178
1178 1242 1179 1242 1243 1179 1179 1243 1180
1243 1244 1180 1180 1244 1181 1244 1245 1181
1181 1245 1182 1245 1246 1182 1182 1246 1183
1246 1247 1183 1183 1247 1184 1247 1248 1184
1184 1248 1185 1248 1249 1185 1185 1249 1186
1249 1250 1186 1186 1250 1187 1250 1251 1187
1187 1251 1188 1251 1252 1188 1188 1252 1189
1252 1253 1189 1189 1253 1190 1253 1254 1190
1190 1254 1191 1254 1255 1191 1191 1255 1192
1255 1256 1192 1192 1256 1193 1256 1257 1193
1193 1257 1194 1257 1258 1194 1194 1258 1195
1258 1259 1195 1195 1259 1196 1259 1260 1196
1196 1260 1197 1260 1261 1197 1197 1261 1198
1261 1262 1198 1198 1262 1199 1262 1263 1199
1199 1263 1200 1263 1264 1200 1200 1264 1201
1264 1265 1201 1201 1265 1202 1265 1266 1202
1202 1266 1203 1266 1267 1203 1203 1267 1204
1267 1268 1204 1204 1268 1205 1268 1269 1205
1205 1269 1206 1269 1270 1206 1206 1270 1207
1270 1271 1207 1207 1271 1208 1271 1272 1208
1208 1272 1209 1272 1273 1209 1209 1273 1210
1273 1274 1210 1210 1274 1211 1274 1275 1211
1211 1275 1212 1275 1276 1212 1212 1276 1213
1276 1277 1213 1213 1277 1214 1277 1278 1214
1214 1278 1215 1278 1279 1215 1215 1279 1152
1279 1216 1152 1216 1280 1217 1280 1281 1217
1217 1281 1218 1281 1282 1218 1218 1282 1219
1282 1283 1219 1219 1283 1220 1283 1284 1220
1220 1284 1221 1284 1285 1221 1221 1285 1222
1285 1286 1222 1222 1286 1223 1286 1287 1223
1223 1287 1224 1287 1288 1224 1224 1288 1225
1288 1289 1225 1225 1289 1226 1289 1290 1226
1226 1290 1227 1290 1291 1227 1227 1291 1228
1291 1292 1228 1228 1292 1229 1292 1293 1229
1229 1293 1230 1293 1294 1230 1230 1294 1231
1294 1295 1231 1231 1295 1232 1295 1296 1232
1232 1296 1233 1296 1297 1233 1233 1297 1234
1297 1298 1234 1234 1298 1235 1298 1299 1235
1235 1299 1236 1299 1300 1236 1236 1300 1237
1300 1301 1237 1237 1301 1238 1301 1302 1238
1238 1302 1239 1302 1303 1239 1239 1303 1240
1303 1304 1240 1240 1304 1241 1304 1305 1241
1241 1305 1242 1305 1306 1242 1242 1306 1243
1306 1307 1243 1243 1307 1244 1307 1308 1244
1244 1308 1245 1308 1309 1245 1245 1309 1246
1309 1310 1246 1246 1310 1247 1310 1311 1247
1247 1311 1248 1311 1312 1248 1248 1312 1249
1312 1313 1249 1249 1313 1250 1313 1314 1250
1250 1314 1251 1314 1315 1251 1251 1315 1252
1315 1316 1252 1252 1316 1253 1316 1317 1253
1253 1317 1254 1317 1318 1254 1254 1318 1255
1318 1319 1255 1255 1319 1256 1319 1320 1256
1256 1320 1257 1320 1321 1257 1257 1321 1258
1321 1322 1258 1258 1322 1259 1322 1323 1259
1259 1323 1260 1323 1324 1260 1260 1324 1261
1324 1325 1261 1261 1325 1262 1325 1326 1262
1262 1326 1263 1326 1327 1263 1263 1327 1264
1327 1328 1264 1264 1328 1265 1328 1329 1265
1265 1329 1266 1329 1330 1266 1266 1330 1267
1330 1331 1267 1267 1331 1268 1331 1332 1268
1268 1332 1269 1332 1333 1269 1269 1333 1270
1333 1334 1270 1270 1334 1271 1334 1335 1271
1271 1335 1272 1335 1336 1272 1272 1336 1273
1336 1337 1273 1273 1337 1274 1337 1338 1274
1274 1338 1275 1338 1339 1275 1275 1339 1276
1339 1340 1276 1276 1340 1277 1340 1341 1277
1277 1341 1278 1341 1342 1278 1278 1342 1279
1342 1343 1279 1279 1343 1216 1343 1280 1216
1280 1344 1281 1344 1345 1281 1281 1345 1282
1345 1346 1282 1282 1346 1283 1346 1347 1283
1283 1347 1284 1347 1348 1284 1284 1348 1285
1348 1349 1285 1285 1349 1286 1349 1350 1286
1286 1350 1287 1350 1351 1287 1287 1351 1288
1351 1352 1288 1288 1352 1289 1352 1353 1289
1289 1353 1290 1353 1354 1290 1290 1354 1291
1354 1355 1291 1291 1355 1292 1355 1356 1292
1292 1356 1293 1356 1357 1293 1293 1357 1294
1357 1358 1294 1294 1358 1295 1358 1359 1295
1295 1359 1296 1359 1360 1296 1296 1360 1297
1360 1361 1297 1297 1361 1298 1361 1362 1298
1298 1362 1299 1362 1363 1299 1299 1363 1300
1363 1364 1300 1300 1364 1301 1364 1365 1301
1301 1365 1302 1365 1366 1302 1302 1366 1303
1366 1367 1303 1303 1367 1304 1367 1368 1304
1304 1368 1305 1368 1369 1305 1305 1369 1306
1369 1370 1306 1306 1370 1307 1370 1371 1307
1307 1371 1308 1371 1372 1308 1308 1372 1309
1372 1373 1309 1309 1373 1310 1373 1374 1310
1310 1374 1311 1374 1375 1311 1311 1375 1312
1375 1376 1312 1312 1376 1313 1376 1377 1313
1313 1377 1314 1377 1378 1314 1314 1378 1315
1378 1379 1315 1315 1379 1316 1379 1380 1316
1316 1380 1317 1380 1381 1317 1317 1381 1318
1381 1382 1318 1318 1382 1319 1382 1383 1319
1319 1383 1320 1383 1384 1320 1320 1384 1321
1384 1385 1321 1321 1385 1322 1385 1386 1322
1322 1386 1323 1386 1387 1323 1323 1387 1324
1387 1388 1324 1324 1388 1325 1388 1389 1325
1325 1389 1326 1389 1390 1326 1326 1390 1327
1390 1391 1327 1327 1391 1328 1391 1392 1328
1328 1392 1329 1392 1393 1329 1329 1393 1330
1393 1394 1330 1330 1394 1331 1394 1395 1331
1331 1395 1332 1395 1396 1332 1332 1396 1333
1396 1397 1333 1333 1397 1334 1397 1398 1334
1334 1398 1335 1398 1399 1335 1335 1399 1336
1399 1400 1336 1336 1400 1337 1400 1401 1337
1337 1401 1338 1401 1402 1338 1338 1402 1339
1402 1403 1339 1339 1403 1340 1403 1404 1340
1340 1404 1341 1404 1405 1341 1341 1405 1342
1405 1406 1342 1342 1406 1343 1406 1407 1343
1343 1407 1280 1407 1344 1280 1344 1408 1345
1408 1409 1345 1345 1409 1346 1409 1410 1346
1346 1410 1347 1410 1411 1347 1347 1411 1348
1411 1412 1348 1348 1412 1349 1412 1413 1349
1349 1413 1350 1413 1414 1350 1350 1414 1351
1414 1415 1351 1351 1415 1352 1415 1416 1352
1352 1416 1353 1416 1417 1353 1353 1417 1354
1417 1418 1354 1354 1418 1355 1418 1419 1355
1355 1419 1356 1419 1420 1356 1356 1420 1357
1420 1421 1357 1357 1421 1358 1421 1422 1358
1358 1422 1359 1422 1423 1359 1359 1423 1360
1423 1424 1360 1360 1424 1361 1424 1425 1361
1361 1425 1362 1425 1426 1362 1362 1426 1363
1426 1427 1363 1363 1427 1364 1427 1428 1364
1364 1428 1365 1428 1429 1365 1365 1429 1366
1429 1430 1366 1366 1430 1367 1430 1431 1367
1367 1431 1368 1431 1432 1368 1368 1432 1369
1432 1433 1369 1369 1433 1370 1433 1434 1370
1370 1434 1371 1434 1435 1371 1371 1435 1372
1435 1436 1372 1372 1436 1373 1436 1437 1373
1373 1437 1374 1437 1438 1374 1374 1438 1375
1438 1439 1375 1375 1439 1376 1439 1440 1376
1376 1440 1377 1440 1441 1377 1377 1441 1378
1441 1442 1378 1378 1442 1379 1442 1443 1379
1379 1443 1380 1443 1444 1380 1380 1444 1381
1444 1445 1381 1381 1445 1382 1445 1446 1382
1382 1446 1383 1446 1447 1383 1383 1447 1384
1447 1448 1384 1384 1448 1385 1448 1449 1385
1385 1449 1386 1449 1450 1386 1386 1450 1387
1450 1451 1387 1387 1451 1388 1451 1452 1388
1388 1452 1389 1452 1453 1389 1389 1453 1390
1453 1454 1390 1390 1454 1391 1454 1455 1391
1391 1455 1392 1455 1456 1392 1392 1456 1393
1456 1457 1393 1393 1457 1394 1457 1458 1394
1394 1458 1395 1458 1459 1395 1395 1459 1396
1459 1460 1396 1396 1460 1397 1460 1461 1397
1397 1461 1398 1461 1462 1398 1398 1462 1399
1462 1463 1399 1399 1463 1400 1463 1464 1400
1400 1464 1401 1464 1465 1401 1401 1465 1402
1465 1466 1402 1402 1466 1403 1466 1467 1403
1403 1467 1404 1467 1468 1404 1404 1468 1405
1468 1469 1405 1405 1469 1406 1469 1470 1406
1406 1470 1407 1470 1471 1407 1407 1471 1344
1471 1408 1344 1408 1472 1409 1472 1473 1409
1409 1473 1410 1473 1474 1410 1410 1474 1411
1474 1475 1411 1411 1475 1412 1475 1476 1412
1412 1476 1413 1476 1477 1413 1413 1477 1414
1477 1478 1414 1414 1478 1415 1478 1479 1415
1415 1479 1416 1479 1480 1416 1416 1480 1417
1480 1481 1417 1417 1481 1418 1481 1482 1418
1418 1482 1419 1482 1483 1419 1419 1483 1420
1483 1484 1420 1420 1484 1421 1484 1485 1421
1421 1485 1422 1485 1486 1422 1422 1486 1423
1486 1487 1423 1423 1487 1424 1487 1488 1424
1424 1488 1425 1488 1489 1425 1425 1489 1426
1489 1490 1426 1426 1490 1427 1490 1491 1427
1427 1491 1428 1491 1492 1428 1428 1492 1429
1492 1493 1429 1429 1493 1430 1493 1494 1430
1430 1494 1431 1494 1495 1431 1431 1495 1432
1495 1496 1432 1432 1496 1433 1496 1497 1433
1433 1497 1434 1497 1498 1434 1434 1498 1435
1498 1499 1435 1435 1499 1436 1499 1500 1436
1436 1500 1437 1500 1501 1437 1437 1501 1438
1501 1502 1438 1438 1502 1439 1502 1503 1439
1439 1503 1440 1503 1504 1440 1440 1504 1441
1504 1505 1441 1441 1505 1442 1505 1506 1442
1442 1506 1443 1506 1507 1443 1443 1507 1444
1507 1508 1444 1444 1508 1445 1508 1509 1445
1445 1509 1446 1509 1510 1446 1446 1510 1447
1510 1511 1447 1447 1511 1448 1511 1512 1448
1448 1512 1449 1512 1513 1449 1449 1513 1450
1513 1514 1450 1450 1514 1451 1514 1515 1451
1451 1515 1452 1515 1516 1452 1452 1516 1453
1516 1517 1453 1453 1517 1454 1517 1518 1454
1454 1518 1455 1518 1519 1455 1455 1519 1456
1519 1520 1456 1456 1520 1457 1520 1521 1457
1457 1521 1458 1521 1522 1458 1458 1522 1459
1522 1523 1459 1459 1523 1460 1523 1524 1460
1460 1524 1461 1524 1525 1461 1461 1525 1462
1525 1526 1462 1462 1526 1463 1526 1527 1463
1463 1527 1464 1527 1528 1464 1464 1528 1465
1528 1529 1465 1465 1529 1466 1529 1530 1466
1466 1530 1467 1530 1531 1467 1467 1531 1468
1531 1532 1468 1468 1532 1469 1532 1533 1469
1469 1533 1470 1533 1534 1470 1470 1534 1471
1534 1535 1471 1471 1535 1408 1535 1472 1408
1472 1536 1473 1536 1537 1473 1473 1537 1474
1537 1538 1474 1474 1538 1475 1538 1539 1475
1475 1539 1476 1539 1540 1476 1476 1540 1477
1540 1541 1477 1477 1541 1478 1541 1542 1478
1478 1542 1479 1542 1543 1479 1479 1543 1480
1543 1544 1480 1480 1544 1481 1544 1545 1481
1481 1545 1482 1545 1546 1482 1482 1546 1483
1546 1547 1483 1483 1547 1484 1547 1548 1484
1484 1548 1485 1548 1549 1485 1485 1549 1486
1549 1550 1486 1486 1550 1487 1550 1551 1487
1487 1551 1488 1551 1552 1488 1488 1552 1489
1552 1553 1489 1489 1553 1490 1553 1554 1490
1490 1554 1491 1554 1555 1491 1491 1555 1492
1555 1556 1492 1492 1556 1493 1556 1557 1493
1493 1557 1494 1557 1558 1494 1494 1558 1495
1558 1559 1495 1495 1559 1496 1559 1560 1496
1496 1560 1497 1560 1561 1497 1497 1561 1498
1561 1562 1498 1498 1562 1499 1562 1563 1499
1499 1563 1500 1563 1564 1500 1500 1564 1501
1564 1565 1501 1501 1565 1502 1565 1566 1502
1502 1566 1503 1566 1567 1503 1503 1567 1504
1567 1568 1504 1504 1568 1505 1568 1569 1505
1505 1569 1506 1569 1570 1506 1506 1570 1507
1570 1571 1507 1507 1571 1508 1571 1572 1508
1508 1572 1509 1572 1573 1509 1509 1573 1510
1573 1574 1510 1510 1574 1511 1574 1575 1511
1511 1575 1512 1575 1576 1512 1512 1576 1513
1576 1577 1513 1513 1577 1514 1577 1578 1514
1514 1578 1515 1578 1579 1515 1515 1579 1516
1579 1580 1516 1516 1580 1517 1580 1581 1517
1517 1581 1518 1581 1582 1518 1518 1582 1519
1582 1583 1519 1519 1583 1520 1583 1584 1520
1520 1584 1521 1584 1585 1521 1521 1585 1522
1585 1586 1522 1522 1586 1523 1586 1587 1523
1523 1587 1524 1587 1588 1524 1524 1588 1525
1588 1589 1525 1525 1589 1526 1589 1590 1526
1526 1590 1527 1590 1591 1527 1527 1591 1528
1591 1592 1528 1528 1592 1529 1592 1593 1529
1529 1593 1530 1593 1594 1530 1530 1594 1531
1594 1595 1531 1531 1595 1532 1595 1596 1532
1532 1596 1533 1596 1597 1533 1533 1597 1534
1597 1598 1534 1534 1598 1535 1598 1599 1535
1535 1599 1472 1599 1536 1472 1536 1600 1537
1600 1601 1537 1537 1601 1538 1601 1602 1538
1538 1602 1539 1602 1603 1539 1539 1603 1540
1603 1604 1540 1540 1604 1541 1604 1605 1541
1541 1605 1542 1605 1606 1542 1542 1606 1543
1606 1607 1543 1543 1607 1544 1607 1608 1544
1544 1608 1545 1608 1609 1545 1545 1609 1546
1609 1610 1546 1546 1610 1547 1610 1611 1547
1547 1611 1548 1611 1612 1548 1548 1612 1549
1612 1613 1549 1549 1613 1550 1613 1614 1550
1550 1614 1551 1614 1615 1551 1551 1615 1552
1615 1616 1552 1552 1616 1553 1616 1617 1553
1553 1617 1554 1617 1618 1554 1554 1618 1555
1618 1619 1555 1555 1619 1556 1619 1620 1556
1556 1620 1557 1620 1621 1557 1557 1621 1558
1621 1622 1558 1558 1622 1559 1622 1623 1559
1559 1623 1560 1623 1624 1560 1560 1624 1561
1624 1625 1561 1561 1625 1562 1625 1626 1562
1562 1626 1563 1626 1627 1563 1563 1627 1564
1627 1628 1564 1564 1628 1565 1628 1629 1565
1565 1629 1566 1629 1630 1566 1566 1630 1567
1630 1631 1567 1567 1631 1568 1631 1632 1568
1568 1632 1569 1632 1633 1569 1569 1633 1570
1633 1634 1570 1570 1634 1571 1634 1635 1571
1571 1635 1572 1635 1636 1572 1572 1636 1573
1636 1637 1573 1573 1637 1574 1637 1638 1574
1574 1638 1575 1638 1639 1575 1575 1639 1576
1639 1640 1576 1576 1640 1577 1640 1641 1577
1577 1641 1578 1641 1642 1578 1578 1642 1579
1642 1643 1579 1579 1643 1580 1643 1644 1580
1580 1644 1581 1644 1645 1581 1581 1645 1582
1645 1646 1582 1582 1646 1583 1646 1647 1583
1583 1647 1584 1647 1648 1584 1584 1648 1585
1648 1649 1585 1585 1649 1586 1649 1650 1586
1586 1650 1587 1650 1651 1587 1587 1651 1588
1651 1652 1588 1588 1652 1589 1652 1653 1589
1589 1653 1590 1653 1654 1590 1590 1654 1591
1654 1655 1591 1591 1655 1592 1655 1656 1592
1592 1656 1593 1656 1657 1593 1593 1657 1594
1657 1658 1594 1594 1658 1595 1658 1659 1595
1595 1659 1596 1659 1660 1596 1596 1660 1597
1660 1661 1597 1597 1661 1598 1661 1662 1598
1598 1662 1599 1662 1663 1599 1599 1663 1536
1663 1600 1536 1600 1664 1601 1664 1665 1601
1601 1665 1602 1665 1666 1602 1602 1666 1603
1666 1667 1603 1603 1667 1604 1667 1668 1604
1604 1668 1605 1668 1669 1605 1605 1669 1606
1669 1670 1606 1606 1670 1607 1670 1671 1607
1607 1671 1608 1671 1672 1608 1608 1672 1609
1672 1673 1609 1609 1673 1610 1673 1674 1610
1610 1674 1611 1674 1675 1611 1611 1675 1612
1675 1676 1612 1612 1676 1613 1676 1677 1613
1613 1677 1614 1677 1678 1614 1614 1678 1615
1678 1679 1615 1615 1679 1616 1679 1680 1616
1616 1680 1617 1680 1681 1617 1617 1681 1618
1681 1682 1618 1618 1682 1619 1682 1683 1619
1619 1683 1620 1683 1684 1620 1620 1684 1621
1684 1685 1621 1621 1685 1622 1685 1686 1622
1622 1686 1623 1686 1687 1623 1623 1687 1624
1687 1688 1624 1624 1688 1625 1688 1689 1625
1625 1689 1626 1689 1690 1626 1626 1690 1627
1690 1691 1627 1627 1691 1628 1691 1692 1628
1628 1692 1629 1692 1693 1629 1629 1693 1630
1693 1694 1630 1630 1694 1631 1694 1695 1631
1631 1695 1632 1695 1696 1632 1632 1696 1633
1696 1697 1633 1633 1697 1634 1697 1698 1634
1634 1698 1635 1698 1699 1635 1635 1699 1636
1699 1700 1636 1636 1700 1637 1700 1701 1637
1637 1701 1638 1701 1702 1638 1638 1702 1639
1702 1703 1639 1639 1703 1640 1703 1704 1640
1640 1704 1641 1704 1705 1641 1641 1705 1642
1705 1706 1642 1642 1706 1643 1706 1707 1643
1643 1707 1644 1707 1708 1644 1644 1708 1645
1708 1709 1645 1645 1709 1646 1709 1710 1646
1646 1710 1647 1710 1711 1647 1647 1711 1648
1711 1712 1648 1648 1712 1649 1712 1713 1649
1649 1713 1650 1713 1714 1650 1650 1714 1651
1714 1715 1651 1651 1715 1652 1715 1716 1652
1652 1716 1653 1716 1717 1653 1653 1717 1654
1717 1718 1654 1654 1718 1655 1718 1719 1655
1655 1719 1656 1719 1720 1656 1656 1720 1657
1720 1721 1657 1657 1721 1658 1721 1722 1658
1658 1722 1659 1722 1723 1659 1659 1723 1660
1723 1724 1660 1660 1724 1661 1724 1725 1661
1661 1725 1662 1725 1726 1662 1662 1726 1663
1726 1727 1663 1663 1727 1600 1727 1664 1600
1664 1728 1665 1728 1729 1665 1665 1729 1666
1729 1730 1666 1666 1730 1667 1730 1731 1667
1667 1731 1668 1731 1732 1668 1668 1732 1669
1732 1733 1669 1669 1733 1670 1733 1734 1670
1670 1734 1671 1734 1735 1671 1671 1735 1672
1735 1736 1672 1672 1736 1673 1736 1737 1673
1673 1737 1674 1737 1738 1674 1674 1738 1675
1738 1739 1675 1675 1739 1676 1739 1740 1676
1676 1740 1677 1740 1741 1677 1677 1741 1678
1741 1742 1678 1678 1742 1679 1742 1743 1679
1679 1743 1680 1743 1744 1680 1680 1744 1681
1744 1745 1681 1681 1745 1682 1745 1746 1682
1682 1746 1683 1746 1747 1683 1683 1747 1684
1747 1748 1684 1684 1748 1685 1748 1749 1685
1685 1749 1686 1749 1750 1686 1686 1750 1687
1750 1751 1687 1687 1751 1688 1751 1752 1688
1688 1752 1689 1752 1753 1689 1689 1753 1690
1753 1754 1690 1690 1754 1691 1754 1755 1691
1691 1755 1692 1755 1756 1692 1692 1756 1693
1756 1757 1693 1693 1757 1694 1757 1758 1694
1694 1758 1695 1758 1759 1695 1695 1759 1696
1759 1760 1696 1696 1760 1697 1760 1761 1697
1697 1761 1698 1761 1762 1698 1698 1762 1699
1762 1763 1699 1699 1763 1700 1763 1764 1700
1700 1764 1701 1764 1765 1701 1701 1765 1702
1765 1766 1702 1702 1766 1703 1766 1767 1703
1703 1767 1704 1767 1768 1704 1704 1768 1705
1768 1769 1705 1705 1769 1706 1769 1770 1706
1706 1770 1707 1770 1771 1707 1707 1771 1708
1771 1772 1708 1708 1772 1709 1772 1773 1709
1709 1773 1710 1773 1774 1710 1710 1774 1711
1774 1775 1711 1711 1775 1712 1775 1776 1712
1712 1776 1713 1776 1777 1713 1713 1777 1714
1777 1778 1714 1714 1778 1715 1778 1779 1715
1715 1779 1716 1779 1780 1716 1716 1780 1717
1780 1781 1717 1717 1781 1718 1781 1782 1718
1718 1782 1719 1782 1783 1719 1719 1783 1720
1783 1784 1720 1720 1784 1721 1784 1785 1721
1721 1785 1722 1785 1786 1722 1722 1786 1723
1786 1787 1723 1723 1787 1724 1787 1788 1724
1724 1788 1725 1788 1789 1725 1725 1789 1726
1789 1790 1726 1726 1790 1727 1790 1791 1727
1727 1791 1664 1791 1728 1664 1728 1792 1729
1792 1793 1729 1729 1793 1730 1793 1794 1730
1730 1794 1731 1794 1795 1731 1731 1795 1732
1795 1796 1732 1732 1796 1733 1796 1797 1733
1733 1797 1734 1797 1798 1734 1734 1798 1735
1798 1799 1735 1735 1799 1736 1799 1800 1736
1736 1800 1737 1800 1801 1737 1737 1801 1738
1801 1802 1738 1738 1802 1739 1802 1803 1739
1739 1803 1740 1803 1804 1740 1740 1804 1741
1804 1805 1741 1741 1805 1742 1805 1806 1742
1742 1806 1743 1806 1807 1743 1743 1807 1744
1807 1808 1744 1744 1808 1745 1808 1809 1745
1745 1809 1746 1809 1810 1746 1746 1810 1747
1810 1811 1747 1747 1811 1748 1811 1812 1748
1748 1812 1749 1812 1813 1749 1749 1813 1750
1813 1814 1750 1750 1814 1751 1814 1815 1751
1751 1815 1752 1815 1816 1752 1752 1816 1753
1816 1817 1753 1753 1817 1754 1817 1818 1754
1754 1818 1755 1818 1819 1755 1755 1819 1756
1819 1820 1756 1756 1820 1757 1820 1821 1757
1757 1821 1758 1821 1822 1758 1758 1822 1759
1822 1823 1759 1759 1823 1760 1823 1824 1760
1760 1824 1761 1824 1825 1761 1761 1825 1762
1825 1826 1762 1762 1826 1763 1826 1827 1763
1763 1827 1764 1827 1828 1764 1764 1828 1765
1828 1829 1765 1765 1829 1766 1829 1830 1766
1766 1830 1767 1830 1831 1767 1767 1831 1768
1831 1832 1768 1768 1832 1769 1832 1833 1769
1769 1833 1770 1833 1834 1770 1770 1834 1771
1834 1835 1771 1771 1835 1772 1835 1836 1772
1772 1836 1773 1836 1837 1773 1773 1837 1774
1837 1838 1774 1774 1838 1775 1838 1839 1775
1775 1839 1776 1839 1840 1776 1776 1840 1777
1840 1841 1777 1777 1841 1778 1841 1842 1778
1778 1842 1779 1842 1843 1779 1779 1843 1780
1843 1844 1780 1780 1844 1781 1844 1845 1781
1781 1845 1782 1845 1846 1782 1782 1846 1783
1846 1847 1783 1783 1847 1784 1847 1848 1784
1784 1848 1785 1848 1849 1785 1785 1849 1786
1849 1850 1786 1786 1850 1787 1850 1851 1787
1787 1851 1788 1851 1852 1788 1788 1852 1789
1852 1853 1789 1789 1853 1790 1853 1854 1790
1790 1854 1791 1854 1855 1791 1791 1855 1728
1855 1792 1728 1792 1856 1793 1856 1857 1793
1793 1857 1794 1857 1858 1794 1794 1858 1795
1858 1859 1795 1795 1859 1796 1859 1860 1796
1796 1860 1797 1860 1861 1797 1797 1861 1798
1861 1862 1798 1798 1862 1799 1862 1863 1799
1799 1863 1800 1863 1864 1800 1800 1864 1801
1864 1865 1801 1801 1865 1802 1865 1866 1802
1802 1866 1803 1866 1867 1803 1803 1867 1804
1867 1868 1804 1804 1868 1805 1868 1869 1805
1805 1869 1806 1869 1870 1806 1806 1870 1807
1870 1871 1807 1807 1871 1808 1871 1872 1808
1808 1872 1809 1872 1873 1809 1809 1873 1810
1873 1874 1810 1810 1874 1811 1874 1875 1811
1811 1875 1812 1875 1876 1812 1812 1876 1813
1876 1877 1813 1813 1877 1814 1877 1878 1814
1814 1878 1815 1878 1879 1815 1815 1879 1816
1879 1880 1816 1816 1880 1817 1880 1881 1817
1817 1881 1818 1881 1882 1818 1818 1882 1819
1882 1883 1819 1819 1883 1820 1883 1884 1820
1820 1884 1821 1884 1885 1821 1821 1885 1822
1885 1886 1822 1822 1886 1823 1886 1887 1823
1823 1887 1824 1887 1888 1824 1824 1888 1825
1888 1889 1825 1825 1889 1826 1889 1890 1826
1826 1890 1827 1890 1891 1827 1827 1891 1828
1891 1892 1828 1828 1892 1829 1892 1893 1829
1829 1893 1830 1893 1894 1830 1830 1894 1831
1894 1895 1831 1831 1895 1832 1895 1896 1832
1832 1896 1833 1896 1897 1833 1833 1897 1834
1897 1898 1834 1834 1898 1835 1898 1899 1835
1835 1899 1836 1899 1900 1836 1836 1900 1837
1900 1901 1837 1837 1901 1838 1901 1902 1838
1838 1902 1839 1902 1903 1839 1839 1903 1840
1903 1904 1840 1840 1904 1841 1904 1905 1841
1841 1905 1842 1905 1906 1842 1842 1906 1843
1906 1907 1843 1843 1907 1844 1907 1908 1844
1844 1908 1845 1908 1909 1845 1845 1909 1846
1909 1910 1846 1846 1910 1847 1910 1911 1847
1847 1911 1848 1911 1912 1848 1848 1912 1849
1912 1913 1849 1849 1913 1850 1913 1914 1850
1850 1914 1851 1914 1915 1851 1851 1915 1852
1915 1916 1852 1852 1916 1853 1916 1917 1853
1853 1917 1854 1917 1918 1854 1854 1918 1855
1918 1919 1855 1855 1919 1792 1919 1856 1792
1856 1920 1857 1920 1921 1857 1857 1921 1858
1921 1922 1858 1858 1922 1859 1922 1923 1859
1859 1923 1860 1923 1924 1860 1860 1924 1861
1924 1925 1861 1861 1925 1862 1925 1926 1862
1862 1926 1863 1926 1927 1863 1863 1927 1864
1927 1928 1864 1864 1928 1865 1928 1929 1865
1865 1929 1866 1929 1930 1866 1866 1930 1867
1930 1931 1867 1867 1931 1868 1931 1932 1868
1868 1932 1869 1932 1933 1869 1869 1933 1870
1933 1934 1870 1870 1934 1871 1934 1935 1871
1871 1935 1872 1935 1936 1872 1872 1936 1873
1936 1937 1873 1873 1937 1874 1937 1938 1874
1874 1938 1875 1938 1939 1875 1875 1939 1876
1939 1940 1876 1876 1940 1877 1940 1941 1877
1877 1941 1878 1941 1942 1878 1878 1942 1879
1942 1943 1879 1879 1943 1880 1943 1944 1880
1880 1944 1881 1944 1945 1881 1881 1945 1882
1945 1946 1882 1882 1946 1883 1946 1947 1883
1883 1947 1884 1947 1948 1884 1884 1948 1885
1948 1949 1885 1885 1949 1886 1949 1950 1886
1886 1950 1887 1950 1951 1887 1887 1951 1888
1951 1952 1888 1888 1952 1889 1952 1953 1889
1889 1953 1890 1953 1954 1890 1890 1954 1891
1954 1955 1891 1891 1955 1892 1955 1956 1892
1892 1956 1893 1956 1957 1893 1893 1957 1894
1957 1958 1894 1894 1958 1895 1958 1959 1895
1895 1959 1896 1959 1960 1896 1896 1960 1897
1960 1961 1897 1897 1961 1898 1961 1962 1898
1898 1962 1899 1962 1963 1899 1899 1963 1900
1963 1964 1900 1900 1964 1901 1964 1965 1901
1901 1965 1902 1965 1966 1902 1902 1966 1903
1966 1967 1903 1903 1967 1904 1967 1968 1904
1904 1968 1905 1968 1969 1905 1905 1969 1906
1969 1970 1906 1906 1970 1907 1970 1971 1907
1907 1971 1908 1971 1972 1908 1908 1972 1909
1972 1973 1909 1909 1973 1910 1973 1974 1910
1910 1974 1911 1974 1975 1911 1911 1975 1912
1975 1976 1912 1912 1976 1913 1976 1977 1913
1913 1977 1914 1977 1978 1914 1914 1978 1915
1978 1979 1915 1915 1979 1916 1979 1980 1916
1916 1980 1917 1980 1981 1917 1917 1981 1918
1981 1982 1918 1918 1982 1919 1982 1983 1919
1919 1983 1856 1983 1920 1856 1920 1984 1921
1984 1985 1921 1921 1985 1922 1985 1986 1922
1922 1986 1923 1986 1987 1923 1923 1987 1924
1987 1988 1924 1924 1988 1925 1988 1989 1925
1925 1989 1926 1989 1990 1926 1926 1990 1927
1990 1991 1927 1927 1991 1928 1991 1992 1928
1928 1992 1929 1992 1993 1929 1929 1993 1930
1993 1994 1930 1930 1994 1931 1994 1995 1931
1931 1995 1932 1995 1996 1932 1932 1996 1933
1996 1997 1933 1933 1997 1934 1997 1998 1934
1934 1998 1935 1998 1999 1935 1935 1999 1936
1999 2000 1936 1936 2000 1937 2000 2001 1937
1937 2001 1938 2001 2002 1938 1938 2002 1939
2002 2003 1939 1939 2003 1940 2003 2004 1940
1940 2004 1941 2004 2005 1941 1941 2005 1942
2005 2006 1942 1942 2006 1943 2006 2007 1943
1943 2007 1944 2007 2008 1944 1944 2008 1945
2008 2009 1945 1945 2009 1946 2009 2010 1946
1946 2010 1947 2010 2011 1947 1947 2011 1948
2011 2012 1948 1948 2012 1949 2012 2013 1949
1949 2013 1950 2013 2014 1950 1950 2014 1951
2014 2015 1951 1951 2015 1952 2015 2016 1952
1952 2016 1953 2016 2017 1953 1953 2017 1954
2017 2018 1954 1954 2018 1955 2018 2019 1955
1955 2019 1956 2019 2020 1956 1956 2020 1957
2020 2021 1957 1957 2021 1958 2021 2022 1958
1958 2022 1959 2022 2023 1959 1959 2023 1960
2023 2024 1960 1960 2024 1961 2024 2025 1961
1961 2025 1962 2025 2026 1962 1962 2026 1963
2026 2027 1963 1963 2027 1964 2027 2028 1964
1964 2028 1965 2028 2029 1965 1965 2029 1966
2029 2030 1966 1966 2030 1967 2030 2031 1967
1967 2031 1968 2031 2032 1968 1968 2032 1969
2032 2033 1969 1969 2033 1970 2033 2034 1970
1970 2034 1971 2034 2035 1971 1971 2035 1972
2035 2036 1972 1972 2036 1973 2036 2037 1973
1973 2037 1974 2037 2038 1974 1974 2038 1975
2038 2039 1975 1975 2039 1976 2039 2040 1976
1976 2040 1977 2040 2041 1977 1977 2041 1978
2041 2042 1978 1978 2042 1979 2042 2043 1979
1979 2043 1980 2043 2044 1980 1980 2044 1981
2044 2045 1981 1981 2045 1982 2045 2046 1982
1982 2046 1983 2046 2047 1983 1983 2047 1920
2047 1984 1920 1984 2048 1985 1985 2049 1986
1986 2050 1987 1987 2051 1988 1988 2052 1989
1989 2053 1990 1990 2054 1991 1991 2055 1992
1992 2056 1993 1993 2057 1994 1994 2058 1995
1995 2059 1996 1996 2060 1997 1997 2061 1998
1998 2062 1999 1999 2063 2000 2000 2064 2001
2001 2065 2002 2002 2066 2003 2003 2067 2004
2004 2068 2005 2005 2069 2006 2006 2070 2007
2007 2071 2008 2008 2072 2009 2009 2073 2010
2010 2074 2011 2011 2075 2012 2012 2076 2013
2013 2077 2014 2014 2078 2015 2015 2079 2016
2016 2080 2017 2017 2081 2018 2018 2082 2019
2019 2083 2020 2020 2084 2021 2021 2085 2022
2022 2086 2023 2023 2087 2024 2024 2088 2025
2025 2089 2026 2026 2090 2027 2027 2091 2028
2028 2092 2029 2029 2093 2030 2030 2094 2031
2031 2095 2032 2032 2096 2033 2033 2097 2034
2034 2098 2035 2035 2099 2036 2036 2100 2037
2037 2101 2038 2038 2102 2039 2039 2103 2040
2040 2104 2041 2041 2105 2042 2042 2106 2043
2043 2107 2044 2044 2108 2045 2045 2109 2046
2046 2110 2047 2047 2111 1984
POINT_DATA 2112
NORMALS Normals float
0 0 1 0 0 1 0 0 1
0 0 1 0 0 1 0 0 1
0 0 1 0 0 1 0 0 1
0 0 1 0 0 1 0 0 1
0 0 1 0 0 1 0 0 1
0 0 1 0 0 1 -0 0 1
-0 0 1 -0 0 1 -0 0 1
-0 0 1 -0 0 1 -0 0 1
-0 0 1 -0 0 1 -0 0 1
-0 0 1 -0 0 1 -0 0 1
-0 0 1 -0 0 1 -0 0 1
-0 -0 1 -0 -0 1 -0 -0 1
-0 -0 1 -0 -0 1 -0 -0 1
-0 -0 1 -0 -0 1 -0 -0 1
-0 -0 1 -0 -0 1 -0 -0 1
-0 -0 1 -0 -0 1 -0 -0 1
-0 -0 1 0 -0 1 0 -0 1
0 -0 1 0 -0 1 0 -0 1
0 -0 1 0 -0 1 0 -0 1
0 -0 1 0 -0 1 0 -0 1
0 -0 1 0 -0 1 0 -0 1
0 -0 1 0.0980171 0 0.995185 0.0975452 0.00960736 0.995185
0.0961338 0.0191222 0.995185 0.0937966 0.0284529 0.995185 0.090556 0.0375095 0.995185
0.0864434 0.046205 0.995185 0.0814983 0.0544554 0.995185 0.0757683 0.0621814 0.995185
0.0693086 0.0693086 0.995185 0.0621814 0.0757683 0.995185 0.0544554 0.0814983 0.995185
0.046205 0.0864434 0.995185 0.0375095 0.090556 0.995185 0.0284529 0.0937966 0.995185
0.0191222 0.0961338 0.995185 0.00960736 0.0975452 0.995185 6.00182e-18 0.0980171 0.995185
-0.00960736 0.0975452 0.995185 -0.0191222 0.0961338 0.995185 -0.0284529 0.0937966 0.995185
-0.0375095 0.090556 0.995185 -0.046205 0.0864434 0.995185 -0.0544554 0.0814983 0.995185
-0.0621814 0.0757683 0.995185 -0.0693086 0.0693086 0.995185 -0.0757683 0.0621814 0.995185
-0.0814983 0.0544554 0.995185 -0.0864434 0.046205 0.995185 -0.090556 0.0375095 0.995185
-0.0937966 0.0284529 0.995185 -0.0961338 0.0191222 0.995185 -0.0975452 0.00960736 0.995185
-0.0980171 1.20036e-17 0.995185 -0.0975452 -0.00960736 0.995185 -0.0961338 -0.0191222 0.995185
-0.0937966 -0.0284529 0.995185 -0.090556 -0.0375095 0.995185 -0.0864434 -0.046205 0.995185
-0.0814983 -0.0544554 0.995185 -0.0757683 -0.0621814 0.995185 -0.0693086 -0.0693086 0.995185
-0.0621814 -0.0757683 0.995185 -0.0544554 -0.0814983 0.995185 -0.046205 -0.0864434 0.995185
-0.0375095 -0.090556 0.995185 -0.0284529 -0.0937966 0.995185 -0.0191222 -0.0961338 0.995185
-0.00960736 -0.0975452 0.995185 -1.80055e-17 -0.0980171 0.995185 0.00960736 -0.0975452 0.995185
0.0191222 -0.0961338 0.995185 0.0284529 -0.0937966 0.995185 0.0375095 -0.090556 0.995185
0.046205 -0.0864434 0.995185 0.0544554 -0.0814983 0.995185 0.0621814 -0.0757683 0.995185
0.0693086 -0.0693086 0.995185 0.0757683 -0.0621814 0.995185 0.0814983 -0.0544554 0.995185
0.0864434 -0.046205 0.995185 0.090556 -0.0375095 0.995185 0.0937966 -0.0284529 0.995185
0.0961338 -0.0191222 0.995185 0.0975452 -0.00960736 0.995185 0.19509 0 0.980785
0.194151 0.0191222 0.980785 0.191342 0.0380602 0.980785 0.18669 0.0566317 0.980785
0.18024 0.0746578 0.980785 0.172054 0.0919649 0.980785 0.162212 0.108386 0.980785
0.150807 0.123764 0.980785 0.13795 0.13795 0.980785 0.123764 0.150807 0.980785
0.108386 0.162212 0.980785 0.0919649 0.172054 0.980785 0.0746578 0.18024 0.980785
0.0566317 0.18669 0.980785 0.0380602 0.191342 0.980785 0.0191222 0.194151 0.980785
1.19458e-17 0.19509 0.980785 -0.0191222 0.194151 0.980785 -0.0380602 0.191342 0.980785
-0.0566317 0.18669 0.980785 -0.0746578 0.18024 0.980785 -0.0919649 0.172054 0.980785
-0.108386 0.162212 0.980785 -0.123764 0.150807 0.980785 -0.13795 0.13795 0.980785
-0.150807 0.123764 0.980785 -0.162212 0.108386 0.980785 -0.172054 0.0919649 0.980785
-0.18024 0.0746578 0.980785 -0.18669 0.0566317 0.980785 -0.191342 0.0380602 0.980785
-0.194151 0.0191222 0.980785 -0.19509 2.38917e-17 0.980785 -0.194151 -0.0191222 0.980785
-0.191342 -0.0380602 0.980785 -0.18669 -0.0566317 0.980785 -0.18024 -0.0746578 0.980785
-0.172054 -0.0919649 0.980785 -0.162212 -0.108386 0.980785 -0.150807 -0.123764 0.980785
-0.13795 -0.13795 0.980785 -0.123764 -0.150807 0.980785 -0.108386 -0.162212 0.980785
-0.0919649 -0.172054 0.980785 -0.0746578 -0.18024 0.980785 -0.0566317 -0.18669 0.980785
-0.0380602 -0.191342 0.980785 -0.0191222 -0.194151 0.980785 -3.58375e-17 -0.19509 0.980785
0.0191222 -0.194151 0.980785 0.0380602 -0.191342 0.980785 0.0566317 -0.18669 0.980785
0.0746578 -0.18024 0.980785 0.0919649 -0.172054 0.980785 0.108386 -0.162212 0.980785
0.123764 -0.150807 0.980785 0.13795 -0.13795 0.980785 0.150807 -0.123764 0.980785
0.162212 -0.108386 0.980785 0.172054 -0.0919649 0.980785 0.18024 -0.0746578 0.980785
0.18669 -0.0566317 0.980785 0.191342 -0.0380602 0.980785 0.194151 -0.0191222 0.980785
0.290285 0 0.95694 0.288887 0.0284529 0.95694 0.284707 0.0566317 0.95694
0.277785 0.0842652 0.95694 0.268188 0.111087 0.95694 0.256008 0.136839 0.95694
0.241363 0.161274 0.95694 0.224393 0.184155 0.95694 0.205262 0.205262 0.95694
0.184155 0.224393 0.95694 0.161274 0.241363 0.95694 0.136839 0.256008 0.95694
0.111087 0.268188 0.95694 0.0842652 0.277785 0.95694 0.0566317 0.284707 0.95694
0.0284529 0.288887 0.95694 1.77748e-17 0.290285 0.95694 -0.0284529 0.288887 0.95694
-0.0566317 0.284707 0.95694 -0.0842652 0.277785 0.95694 -0.111087 0.268188 0.95694
-0.136839 0.256008 0.95694 -0.161274 0.241363 0.95694 -0.184155 0.224393 0.95694
-0.205262 0.205262 0.95694 -0.224393 0.184155 0.95694 -0.241363 0.161274 0.95694
-0.256008 0.136839 0.95694 -0.268188 0.111087 0.95694 -0.277785 0.0842652 0.95694
-0.284707 0.0566317 0.95694 -0.288887 0.0284529 0.95694 -0.290285 3.55496e-17 0.95694
-0.288887 -0.0284529 0.95694 -0.284707 -0.0566317 0.95694 -0.277785 -0.0842652 0.95694
-0.268188 -0.111087 0.95694 -0.256008 -0.136839 0.95694 -0.241363 -0.161274 0.95694
-0.224393 -0.184155 0.95694 -0.205262 -0.205262 0.95694 -0.184155 -0.224393 0.95694
-0.161274 -0.241363 0.95694 -0.136839 -0.256008 0.95694 -0.111087 -0.268188 0.95694
-0.0842652 -0.277785 0.95694 -0.0566317 -0.284707 0.95694 -0.0284529 -0.288887 0.95694
-5.33244e-17 -0.290285 0.95694 0.0284529 -0.288887 0.95694 0.0566317 -0.284707 0.95694
0.0842652 -0.277785 0.95694 0.111087 -0.268188 0.95694 0.136839 -0.256008 0.95694
0.161274 -0.241363 0.95694 0.184155 -0.224393 0.95694 0.205262 -0.205262 0.95694
0.224393 -0.184155 0.95694 0.241363 -0.161274 0.95694 0.256008 -0.136839 0.95694
0.268188 -0.111087 0.95694 0.277785 -0.0842652 0.95694 0.284707 -0.0566317 0.95694
0.288887 -0.0284529 0.95694 0.382683 0 0.92388 0.380841 0.0375095 0.92388
0.37533 0.0746578 0.92388 0.366205 0.111087 0.92388 0.353553 0.146447 0.92388
0.337497 0.180396 0.92388 0.31819 0.212608 0.92388 0.295818 0.242772 0.92388
0.270598 0.270598 0.92388 0.242772 0.295818 0.92388 0.212608 0.31819 0.92388
0.180396 0.337497 0.92388 0.146447 0.353553 0.92388 0.111087 0.366205 0.92388
0.0746578 0.37533 0.92388 0.0375095 0.380841 0.92388 2.34326e-17 0.382683 0.92388
-0.0375095 0.380841 0.92388 -0.0746578 0.37533 0.92388 -0.111087 0.366205 0.92388
-0.146447 0.353553 0.92388 -0.180396 0.337497 0.92388 -0.212608 0.31819 0.92388
-0.242772 0.295818 0.92388 -0.270598 0.270598 0.92388 -0.295818 0.242772 0.92388
-0.31819 0.212608 0.92388 -0.337497 0.180396 0.92388 -0.353553 0.146447 0.92388
-0.366205 0.111087 0.92388 -0.37533 0.0746578 0.92388 -0.380841 0.0375095 0.92388
-0.382683 4.68652e-17 0.92388 -0.380841 -0.0375095 0.92388 -0.37533 -0.0746578 0.92388
-0.366205 -0.111087 0.92388 -0.353553 -0.146447 0.92388 -0.337497 -0.180396 0.92388
-0.31819 -0.212608 0.92388 -0.295818 -0.242772 0.92388 -0.270598 -0.270598 0.92388
-0.242772 -0.295818 0.92388 -0.212608 -0.31819 0.92388 -0.180396 -0.337497 0.92388
-0.146447 -0.353553 0.92388 -0.111087 -0.366205 0.92388 -0.0746578 -0.37533 0.92388
-0.0375095 -0.380841 0.92388 -7.02978e-17 -0.382683 0.92388 0.0375095 -0.380841 0.92388
0.0746578 -0.37533 0.92388 0.111087 -0.366205 0.92388 0.146447 -0.353553 0.92388
0.180396 -0.337497 0.92388 0.212608 -0.31819 0.92388 0.242772 -0.295818 0.92388
0.270598 -0.270598 0.92388 0.295818 -0.242772 0.92388 0.31819 -0.212608 0.92388
0.337497 -0.180396 0.92388 0.353553 -0.146447 0.92388 0.366205 -0.111087 0.92388
0.37533 -0.0746578 0.92388 0.380841 -0.0375095 0.92388 0.471397 0 0.881921
0.469127 0.046205 0.881921 0.462339 0.0919649 0.881921 0.451099 0.136839 0.881921
0.435514 0.180396 0.881921 0.415735 0.222215 0.881921 0.391952 0.261894 0.881921
0.364395 0.299051 0.881921 0.333328 0.333328 0.881921 0.299051 0.364395 0.881921
0.261894 0.391952 0.881921 0.222215 0.415735 0.881921 0.180396 0.435514 0.881921
0.136839 0.451099 0.881921 0.0919649 0.462339 0.881921 0.046205 0.469127 0.881921
2.88647e-17 0.471397 0.881921 -0.046205 0.469127 0.881921 -0.0919649 0.462339 0.881921
-0.136839 0.451099 0.881921 -0.180396 0.435514 0.881921 -0.222215 0.415735 0.881921
-0.261894 0.391952 0.881921 -0.299051 0.364395 0.881921 -0.333328 0.333328 0.881921
-0.364395 0.299051 0.881921 -0.391952 0.261894 0.881921 -0.415735 0.222215 0.881921
-0.435514 0.180396 0.881921 -0.451099 0.136839 0.881921 -0.462339 0.0919649 0.881921
-0.469127 0.046205 0.881921 -0.471397 5.77295e-17 0.881921 -0.469127 -0.046205 0.881921
-0.462339 -0.0919649 0.881921 -0.451099 -0.136839 0.881921 -0.435514 -0.180396 0.881921
-0.415735 -0.222215 0.881921 -0.391952 -0.261894 0.881921 -0.364395 -0.299051 0.881921
-0.333328 -0.333328 0.881921 -0.299051 -0.364395 0.881921 -0.261894 -0.391952 0.881921
-0.222215 -0.415735 0.881921 -0.180396 -0.435514 0.881921 -0.136839 -0.451099 0.881921
-0.0919649 -0.462339 0.881921 -0.046205 -0.469127 0.881921 -8.65942e-17 -0.471397 0.881921
0.046205 -0.469127 0.881921 0.0919649 -0.462339 0.881921 0.136839 -0.451099 0.881921
0.180396 -0.435514 0.881921 0.222215 -0.415735 0.881921 0.261894 -0.391952 0.881921
0.299051 -0.364395 0.881921 0.333328 -0.333328 0.881921 0.364395 -0.299051 0.881921
0.391952 -0.261894 0.881921 0.415735 -0.222215 0.881921 0.435514 -0.180396 0.881921
0.451099 -0.136839 0.881921 0.462339 -0.0919649 0.881921 0.469127 -0.046205 0.881921
0.55557 0 0.83147 0.552895 0.0544554 0.83147 0.544895 0.108386 0.83147
0.531648 0.161274 0.83147 0.51328 0.212608 0.83147 0.489969 0.261894 0.83147
0.46194 0.308658 0.83147 0.429462 0.35245 0.83147 0.392847 0.392847 0.83147
0.35245 0.429462 0.83147 0.308658 0.46194 0.83147 0.261894 0.489969 0.83147
0.212608 0.51328 0.83147 0.161274 0.531648 0.83147 0.108386 0.544895 0.83147
0.0544554 0.552895 0.83147 3.40189e-17 0.55557 0.83147 -0.0544554 0.552895 0.83147
-0.108386 0.544895 0.83147 -0.161274 0.531648 0.83147 -0.212608 0.51328 0.83147
-0.261894 0.489969 0.83147 -0.308658 0.46194 0.83147 -0.35245 0.429462 0.83147
-0.392847 0.392847 0.83147 -0.429462 0.35245 0.83147 -0.46194 0.308658 0.83147
-0.489969 0.261894 0.83147 -0.51328 0.212608 0.83147 -0.531648 0.161274 0.83147
-0.544895 0.108386 0.83147 -0.552895 0.0544554 0.83147 -0.55557 6.80377e-17 0.83147
-0.552895 -0.0544554 0.83147 -0.544895 -0.108386 0.83147 -0.531648 -0.161274 0.83147
-0.51328 -0.212608 0.83147 -0.489969 -0.261894 0.83147 -0.46194 -0.308658 0.83147
-0.429462 -0.35245 0.83147 -0.392847 -0.392847 0.83147 -0.35245 -0.429462 0.83147
-0.308658 -0.46194 0.83147 -0.261894 -0.489969 0.83147 -0.212608 -0.51328 0.83147
-0.161274 -0.531648 0.83147 -0.108386 -0.544895 0.83147 -0.0544554 -0.552895 0.83147
-1.02057e-16 -0.55557 0.83147 0.0544554 -0.552895 0.83147 0.108386 -0.544895 0.83147
0.161274 -0.531648 0.83147 0.212608 -0.51328 0.83147 0.261894 -0.489969 0.83147
0.308658 -0.46194 0.83147 0.35245 -0.429462 0.83147 0.392847 -0.392847 0.83147
0.429462 -0.35245 0.83147 0.46194 -0.308658 0.83147 0.489969 -0.261894 0.83147
0.51328 -0.212608 0.83147 0.531648 -0.161274 0.83147 0.544895 -0.108386 0.83147
0.552895 -0.0544554 0.83147 0.634393 0 0.77301 0.631339 0.0621814 0.77301
0.622204 0.123764 0.77301 0.607077 0.184155 0.77301 0.586103 0.242772 0.77301
0.559485 0.299051 0.77301 0.527479 0.35245 0.77301 0.490393 0.402455 0.77301
0.448584 0.448584 0.77301 0.402455 0.490393 0.77301 0.35245 0.527479 0.77301
0.299051 0.559485 0.77301 0.242772 0.586103 0.77301 0.184155 0.607077 0.77301
0.123764 0.622204 0.77301 0.0621814 0.631339 0.77301 3.88454e-17 0.634393 0.77301
-0.0621814 0.631338 0.77301 -0.123764 0.622204 0.77301 -0.184155 0.607077 0.77301
-0.242772 0.586103 0.77301 -0.299051 0.559485 0.77301 -0.35245 0.527479 0.77301
-0.402455 0.490393 0.77301 -0.448584 0.448584 0.77301 -0.490393 0.402455 0.77301
-0.527479 0.35245 0.77301 -0.559485 0.299051 0.77301 -0.586103 0.242772 0.77301
-0.607077 0.184155 0.77301 -0.622204 0.123764 0.77301 -0.631339 0.0621814 0.77301
-0.634393 7.76908e-17 0.77301 -0.631339 -0.0621814 0.77301 -0.622204 -0.123764 0.77301
-0.607077 -0.184155 0.77301 -0.586103 -0.242772 0.77301 -0.559485 -0.299051 0.77301
-0.527479 -0.35245 0.77301 -0.490393 -0.402455 0.77301 -0.448584 -0.448584 0.77301
-0.402455 -0.490393 0.77301 -0.35245 -0.527479 0.77301 -0.299051 -0.559485 0.77301
-0.242772 -0.586103 0.77301 -0.184155 -0.607077 0.77301 -0.123764 -0.622204 0.77301
-0.0621814 -0.631338 0.77301 -1.16536e-16 -0.634393 0.77301 0.0621814 -0.631339 0.77301
0.123764 -0.622204 0.77301 0.184155 -0.607077 0.77301 0.242772 -0.586103 0.77301
0.299051 -0.559485 0.77301 0.35245 -0.527479 0.77301 0.402455 -0.490393 0.77301
0.448584 -0.448584 0.77301 0.490393 -0.402455 0.77301 0.527479 -0.35245 0.77301
0.559485 -0.299051 0.77301 0.586103 -0.242772 0.77301 0.607077 -0.184155 0.77301
0.622204 -0.123764 0.77301 0.631339 -0.0621814 0.77301 0.707107 0 0.707107
0.703702 0.0693086 0.707107 0.69352 0.13795 0.707107 0.676659 0.205262 0.707107
0.653282 0.270598 0.707107 0.623613 0.333328 0.707107 0.587938 0.392847 0.707107
0.546601 0.448584 0.707107 0.5 0.5 0.707107 0.448584 0.546601 0.707107
0.392847 0.587938 0.707107 0.333328 0.623613 0.707107 0.270598 0.653282 0.707107
0.205262 0.676659 0.707107 0.13795 0.69352 0.707107 0.0693086 0.703702 0.707107
4.32978e-17 0.707107 0.707107 -0.0693086 0.703702 0.707107 -0.13795 0.69352 0.707107
-0.205262 0.676659 0.707107 -0.270598 0.653282 0.707107 -0.333328 0.623613 0.707107
-0.392847 0.587938 0.707107 -0.448584 0.546601 0.707107 -0.5 0.5 0.707107
-0.546601 0.448584 0.707107 -0.587938 0.392847 0.707107 -0.623613 0.333328 0.707107
-0.653282 0.270598 0.707107 -0.676659 0.205262 0.707107 -0.69352 0.13795 0.707107
-0.703702 0.0693086 0.707107 -0.707107 8.65956e-17 0.707107 -0.703702 -0.0693086 0.707107
-0.69352 -0.13795 0.707107 -0.676659 -0.205262 0.707107 -0.653282 -0.270598 0.707107
-0.623613 -0.333328 0.707107 -0.587938 -0.392847 0.707107 -0.546601 -0.448584 0.707107
-0.5 -0.5 0.707107 -0.448584 -0.546601 0.707107 -0.392847 -0.587938 0.707107
-0.333328 -0.623613 0.707107 -0.270598 -0.653282 0.707107 -0.205262 -0.676659 0.707107
-0.13795 -0.69352 0.707107 -0.0693086 -0.703702 0.707107 -1.29893e-16 -0.707107 0.707107
0.0693086 -0.703702 0.707107 0.13795 -0.69352 0.707107 0.205262 -0.676659 0.707107
0.270598 -0.653282 0.707107 0.333328 -0.623613 0.707107 0.392847 -0.587938 0.707107
0.448584 -0.546601 0.707107 0.5 -0.5 0.707107 0.546601 -0.448584 0.707107
0.587938 -0.392847 0.707107 0.623613 -0.333328 0.707107 0.653282 -0.270598 0.707107
0.676659 -0.205262 0.707107 0.69352 -0.13795 0.707107 0.703702 -0.0693086 0.707107
0.77301 0 0.634393 0.769288 0.0757683 0.634393 0.758157 0.150807 0.634393
0.739725 0.224393 0.634393 0.714168 0.295818 0.634393 0.681734 0.364395 0.634393
0.642735 0.429462 0.634393 0.597545 0.490393 0.634393 0.546601 0.546601 0.634393
0.490393 0.597545 0.634393 0.429462 0.642735 0.634393 0.364395 0.681734 0.634393
0.295818 0.714168 0.634393 0.224393 0.739725 0.634393 0.150807 0.758157 0.634393
0.0757683 0.769288 0.634393 4.73332e-17 0.77301 0.634393 -0.0757683 0.769288 0.634393
-0.150807 0.758157 0.634393 -0.224393 0.739725 0.634393 -0.295818 0.714168 0.634393
-0.364395 0.681734 0.634393 -0.429462 0.642735 0.634393 -0.490393 0.597545 0.634393
-0.546601 0.546601 0.634393 -0.597545 0.490393 0.634393 -0.642735 0.429462 0.634393
-0.681734 0.364395 0.634393 -0.714169 0.295818 0.634393 -0.739725 0.224393 0.634393
-0.758157 0.150807 0.634393 -0.769288 0.0757683 0.634393 -0.77301 9.46665e-17 0.634393
-0.769288 -0.0757683 0.634393 -0.758157 -0.150807 0.634393 -0.739725 -0.224393 0.634393
-0.714169 -0.295818 0.634393 -0.681734 -0.364395 0.634393 -0.642735 -0.429462 0.634393
-0.597545 -0.490393 0.634393 -0.546601 -0.546601 0.634393 -0.490393 -0.597545 0.634393
-0.429462 -0.642735 0.634393 -0.364395 -0.681734 0.634393 -0.295818 -0.714168 0.634393
-0.224393 -0.739725 0.634393 -0.150807 -0.758157 0.634393 -0.0757683 -0.769288 0.634393
-1.42e-16 -0.77301 0.634393 0.0757683 -0.769288 0.634393 0.150807 -0.758157 0.634393
0.224393 -0.739725 0.634393 0.295818 -0.714168 0.634393 0.364395 -0.681734 0.634393
0.429462 -0.642735 0.634393 0.490393 -0.597545 0.634393 0.546601 -0.546601 0.634393
0.597545 -0.490393 0.634393 0.642735 -0.429462 0.634393 0.681734 -0.364395 0.634393
0.714168 -0.295818 0.634393 0.739725 -0.224393 0.634393 0.758157 -0.150807 0.634393
0.769288 -0.0757683 0.634393 0.83147 0 0.55557 0.827466 0.0814983 0.55557
0.815493 0.162212 0.55557 0.795667 0.241363 0.55557 0.768178 0.31819 0.55557
0.733291 0.391952 0.55557 0.691342 0.46194 0.55557 0.642735 0.527479 0.55557
0.587938 0.587938 0.55557 0.527479 0.642735 0.55557 0.46194 0.691342 0.55557
0.391952 0.733291 0.55557 0.31819 0.768178 0.55557 0.241363 0.795667 0.55557
0.162212 0.815493 0.55557 0.0814983 0.827466 0.55557 5.09128e-17 0.83147 0.55557
-0.0814983 0.827466 0.55557 -0.162212 0.815493 0.55557 -0.241363 0.795667 0.55557
-0.31819 0.768178 0.55557 -0.391952 0.733291 0.55557 -0.46194 0.691342 0.55557
-0.527479 0.642735 0.55557 -0.587938 0.587938 0.55557 -0.642735 0.527479 0.55557
-0.691342 0.46194 0.55557 -0.733291 0.391952 0.55557 -0.768178 0.31819 0.55557
-0.795667 0.241363 0.55557 -0.815493 0.162212 0.55557 -0.827466 0.0814983 0.55557
-0.83147 1.01826e-16 0.55557 -0.827466 -0.0814983 0.55557 -0.815493 -0.162212 0.55557
-0.795667 -0.241363 0.55557 -0.768178 -0.31819 0.55557 -0.733291 -0.391952 0.55557
-0.691342 -0.46194 0.55557 -0.642735 -0.527479 0.55557 -0.587938 -0.587938 0.55557
-0.527479 -0.642735 0.55557 -0.46194 -0.691342 0.55557 -0.391952 -0.733291 0.55557
-0.31819 -0.768178 0.55557 -0.241363 -0.795667 0.55557 -0.162212 -0.815493 0.55557
-0.0814983 -0.827466 0.55557 -1.52738e-16 -0.83147 0.55557 0.0814983 -0.827466 0.55557
0.162212 -0.815493 0.55557 0.241363 -0.795667 0.55557 0.31819 -0.768178 0.55557
0.391952 -0.733291 0.55557 0.46194 -0.691342 0.55557 0.527479 -0.642735 0.55557
0.587938 -0.587938 0.55557 0.642735 -0.527479 0.55557 0.691342 -0.46194 0.55557
0.733291 -0.391952 0.55557 0.768178 -0.31819 0.55557 0.795667 -0.241363 0.55557
0.815493 -0.162212 0.55557 0.827466 -0.0814983 0.55557 0.881921 0 0.471397
0.877675 0.0864434 0.471397 0.864975 0.172054 0.471397 0.843946 0.256008 0.471397
0.814789 0.337497 0.471397 0.777785 0.415735 0.471397 0.733291 0.489969 0.471397
0.681734 0.559485 0.471397 0.623612 0.623612 0.471397 0.559485 0.681734 0.471397
0.489969 0.733291 0.471397 0.415735 0.777785 0.471397 0.337497 0.814789 0.471397
0.256008 0.843946 0.471397 0.172054 0.864975 0.471397 0.0864434 0.877675 0.471397
5.40021e-17 0.881921 0.471397 -0.0864434 0.877675 0.471397 -0.172054 0.864975 0.471397
-0.256008 0.843946 0.471397 -0.337497 0.814789 0.471397 -0.415735 0.777785 0.471397
-0.489969 0.733291 0.471397 -0.559485 0.681734 0.471397 -0.623613 0.623613 0.471397
-0.681734 0.559485 0.471397 -0.733291 0.489969 0.471397 -0.777785 0.415735 0.471397
-0.814789 0.337497 0.471397 -0.843946 0.256008 0.471397 -0.864975 0.172054 0.471397
-0.877675 0.0864434 0.471397 -0.881921 1.08004e-16 0.471397 -0.877675 -0.0864434 0.471397
-0.864975 -0.172054 0.471397 -0.843946 -0.256008 0.471397 -0.814789 -0.337497 0.471397
-0.777785 -0.415735 0.471397 -0.733291 -0.489969 0.471397 -0.681734 -0.559485 0.471397
-0.623613 -0.623613 0.471397 -0.559485 -0.681734 0.471397 -0.489969 -0.733291 0.471397
-0.415735 -0.777785 0.471397 -0.337497 -0.814789 0.471397 -0.256008 -0.843946 0.471397
-0.172054 -0.864975 0.471397 -0.0864434 -0.877675 0.471397 -1.62006e-16 -0.881921 0.471397
0.0864434 -0.877675 0.471397 0.172054 -0.864975 0.471397 0.256008 -0.843946 0.471397
0.337497 -0.814789 0.471397 0.415735 -0.777785 0.471397 0.489969 -0.733291 0.471397
0.559485 -0.681734 0.471397 0.623612 -0.623612 0.471397 0.681734 -0.559485 0.471397
0.733291 -0.489969 0.471397 0.777785 -0.415735 0.471397 0.814789 -0.337497 0.471397
0.843946 -0.256008 0.471397 0.864975 -0.172054 0.471397 0.877675 -0.0864434 0.471397
0.92388 0 0.382683 0.919431 0.090556 0.382683 0.906127 0.18024 0.382683
0.884098 0.268188 0.382683 0.853553 0.353553 0.382683 0.814789 0.435514 0.382683
0.768178 0.51328 0.382683 0.714169 0.586103 0.382683 0.653282 0.653282 0.382683
0.586103 0.714169 0.382683 0.51328 0.768178 0.382683 0.435514 0.814789 0.382683
0.353553 0.853553 0.382683 0.268188 0.884098 0.382683 0.18024 0.906127 0.382683
0.090556 0.919431 0.382683 5.65713e-17 0.92388 0.382683 -0.090556 0.919431 0.382683
-0.18024 0.906127 0.382683 -0.268188 0.884098 0.382683 -0.353553 0.853553 0.382683
-0.435514 0.814789 0.382683 -0.51328 0.768178 0.382683 -0.586103 0.714168 0.382683
-0.653282 0.653282 0.382683 -0.714169 0.586103 0.382683 -0.768178 0.51328 0.382683
-0.814789 0.435514 0.382683 -0.853553 0.353553 0.382683 -0.884098 0.268188 0.382683
-0.906128 0.18024 0.382683 -0.919431 0.090556 0.382683 -0.92388 1.13143e-16 0.382683
-0.919431 -0.090556 0.382683 -0.906128 -0.18024 0.382683 -0.884098 -0.268188 0.382683
-0.853553 -0.353553 0.382683 -0.814789 -0.435514 0.382683 -0.768178 -0.51328 0.382683
-0.714169 -0.586103 0.382683 -0.653282 -0.653282 0.382683 -0.586103 -0.714168 0.382683
-0.51328 -0.768178 0.382683 -0.435514 -0.814789 0.382683 -0.353553 -0.853553 0.382683
-0.268188 -0.884098 0.382683 -0.18024 -0.906127 0.382683 -0.090556 -0.919431 0.382683
-1.69714e-16 -0.92388 0.382683 0.090556 -0.919431 0.382683 0.18024 -0.906127 0.382683
0.268188 -0.884098 0.382683 0.353553 -0.853553 0.382683 0.435514 -0.814789 0.382683
0.51328 -0.768178 0.382683 0.586103 -0.714169 0.382683 0.653282 -0.653282 0.382683
0.714169 -0.586103 0.382683 0.768178 -0.51328 0.382683 0.814789 -0.435514 0.382683
0.853553 -0.353553 0.382683 0.884098 -0.268188 0.382683 0.906127 -0.18024 0.382683
0.919431 -0.090556 0.382683 0.95694 0 0.290285 0.952332 0.0937966 0.290285
0.938553 0.18669 0.290285 0.915735 0.277785 0.290285 0.884098 0.366205 0.290285
0.843946 0.451099 0.290285 0.795667 0.531648 0.290285 0.739725 0.607077 0.290285
0.676659 0.676659 0.290285 0.607077 0.739725 0.290285 0.531648 0.795667 0.290285
0.451099 0.843946 0.290285 0.366205 0.884098 0.290285 0.277785 0.915735 0.290285
0.18669 0.938553 0.290285 0.0937966 0.952332 0.290285 5.85957e-17 0.95694 0.290285
-0.0937966 0.952332 0.290285 -0.18669 0.938553 0.290285 -0.277785 0.915735 0.290285
-0.366205 0.884098 0.290285 -0.451099 0.843946 0.290285 -0.531648 0.795667 0.290285
-0.607077 0.739725 0.290285 -0.676659 0.676659 0.290285 -0.739725 0.607077 0.290285
-0.795667 0.531648 0.290285 -0.843946 0.451099 0.290285 -0.884098 0.366205 0.290285
-0.915735 0.277785 0.290285 -0.938553 0.18669 0.290285 -0.952332 0.0937966 0.290285
-0.95694 1.17191e-16 0.290285 -0.952332 -0.0937966 0.290285 -0.938553 -0.18669 0.290285
-0.915735 -0.277785 0.290285 -0.884098 -0.366205 0.290285 -0.843946 -0.451099 0.290285
-0.795667 -0.531648 0.290285 -0.739725 -0.607077 0.290285 -0.676659 -0.676659 0.290285
-0.607077 -0.739725 0.290285 -0.531648 -0.795667 0.290285 -0.451099 -0.843946 0.290285
-0.366205 -0.884098 0.290285 -0.277785 -0.915735 0.290285 -0.18669 -0.938553 0.290285
-0.0937966 -0.952332 0.290285 -1.75787e-16 -0.95694 0.290285 0.0937966 -0.952332 0.290285
0.18669 -0.938553 0.290285 0.277785 -0.915735 0.290285 0.366205 -0.884098 0.290285
0.451099 -0.843946 0.290285 0.531648 -0.795667 0.290285 0.607077 -0.739725 0.290285
0.676659 -0.676659 0.290285 0.739725 -0.607077 0.290285 0.795667 -0.531648 0.290285
0.843946 -0.451099 0.290285 0.884098 -0.366205 0.290285 0.915735 -0.277785 0.290285
0.938553 -0.18669 0.290285 0.952332 -0.0937966 0.290285 0.980785 0 0.19509
0.976063 0.0961338 0.19509 0.96194 0.191342 0.19509 0.938553 0.284707 0.19509
0.906127 0.37533 0.19509 0.864975 0.462339 0.19509 0.815493 0.544895 0.19509
0.758157 0.622204 0.19509 0.69352 0.69352 0.19509 0.622204 0.758157 0.19509
0.544895 0.815493 0.19509 0.462339 0.864975 0.19509 0.37533 0.906127 0.19509
0.284707 0.938553 0.19509 0.191342 0.96194 0.19509 0.0961338 0.976063 0.19509
6.00558e-17 0.980785 0.19509 -0.0961338 0.976063 0.19509 -0.191342 0.96194 0.19509
-0.284707 0.938553 0.19509 -0.37533 0.906127 0.19509 -0.462339 0.864975 0.19509
-0.544895 0.815493 0.19509 -0.622204 0.758157 0.19509 -0.69352 0.69352 0.19509
-0.758157 0.622204 0.19509 -0.815493 0.544895 0.19509 -0.864975 0.462339 0.19509
-0.906128 0.37533 0.19509 -0.938553 0.284707 0.19509 -0.96194 0.191342 0.19509
-0.976063 0.0961338 0.19509 -0.980785 1.20112e-16 0.19509 -0.976063 -0.0961338 0.19509
-0.96194 -0.191342 0.19509 -0.938553 -0.284707 0.19509 -0.906128 -0.37533 0.19509
-0.864975 -0.462339 0.19509 -0.815493 -0.544895 0.19509 -0.758157 -0.622204 0.19509
-0.69352 -0.69352 0.19509 -0.622204 -0.758157 0.19509 -0.544895 -0.815493 0.19509
-0.462339 -0.864975 0.19509 -0.37533 -0.906127 0.19509 -0.284707 -0.938553 0.19509
-0.191342 -0.96194 0.19509 -0.0961338 -0.976063 0.19509 -1.80167e-16 -0.980785 0.19509
0.0961338 -0.976063 0.19509 0.191342 -0.96194 0.19509 0.284707 -0.938553 0.19509
0.37533 -0.906127 0.19509 0.462339 -0.864975 0.19509 0.544895 -0.815493 0.19509
0.622204 -0.758157 0.19509 0.69352 -0.69352 0.19509 0.758157 -0.622204 0.19509
0.815493 -0.544895 0.19509 0.864975 -0.462339 0.19509 0.906127 -0.37533 0.19509
0.938553 -0.284707 0.19509 0.96194 -0.191342 0.19509 0.976063 -0.0961338 0.19509
0.995185 0 0.0980171 0.990393 0.0975452 0.0980171 0.976063 0.194151 0.0980171
0.952332 0.288887 0.0980171 0.919431 0.380841 0.0980171 0.877675 0.469127 0.0980171
0.827466 0.552895 0.0980171 0.769288 0.631338 0.0980171 0.703702 0.703702 0.0980171
0.631338 0.769288 0.0980171 0.552895 0.827466 0.0980171 0.469127 0.877675 0.0980171
0.380841 0.919431 0.0980171 0.288887 0.952332 0.0980171 0.194151 0.976063 0.0980171
0.0975452 0.990393 0.0980171 6.09375e-17 0.995185 0.0980171 -0.0975452 0.990393 0.0980171
-0.194151 0.976063 0.0980171 -0.288887 0.952332 0.0980171 -0.380841 0.919431 0.0980171
-0.469127 0.877675 0.0980171 -0.552895 0.827466 0.0980171 -0.631339 0.769288 0.0980171
-0.703702 0.703702 0.0980171 -0.769288 0.631339 0.0980171 -0.827466 0.552895 0.0980171
-0.877675 0.469127 0.0980171 -0.919431 0.380841 0.0980171 -0.952332 0.288887 0.0980171
-0.976063 0.194151 0.0980171 -0.990393 0.0975452 0.0980171 -0.995185 1.21875e-16 0.0980171
-0.990393 -0.0975452 0.0980171 -0.976063 -0.194151 0.0980171 -0.952332 -0.288887 0.0980171
-0.919431 -0.380841 0.0980171 -0.877675 -0.469127 0.0980171 -0.827466 -0.552895 0.0980171
-0.769288 -0.631339 0.0980171 -0.703702 -0.703702 0.0980171 -0.631339 -0.769288 0.0980171
-0.552895 -0.827466 0.0980171 -0.469127 -0.877675 0.0980171 -0.380841 -0.919431 0.0980171
-0.288887 -0.952332 0.0980171 -0.194151 -0.976063 0.0980171 -0.0975452 -0.990393 0.0980171
-1.82812e-16 -0.995185 0.0980171 0.0975452 -0.990393 0.0980171 0.194151 -0.976063 0.0980171
0.288887 -0.952332 0.0980171 0.380841 -0.919431 0.0980171 0.469127 -0.877675 0.0980171
0.552895 -0.827466 0.0980171 0.631338 -0.769288 0.0980171 0.703702 -0.703702 0.0980171
0.769288 -0.631338 0.0980171 0.827466 -0.552895 0.0980171 0.877675 -0.469127 0.0980171
0.919431 -0.380841 0.0980171 0.952332 -0.288887 0.0980171 0.976063 -0.194151 0.0980171
0.990393 -0.0975452 0.0980171 1 0 6.12323e-17 0.995185 0.0980171 6.12323e-17
0.980785 0.19509 6.12323e-17 0.95694 0.290285 6.12323e-17 0.92388 0.382683 6.12323e-17
0.881921 0.471397 6.12323e-17 0.83147 0.55557 6.12323e-17 0.77301 0.634393 6.12323e-17
0.707107 0.707107 6.12323e-17 0.634393 0.77301 6.12323e-17 0.55557 0.83147 6.12323e-17
0.471397 0.881921 6.12323e-17 0.382683 0.92388 6.12323e-17 0.290285 0.95694 6.12323e-17
0.19509 0.980785 6.12323e-17 0.0980171 0.995185 6.12323e-17 6.12323e-17 1 6.12323e-17
-0.0980171 0.995185 6.12323e-17 -0.19509 0.980785 6.12323e-17 -0.290285 0.95694 6.12323e-17
-0.382683 0.92388 6.12323e-17 -0.471397 0.881921 6.12323e-17 -0.55557 0.83147 6.12323e-17
-0.634393 0.77301 6.12323e-17 -0.707107 0.707107 6.12323e-17 -0.77301 0.634393 6.12323e-17
-0.83147 0.55557 6.12323e-17 -0.881921 0.471397 6.12323e-17 -0.92388 0.382683 6.12323e-17
-0.95694 0.290285 6.12323e-17 -0.980785 0.19509 6.12323e-17 -0.995185 0.0980171 6.12323e-17
-1 1.22465e-16 6.12323e-17 -0.995185 -0.0980171 6.12323e-17 -0.980785 -0.19509 6.12323e-17
-0.95694 -0.290285 6.12323e-17 -0.92388 -0.382683 6.12323e-17 -0.881921 -0.471397 6.12323e-17
-0.83147 -0.55557 6.12323e-17 -0.77301 -0.634393 6.12323e-17 -0.707107 -0.707107 6.12323e-17
-0.634393 -0.77301 6.12323e-17 -0.55557 -0.83147 6.12323e-17 -0.471397 -0.881921 6.12323e-17
-0.382683 -0.92388 6.12323e-17 -0.290285 -0.95694 6.12323e-17 -0.19509 -0.980785 6.12323e-17
-0.0980171 -0.995185 6.12323e-17 -1.83697e-16 -1 6.12323e-17 0.0980171 -0.995185 6.12323e-17
0.19509 -0.980785 6.12323e-17 0.290285 -0.95694 6.12323e-17 0.382683 -0.92388 6.12323e-17
0.471397 -0.881921 6.12323e-17 0.55557 -0.83147 6.12323e-17 0.634393 -0.77301 6.12323e-17
0.707107 -0.707107 6.12323e-17 0.77301 -0.634393 6.12323e-17 0.83147 -0.55557 6.12323e-17
0.881921 -0.471397 6.12323e-17 0.92388 -0.382683 6.12323e-17 0.95694 -0.290285 6.12323e-17
0.980785 -0.19509 6.12323e-17 0.995185 -0.0980171 6.12323e-17 0.995185 0 -0.0980171
0.990393 0.0975452 -0.0980171 0.976063 0.194151 -0.0980171 0.952332 0.288887 -0.0980171
0.919431 0.380841 -0.0980171 0.877675 0.469127 -0.0980171 0.827466 0.552895 -0.0980171
0.769288 0.631339 -0.0980171 0.703702 0.703702 -0.0980171 0.631339 0.769288 -0.0980171
0.552895 0.827466 -0.0980171 0.469127 0.877675 -0.0980171 0.380841 0.919431 -0.0980171
0.288887 0.952332 -0.0980171 0.194151 0.976063 -0.0980171 0.0975452 0.990393 -0.0980171
6.09375e-17 0.995185 -0.0980171 -0.0975452 0.990393 -0.0980171 -0.194151 0.976063 -0.0980171
-0.288887 0.952332 -0.0980171 -0.380841 0.919431 -0.0980171 -0.469127 0.877675 -0.0980171
-0.552895 0.827466 -0.0980171 -0.631338 0.769288 -0.0980171 -0.703702 0.703702 -0.0980171
-0.769288 0.631338 -0.0980171 -0.827466 0.552895 -0.0980171 -0.877675 0.469127 -0.0980171
-0.919431 0.380841 -0.0980171 -0.952332 0.288887 -0.0980171 -0.976063 0.194151 -0.0980171
-0.990393 0.0975452 -0.0980171 -0.995185 1.21875e-16 -0.0980171 -0.990393 -0.0975452 -0.0980171
-0.976063 -0.194151 -0.0980171 -0.952332 -0.288887 -0.0980171 -0.919431 -0.380841 -0.0980171
-0.877675 -0.469127 -0.0980171 -0.827466 -0.552895 -0.0980171 -0.769288 -0.631338 -0.0980171
-0.703702 -0.703702 -0.0980171 -0.631338 -0.769288 -0.0980171 -0.552895 -0.827466 -0.0980171
-0.469127 -0.877675 -0.0980171 -0.380841 -0.919431 -0.0980171 -0.288887 -0.952332 -0.0980171
-0.194151 -0.976063 -0.0980171 -0.0975452 -0.990393 -0.0980171 -1.82812e-16 -0.995185 -0.0980171
0.0975452 -0.990393 -0.0980171 0.194151 -0.976063 -0.0980171 0.288887 -0.952332 -0.0980171
0.380841 -0.919431 -0.0980171 0.469127 -0.877675 -0.0980171 0.552895 -0.827466 -0.0980171
0.631339 -0.769288 -0.0980171 0.703702 -0.703702 -0.0980171 0.769288 -0.631339 -0.0980171
0.827466 -0.552895 -0.0980171 0.877675 -0.469127 -0.0980171 0.919431 -0.380841 -0.0980171
0.952332 -0.288887 -0.0980171 0.976063 -0.194151 -0.0980171 0.990393 -0.0975452 -0.0980171
0.980785 0 -0.19509 0.976063 0.0961338 -0.19509 0.96194 0.191342 -0.19509
0.938553 0.284707 -0.19509 0.906128 0.37533 -0.19509 0.864975 0.462339 -0.19509
0.815493 0.544895 -0.19509 0.758157 0.622204 -0.19509 0.69352 0.69352 -0.19509
0.622204 0.758157 -0.19509 0.544895 0.815493 -0.19509 0.462339 0.864975 -0.19509
0.37533 0.906127 -0.19509 0.284707 0.938553 -0.19509 0.191342 0.96194 -0.19509
0.0961338 0.976063 -0.19509 6.00558e-17 0.980785 -0.19509 -0.0961338 0.976063 -0.19509
-0.191342 0.96194 -0.19509 -0.284707 0.938553 -0.19509 -0.37533 0.906127 -0.19509
-0.462339 0.864975 -0.19509 -0.544895 0.815493 -0.19509 -0.622204 0.758157 -0.19509
-0.69352 0.69352 -0.19509 -0.758157 0.622204 -0.19509 -0.815493 0.544895 -0.19509
-0.864975 0.462339 -0.19509 -0.906127 0.37533 -0.19509 -0.938553 0.284707 -0.19509
-0.96194 0.191342 -0.19509 -0.976063 0.0961338 -0.19509 -0.980785 1.20112e-16 -0.19509
-0.976063 -0.0961338 -0.19509 -0.96194 -0.191342 -0.19509 -0.938553 -0.284707 -0.19509
-0.906127 -0.37533 -0.19509 -0.864975 -0.462339 -0.19509 -0.815493 -0.544895 -0.19509
-0.758157 -0.622204 -0.19509 -0.69352 -0.69352 -0.19509 -0.622204 -0.758157 -0.19509
-0.544895 -0.815493 -0.19509 -0.462339 -0.864975 -0.19509 -0.37533 -0.906127 -0.19509
-0.284707 -0.938553 -0.19509 -0.191342 -0.96194 -0.19509 -0.0961338 -0.976063 -0.19509
-1.80167e-16 -0.980785 -0.19509 0.0961338 -0.976063 -0.19509 0.191342 -0.96194 -0.19509
0.284707 -0.938553 -0.19509 0.37533 -0.906127 -0.19509 0.462339 -0.864975 -0.19509
0.544895 -0.815493 -0.19509 0.622204 -0.758157 -0.19509 0.69352 -0.69352 -0.19509
0.758157 -0.622204 -0.19509 0.815493 -0.544895 -0.19509 0.864975 -0.462339 -0.19509
0.906128 -0.37533 -0.19509 0.938553 -0.284707 -0.19509 0.96194 -0.191342 -0.19509
0.976063 -0.0961338 -0.19509 0.95694 0 -0.290285 0.952332 0.0937966 -0.290285
0.938553 0.18669 -0.290285 0.915735 0.277785 -0.290285 0.884098 0.366205 -0.290285
0.843946 0.451099 -0.290285 0.795667 0.531648 -0.290285 0.739725 0.607077 -0.290285
0.676659 0.676659 -0.290285 0.607077 0.739725 -0.290285 0.531648 0.795667 -0.290285
0.451099 0.843946 -0.290285 0.366205 0.884098 -0.290285 0.277785 0.915735 -0.290285
0.18669 0.938553 -0.290285 0.0937966 0.952332 -0.290285 5.85957e-17 0.95694 -0.290285
-0.0937966 0.952332 -0.290285 -0.18669 0.938553 -0.290285 -0.277785 0.915735 -0.290285
-0.366205 0.884098 -0.290285 -0.451099 0.843946 -0.290285 -0.531648 0.795667 -0.290285
-0.607077 0.739725 -0.290285 -0.676659 0.676659 -0.290285 -0.739725 0.607077 -0.290285
-0.795667 0.531648 -0.290285 -0.843946 0.451099 -0.290285 -0.884098 0.366205 -0.290285
-0.915735 0.277785 -0.290285 -0.938553 0.18669 -0.290285 -0.952332 0.0937966 -0.290285
-0.95694 1.17191e-16 -0.290285 -0.952332 -0.0937966 -0.290285 -0.938553 -0.18669 -0.290285
-0.915735 -0.277785 -0.290285 -0.884098 -0.366205 -0.290285 -0.843946 -0.451099 -0.290285
-0.795667 -0.531648 -0.290285 -0.739725 -0.607077 -0.290285 -0.676659 -0.676659 -0.290285
-0.607077 -0.739725 -0.290285 -0.531648 -0.795667 -0.290285 -0.451099 -0.843946 -0.290285
-0.366205 -0.884098 -0.290285 -0.277785 -0.915735 -0.290285 -0.18669 -0.938553 -0.290285
-0.0937966 -0.952332 -0.290285 -1.75787e-16 -0.95694 -0.290285 0.0937966 -0.952332 -0.290285
0.18669 -0.938553 -0.290285 0.277785 -0.915735 -0.290285 0.366205 -0.884098 -0.290285
0.451099 -0.843946 -0.290285 0.531648 -0.795667 -0.290285 0.607077 -0.739725 -0.290285
0.676659 -0.676659 -0.290285 0.739725 -0.607077 -0.290285 0.795667 -0.531648 -0.290285
0.843946 -0.451099 -0.290285 0.884098 -0.366205 -0.290285 0.915735 -0.277785 -0.290285
0.938553 -0.18669 -0.290285 0.952332 -0.0937966 -0.290285 0.92388 0 -0.382683
0.919431 0.090556 -0.382683 0.906128 0.18024 -0.382683 0.884098 0.268188 -0.382683
0.853553 0.353553 -0.382683 0.814789 0.435514 -0.382683 0.768178 0.51328 -0.382683
0.714169 0.586103 -0.382683 0.653282 0.653282 -0.382683 0.586103 0.714168 -0.382683
0.51328 0.768178 -0.382683 0.435514 0.814789 -0.382683 0.353553 0.853553 -0.382683
0.268188 0.884098 -0.382683 0.18024 0.906127 -0.382683 0.090556 0.919431 -0.382683
5.65713e-17 0.92388 -0.382683 -0.090556 0.919431 -0.382683 -0.18024 0.906127 -0.382683
-0.268188 0.884098 -0.382683 -0.353553 0.853553 -0.382683 -0.435514 0.814789 -0.382683
-0.51328 0.768178 -0.382683 -0.586103 0.714169 -0.382683 -0.653282 0.653282 -0.382683
-0.714169 0.586103 -0.382683 -0.768178 0.51328 -0.382683 -0.814789 0.435514 -0.382683
-0.853553 0.353553 -0.382683 -0.884098 0.268188 -0.382683 -0.906127 0.18024 -0.382683
-0.919431 0.090556 -0.382683 -0.92388 1.13143e-16 -0.382683 -0.919431 -0.090556 -0.382683
-0.906127 -0.18024 -0.382683 -0.884098 -0.268188 -0.382683 -0.853553 -0.353553 -0.382683
-0.814789 -0.435514 -0.382683 -0.768178 -0.51328 -0.382683 -0.714169 -0.586103 -0.382683
-0.653282 -0.653282 -0.382683 -0.586103 -0.714169 -0.382683 -0.51328 -0.768178 -0.382683
-0.435514 -0.814789 -0.382683 -0.353553 -0.853553 -0.382683 -0.268188 -0.884098 -0.382683
-0.18024 -0.906127 -0.382683 -0.090556 -0.919431 -0.382683 -1.69714e-16 -0.92388 -0.382683
0.090556 -0.919431 -0.382683 0.18024 -0.906127 -0.382683 0.268188 -0.884098 -0.382683
0.353553 -0.853553 -0.382683 0.435514 -0.814789 -0.382683 0.51328 -0.768178 -0.382683
0.586103 -0.714168 -0.382683 0.653282 -0.653282 -0.382683 0.714169 -0.586103 -0.382683
0.768178 -0.51328 -0.382683 0.814789 -0.435514 -0.382683 0.853553 -0.353553 -0.382683
0.884098 -0.268188 -0.382683 0.906128 -0.18024 -0.382683 0.919431 -0.090556 -0.382683
0.881921 0 -0.471397 0.877675 0.0864434 -0.471397 0.864975 0.172054 -0.471397
0.843946 0.256008 -0.471397 0.814789 0.337497 -0.471397 0.777785 0.415735 -0.471397
0.733291 0.489969 -0.471397 0.681734 0.559485 -0.471397 0.623613 0.623613 -0.471397
0.559485 0.681734 -0.471397 0.489969 0.733291 -0.471397 0.415735 0.777785 -0.471397
0.337497 0.814789 -0.471397 0.256008 0.843946 -0.471397 0.172054 0.864975 -0.471397
0.0864434 0.877675 -0.471397 5.40021e-17 0.881921 -0.471397 -0.0864434 0.877675 -0.471397
-0.172054 0.864975 -0.471397 -0.256008 0.843946 -0.471397 -0.337497 0.814789 -0.471397
-0.415735 0.777785 -0.471397 -0.489969 0.733291 -0.471397 -0.559485 0.681734 -0.471397
-0.623612 0.623612 -0.471397 -0.681734 0.559485 -0.471397 -0.733291 0.489969 -0.471397
-0.777785 0.415735 -0.471397 -0.814789 0.337497 -0.471397 -0.843946 0.256008 -0.471397
-0.864975 0.172054 -0.471397 -0.877675 0.0864434 -0.471397 -0.881921 1.08004e-16 -0.471397
-0.877675 -0.0864434 -0.471397 -0.864975 -0.172054 -0.471397 -0.843946 -0.256008 -0.471397
-0.814789 -0.337497 -0.471397 -0.777785 -0.415735 -0.471397 -0.733291 -0.489969 -0.471397
-0.681734 -0.559485 -0.471397 -0.623612 -0.623612 -0.471397 -0.559485 -0.681734 -0.471397
-0.489969 -0.733291 -0.471397 -0.415735 -0.777785 -0.471397 -0.337497 -0.814789 -0.471397
-0.256008 -0.843946 -0.471397 -0.172054 -0.864975 -0.471397 -0.0864434 -0.877675 -0.471397
-1.62006e-16 -0.881921 -0.471397 0.0864434 -0.877675 -0.471397 0.172054 -0.864975 -0.471397
0.256008 -0.843946 -0.471397 0.337497 -0.814789 -0.471397 0.415735 -0.777785 -0.471397
0.489969 -0.733291 -0.471397 0.559485 -0.681734 -0.471397 0.623613 -0.623613 -0.471397
0.681734 -0.559485 -0.471397 0.733291 -0.489969 -0.471397 0.777785 -0.415735 -0.471397
0.814789 -0.337497 -0.471397 0.843946 -0.256008 -0.471397 0.864975 -0.172054 -0.471397
0.877675 -0.0864434 -0.471397 0.83147 0 -0.55557 0.827466 0.0814983 -0.55557
0.815493 0.162212 -0.55557 0.795667 0.241363 -0.55557 0.768178 0.31819 -0.55557
0.733291 0.391952 -0.55557 0.691342 0.46194 -0.55557 0.642735 0.527479 -0.55557
0.587938 0.587938 -0.55557 0.527479 0.642735 -0.55557 0.46194 0.691342 -0.55557
0.391952 0.733291 -0.55557 0.31819 0.768178 -0.55557 0.241363 0.795667 -0.55557
0.162212 0.815493 -0.55557 0.0814983 0.827466 -0.55557 5.09128e-17 0.83147 -0.55557
-0.0814983 0.827466 -0.55557 -0.162212 0.815493 -0.55557 -0.241363 0.795667 -0.55557
-0.31819 0.768178 -0.55557 -0.391952 0.733291 -0.55557 -0.46194 0.691342 -0.55557
-0.527479 0.642735 -0.55557 -0.587938 0.587938 -0.55557 -0.642735 0.527479 -0.55557
-0.691342 0.46194 -0.55557 -0.733291 0.391952 -0.55557 -0.768178 0.31819 -0.55557
-0.795667 0.241363 -0.55557 -0.815493 0.162212 -0.55557 -0.827466 0.0814983 -0.55557
-0.83147 1.01826e-16 -0.55557 -0.827466 -0.0814983 -0.55557 -0.815493 -0.162212 -0.55557
-0.795667 -0.241363 -0.55557 -0.768178 -0.31819 -0.55557 -0.733291 -0.391952 -0.55557
-0.691342 -0.46194 -0.55557 -0.642735 -0.527479 -0.55557 -0.587938 -0.587938 -0.55557
-0.527479 -0.642735 -0.55557 -0.46194 -0.691342 -0.55557 -0.391952 -0.733291 -0.55557
-0.31819 -0.768178 -0.55557 -0.241363 -0.795667 -0.55557 -0.162212 -0.815493 -0.55557
-0.0814983 -0.827466 -0.55557 -1.52738e-16 -0.83147 -0.55557 0.0814983 -0.827466 -0.55557
0.162212 -0.815493 -0.55557 0.241363 -0.795667 -0.55557 0.31819 -0.768178 -0.55557
0.391952 -0.733291 -0.55557 0.46194 -0.691342 -0.55557 0.527479 -0.642735 -0.55557
0.587938 -0.587938 -0.55557 0.642735 -0.527479 -0.55557 0.691342 -0.46194 -0.55557
0.733291 -0.391952 -0.55557 0.768178 -0.31819 -0.55557 0.795667 -0.241363 -0.55557
0.815493 -0.162212 -0.55557 0.827466 -0.0814983 -0.55557 0.77301 0 -0.634393
0.769288 0.0757683 -0.634393 0.758157 0.150807 -0.634393 0.739725 0.224393 -0.634393
0.714169 0.295818 -0.634393 0.681734 0.364395 -0.634393 0.642735 0.429462 -0.634393
0.597545 0.490393 -0.634393 0.546601 0.546601 -0.634393 0.490393 0.597545 -0.634393
0.429462 0.642735 -0.634393 0.364395 0.681734 -0.634393 0.295818 0.714168 -0.634393
0.224393 0.739725 -0.634393 0.150807 0.758157 -0.634393 0.0757683 0.769288 -0.634393
4.73332e-17 0.77301 -0.634393 -0.0757683 0.769288 -0.634393 -0.150807 0.758157 -0.634393
-0.224393 0.739725 -0.634393 -0.295818 0.714168 -0.634393 -0.364395 0.681734 -0.634393
-0.429462 0.642735 -0.634393 -0.490393 0.597545 -0.634393 -0.546601 0.546601 -0.634393
-0.597545 0.490393 -0.634393 -0.642735 0.429462 -0.634393 -0.681734 0.364395 -0.634393
-0.714168 0.295818 -0.634393 -0.739725 0.224393 -0.634393 -0.758157 0.150807 -0.634393
-0.769288 0.0757683 -0.634393 -0.77301 9.46665e-17 -0.634393 -0.769288 -0.0757683 -0.634393
-0.758157 -0.150807 -0.634393 -0.739725 -0.224393 -0.634393 -0.714168 -0.295818 -0.634393
-0.681734 -0.364395 -0.634393 -0.642735 -0.429462 -0.634393 -0.597545 -0.490393 -0.634393
-0.546601 -0.546601 -0.634393 -0.490393 -0.597545 -0.634393 -0.429462 -0.642735 -0.634393
-0.364395 -0.681734 -0.634393 -0.295818 -0.714168 -0.634393 -0.224393 -0.739725 -0.634393
-0.150807 -0.758157 -0.634393 -0.0757683 -0.769288 -0.634393 -1.42e-16 -0.77301 -0.634393
0.0757683 -0.769288 -0.634393 0.150807 -0.758157 -0.634393 0.224393 -0.739725 -0.634393
0.295818 -0.714168 -0.634393 0.364395 -0.681734 -0.634393 0.429462 -0.642735 -0.634393
0.490393 -0.597545 -0.634393 0.546601 -0.546601 -0.634393 0.597545 -0.490393 -0.634393
0.642735 -0.429462 -0.634393 0.681734 -0.364395 -0.634393 0.714169 -0.295818 -0.634393
0.739725 -0.224393 -0.634393 0.758157 -0.150807 -0.634393 0.769288 -0.0757683 -0.634393
0.707107 0 -0.707107 0.703702 0.0693086 -0.707107 0.69352 0.13795 -0.707107
0.676659 0.205262 -0.707107 0.653282 0.270598 -0.707107 0.623613 0.333328 -0.707107
0.587938 0.392847 -0.707107 0.546601 0.448584 -0.707107 0.5 0.5 -0.707107
0.448584 0.546601 -0.707107 0.392847 0.587938 -0.707107 0.333328 0.623613 -0.707107
0.270598 0.653282 -0.707107 0.205262 0.676659 -0.707107 0.13795 0.69352 -0.707107
0.0693086 0.703702 -0.707107 4.32978e-17 0.707107 -0.707107 -0.0693086 0.703702 -0.707107
-0.13795 0.69352 -0.707107 -0.205262 0.676659 -0.707107 -0.270598 0.653282 -0.707107
-0.333328 0.623613 -0.707107 -0.392847 0.587938 -0.707107 -0.448584 0.546601 -0.707107
-0.5 0.5 -0.707107 -0.546601 0.448584 -0.707107 -0.587938 0.392847 -0.707107
-0.623613 0.333328 -0.707107 -0.653282 0.270598 -0.707107 -0.676659 0.205262 -0.707107
-0.69352 0.13795 -0.707107 -0.703702 0.0693086 -0.707107 -0.707107 8.65956e-17 -0.707107
-0.703702 -0.0693086 -0.707107 -0.69352 -0.13795 -0.707107 -0.676659 -0.205262 -0.707107
-0.653282 -0.270598 -0.707107 -0.623613 -0.333328 -0.707107 -0.587938 -0.392847 -0.707107
-0.546601 -0.448584 -0.707107 -0.5 -0.5 -0.707107 -0.448584 -0.546601 -0.707107
-0.392847 -0.587938 -0.707107 -0.333328 -0.623613 -0.707107 -0.270598 -0.653282 -0.707107
-0.205262 -0.676659 -0.707107 -0.13795 -0.69352 -0.707107 -0.0693086 -0.703702 -0.707107
-1.29893e-16 -0.707107 -0.707107 0.0693086 -0.703702 -0.707107 0.13795 -0.69352 -0.707107
0.205262 -0.676659 -0.707107 0.270598 -0.653282 -0.707107 0.333328 -0.623613 -0.707107
0.392847 -0.587938 -0.707107 0.448584 -0.546601 -0.707107 0.5 -0.5 -0.707107
0.546601 -0.448584 -0.707107 0.587938 -0.392847 -0.707107 0.623613 -0.333328 -0.707107
0.653282 -0.270598 -0.707107 0.676659 -0.205262 -0.707107 0.69352 -0.13795 -0.707107
0.703702 -0.0693086 -0.707107 0.634393 0 -0.77301 0.631339 0.0621814 -0.77301
0.622204 0.123764 -0.77301 0.607077 0.184155 -0.77301 0.586103 0.242772 -0.77301
0.559485 0.299051 -0.77301 0.527479 0.35245 -0.77301 0.490393 0.402455 -0.77301
0.448584 0.448584 -0.77301 0.402455 0.490393 -0.77301 0.35245 0.527479 -0.77301
0.299051 0.559485 -0.77301 0.242772 0.586103 -0.77301 0.184155 0.607077 -0.77301
0.123764 0.622204 -0.77301 0.0621814 0.631338 -0.77301 3.88454e-17 0.634393 -0.77301
-0.0621814 0.631339 -0.77301 -0.123764 0.622204 -0.77301 -0.184155 0.607077 -0.77301
-0.242772 0.586103 -0.77301 -0.299051 0.559485 -0.77301 -0.35245 0.527479 -0.77301
-0.402455 0.490393 -0.77301 -0.448584 0.448584 -0.77301 -0.490393 0.402455 -0.77301
-0.527479 0.35245 -0.77301 -0.559485 0.299051 -0.77301 -0.586103 0.242772 -0.77301
-0.607077 0.184155 -0.77301 -0.622204 0.123764 -0.77301 -0.631339 0.0621814 -0.77301
-0.634393 7.76908e-17 -0.77301 -0.631339 -0.0621814 -0.77301 -0.622204 -0.123764 -0.77301
-0.607077 -0.184155 -0.77301 -0.586103 -0.242772 -0.77301 -0.559485 -0.299051 -0.77301
-0.527479 -0.35245 -0.77301 -0.490393 -0.402455 -0.77301 -0.448584 -0.448584 -0.77301
-0.402455 -0.490393 -0.77301 -0.35245 -0.527479 -0.77301 -0.299051 -0.559485 -0.77301
-0.242772 -0.586103 -0.77301 -0.184155 -0.607077 -0.77301 -0.123764 -0.622204 -0.77301
-0.0621814 -0.631339 -0.77301 -1.16536e-16 -0.634393 -0.77301 0.0621814 -0.631338 -0.77301
0.123764 -0.622204 -0.77301 0.184155 -0.607077 -0.77301 0.242772 -0.586103 -0.77301
0.299051 -0.559485 -0.77301 0.35245 -0.527479 -0.77301 0.402455 -0.490393 -0.77301
0.448584 -0.448584 -0.77301 0.490393 -0.402455 -0.77301 0.527479 -0.35245 -0.77301
0.559485 -0.299051 -0.77301 0.586103 -0.242772 -0.77301 0.607077 -0.184155 -0.77301
0.622204 -0.123764 -0.77301 0.631339 -0.0621814 -0.77301 0.55557 0 -0.83147
0.552895 0.0544554 -0.83147 0.544895 0.108386 -0.83147 0.531648 0.161274 -0.83147
0.51328 0.212608 -0.83147 0.489969 0.261894 -0.83147 0.46194 0.308658 -0.83147
0.429462 0.35245 -0.83147 0.392847 0.392847 -0.83147 0.35245 0.429462 -0.83147
0.308658 0.46194 -0.83147 0.261894 0.489969 -0.83147 0.212608 0.51328 -0.83147
0.161274 0.531648 -0.83147 0.108386 0.544895 -0.83147 0.0544554 0.552895 -0.83147
3.40189e-17 0.55557 -0.83147 -0.0544554 0.552895 -0.83147 -0.108386 0.544895 -0.83147
-0.161274 0.531648 -0.83147 -0.212608 0.51328 -0.83147 -0.261894 0.489969 -0.83147
-0.308658 0.46194 -0.83147 -0.35245 0.429462 -0.83147 -0.392847 0.392847 -0.83147
-0.429462 0.35245 -0.83147 -0.46194 0.308658 -0.83147 -0.489969 0.261894 -0.83147
-0.51328 0.212608 -0.83147 -0.531648 0.161274 -0.83147 -0.544895 0.108386 -0.83147
-0.552895 0.0544554 -0.83147 -0.55557 6.80377e-17 -0.83147 -0.552895 -0.0544554 -0.83147
-0.544895 -0.108386 -0.83147 -0.531648 -0.161274 -0.83147 -0.51328 -0.212608 -0.83147
-0.489969 -0.261894 -0.83147 -0.46194 -0.308658 -0.83147 -0.429462 -0.35245 -0.83147
-0.392847 -0.392847 -0.83147 -0.35245 -0.429462 -0.83147 -0.308658 -0.46194 -0.83147
-0.261894 -0.489969 -0.83147 -0.212608 -0.51328 -0.83147 -0.161274 -0.531648 -0.83147
-0.108386 -0.544895 -0.83147 -0.0544554 -0.552895 -0.83147 -1.02057e-16 -0.55557 -0.83147
0.0544554 -0.552895 -0.83147 0.108386 -0.544895 -0.83147 0.161274 -0.531648 -0.83147
0.212608 -0.51328 -0.83147 0.261894 -0.489969 -0.83147 0.308658 -0.46194 -0.83147
0.35245 -0.429462 -0.83147 0.392847 -0.392847 -0.83147 0.429462 -0.35245 -0.83147
0.46194 -0.308658 -0.83147 0.489969 -0.261894 -0.83147 0.51328 -0.212608 -0.83147
0.531648 -0.161274 -0.83147 0.544895 -0.108386 -0.83147 0.552895 -0.0544554 -0.83147
0.471397 0 -0.881921 0.469127 0.046205 -0.881921 0.462339 0.0919649 -0.881921
0.451099 0.136839 -0.881921 0.435514 0.180396 -0.881921 0.415735 0.222215 -0.881921
0.391952 0.261894 -0.881921 0.364395 0.299051 -0.881921 0.333328 0.333328 -0.881921
0.299051 0.364395 -0.881921 0.261894 0.391952 -0.881921 0.222215 0.415735 -0.881921
0.180396 0.435514 -0.881921 0.136839 0.451099 -0.881921 0.0919649 0.462339 -0.881921
0.046205 0.469127 -0.881921 2.88647e-17 0.471397 -0.881921 -0.046205 0.469127 -0.881921
-0.0919649 0.462339 -0.881921 -0.136839 0.451099 -0.881921 -0.180396 0.435514 -0.881921
-0.222215 0.415735 -0.881921 -0.261894 0.391952 -0.881921 -0.299051 0.364395 -0.881921
-0.333328 0.333328 -0.881921 -0.364395 0.299051 -0.881921 -0.391952 0.261894 -0.881921
-0.415735 0.222215 -0.881921 -0.435514 0.180396 -0.881921 -0.451099 0.136839 -0.881921
-0.462339 0.0919649 -0.881921 -0.469127 0.046205 -0.881921 -0.471397 5.77295e-17 -0.881921
-0.469127 -0.046205 -0.881921 -0.462339 -0.0919649 -0.881921 -0.451099 -0.136839 -0.881921
-0.435514 -0.180396 -0.881921 -0.415735 -0.222215 -0.881921 -0.391952 -0.261894 -0.881921
-0.364395 -0.299051 -0.881921 -0.333328 -0.333328 -0.881921 -0.299051 -0.364395 -0.881921
-0.261894 -0.391952 -0.881921 -0.222215 -0.415735 -0.881921 -0.180396 -0.435514 -0.881921
-0.136839 -0.451099 -0.881921 -0.0919649 -0.462339 -0.881921 -0.046205 -0.469127 -0.881921
-8.65942e-17 -0.471397 -0.881921 0.046205 -0.469127 -0.881921 0.0919649 -0.462339 -0.881921
0.136839 -0.451099 -0.881921 0.180396 -0.435514 -0.881921 0.222215 -0.415735 -0.881921
0.261894 -0.391952 -0.881921 0.299051 -0.364395 -0.881921 0.333328 -0.333328 -0.881921
0.364395 -0.299051 -0.881921 0.391952 -0.261894 -0.881921 0.415735 -0.222215 -0.881921
0.435514 -0.180396 -0.881921 0.451099 -0.136839 -0.881921 0.462339 -0.0919649 -0.881921
0.469127 -0.046205 -0.881921 0.382683 0 -0.92388 0.380841 0.0375095 -0.92388
0.37533 0.0746578 -0.92388 0.366205 0.111087 -0.92388 0.353553 0.146447 -0.92388
0.337497 0.180396 -0.92388 0.31819 0.212608 -0.92388 0.295818 0.242772 -0.92388
0.270598 0.270598 -0.92388 0.242772 0.295818 -0.92388 0.212608 0.31819 -0.92388
0.180396 0.337497 -0.92388 0.146447 0.353553 -0.92388 0.111087 0.366205 -0.92388
0.0746578 0.37533 -0.92388 0.0375095 0.380841 -0.92388 2.34326e-17 0.382683 -0.92388
-0.0375095 0.380841 -0.92388 -0.0746578 0.37533 -0.92388 -0.111087 0.366205 -0.92388
-0.146447 0.353553 -0.92388 -0.180396 0.337497 -0.92388 -0.212608 0.31819 -0.92388
-0.242772 0.295818 -0.92388 -0.270598 0.270598 -0.92388 -0.295818 0.242772 -0.92388
-0.31819 0.212608 -0.92388 -0.337497 0.180396 -0.92388 -0.353553 0.146447 -0.92388
-0.366205 0.111087 -0.92388 -0.37533 0.0746578 -0.92388 -0.380841 0.0375095 -0.92388
-0.382683 4.68652e-17 -0.92388 -0.380841 -0.0375095 -0.92388 -0.37533 -0.0746578 -0.92388
-0.366205 -0.111087 -0.92388 -0.353553 -0.146447 -0.92388 -0.337497 -0.180396 -0.92388
-0.31819 -0.212608 -0.92388 -0.295818 -0.242772 -0.92388 -0.270598 -0.270598 -0.92388
-0.242772 -0.295818 -0.92388 -0.212608 -0.31819 -0.92388 -0.180396 -0.337497 -0.92388
-0.146447 -0.353553 -0.92388 -0.111087 -0.366205 -0.92388 -0.0746578 -0.37533 -0.92388
-0.0375095 -0.380841 -0.92388 -7.02978e-17 -0.382683 -0.92388 0.0375095 -0.380841 -0.92388
0.0746578 -0.37533 -0.92388 0.111087 -0.366205 -0.92388 0.146447 -0.353553 -0.92388
0.180396 -0.337497 -0.92388 0.212608 -0.31819 -0.92388 0.242772 -0.295818 -0.92388
0.270598 -0.270598 -0.92388 0.295818 -0.242772 -0.92388 0.31819 -0.212608 -0.92388
0.337497 -0.180396 -0.92388 0.353553 -0.146447 -0.92388 0.366205 -0.111087 -0.92388
0.37533 -0.0746578 -0.92388 0.380841 -0.0375095 -0.92388 0.290285 0 -0.95694
0.288887 0.0284529 -0.95694 0.284707 0.0566317 -0.95694 0.277785 0.0842652 -0.95694
0.268188 0.111087 -0.95694 0.256008 0.136839 -0.95694 0.241363 0.161274 -0.95694
0.224393 0.184155 -0.95694 0.205262 0.205262 -0.95694 0.184155 0.224393 -0.95694
0.161274 0.241363 -0.95694 0.136839 0.256008 -0.95694 0.111087 0.268188 -0.95694
0.0842652 0.277785 -0.95694 0.0566317 0.284707 -0.95694 0.0284529 0.288887 -0.95694
1.77748e-17 0.290285 -0.95694 -0.0284529 0.288887 -0.95694 -0.0566317 0.284707 -0.95694
-0.0842652 0.277785 -0.95694 -0.111087 0.268188 -0.95694 -0.136839 0.256008 -0.95694
-0.161274 0.241363 -0.95694 -0.184155 0.224393 -0.95694 -0.205262 0.205262 -0.95694
-0.224393 0.184155 -0.95694 -0.241363 0.161274 -0.95694 -0.256008 0.136839 -0.95694
-0.268188 0.111087 -0.95694 -0.277785 0.0842652 -0.95694 -0.284707 0.0566317 -0.95694
-0.288887 0.0284529 -0.95694 -0.290285 3.55496e-17 -0.95694 -0.288887 -0.0284529 -0.95694
-0.284707 -0.0566317 -0.95694 -0.277785 -0.0842652 -0.95694 -0.268188 -0.111087 -0.95694
-0.256008 -0.136839 -0.95694 -0.241363 -0.161274 -0.95694 -0.224393 -0.184155 -0.95694
-0.205262 -0.205262 -0.95694 -0.184155 -0.224393 -0.95694 -0.161274 -0.241363 -0.95694
-0.136839 -0.256008 -0.95694 -0.111087 -0.268188 -0.95694 -0.0842652 -0.277785 -0.95694
-0.0566317 -0.284707 -0.95694 -0.0284529 -0.288887 -0.95694 -5.33244e-17 -0.290285 -0.95694
0.0284529 -0.288887 -0.95694 0.0566317 -0.284707 -0.95694 0.0842652 -0.277785 -0.95694
0.111087 -0.268188 -0.95694 0.136839 -0.256008 -0.95694 0.161274 -0.241363 -0.95694
0.184155 -0.224393 -0.95694 0.205262 -0.205262 -0.95694 0.224393 -0.184155 -0.95694
0.241363 -0.161274 -0.95694 0.256008 -0.136839 -0.95694 0.268188 -0.111087 -0.95694
0.277785 -0.0842652 -0.95694 0.284707 -0.0566317 -0.95694 0.288887 -0.0284529 -0.95694
0.19509 0 -0.980785 0.194151 0.0191222 -0.980785 0.191342 0.0380602 -0.980785
0.18669 0.0566317 -0.980785 0.18024 0.0746578 -0.980785 0.172054 0.0919649 -0.980785
0.162212 0.108386 -0.980785 0.150807 0.123764 -0.980785 0.13795 0.13795 -0.980785
0.123764 0.150807 -0.980785 0.108386 0.162212 -0.980785 0.0919649 0.172054 -0.980785
0.0746578 0.18024 -0.980785 0.0566317 0.18669 -0.980785 0.0380602 0.191342 -0.980785
0.0191222 0.194151 -0.980785 1.19458e-17 0.19509 -0.980785 -0.0191222 0.194151 -0.980785
-0.0380602 0.191342 -0.980785 -0.0566317 0.18669 -0.980785 -0.0746578 0.18024 -0.980785
-0.0919649 0.172054 -0.980785 -0.108386 0.162212 -0.980785 -0.123764 0.150807 -0.980785
-0.13795 0.13795 -0.980785 -0.150807 0.123764 -0.980785 -0.162212 0.108386 -0.980785
-0.172054 0.0919649 -0.980785 -0.18024 0.0746578 -0.980785 -0.18669 0.0566317 -0.980785
-0.191342 0.0380602 -0.980785 -0.194151 0.0191222 -0.980785 -0.19509 2.38917e-17 -0.980785
-0.194151 -0.0191222 -0.980785 -0.191342 -0.0380602 -0.980785 -0.18669 -0.0566317 -0.980785
-0.18024 -0.0746578 -0.980785 -0.172054 -0.0919649 -0.980785 -0.162212 -0.108386 -0.980785
-0.150807 -0.123764 -0.980785 -0.13795 -0.13795 -0.980785 -0.123764 -0.150807 -0.980785
-0.108386 -0.162212 -0.980785 -0.0919649 -0.172054 -0.980785 -0.0746578 -0.18024 -0.980785
-0.0566317 -0.18669 -0.980785 -0.0380602 -0.191342 -0.980785 -0.0191222 -0.194151 -0.980785
-3.58375e-17 -0.19509 -0.980785 0.0191222 -0.194151 -0.980785 0.0380602 -0.191342 -0.980785
0.0566317 -0.18669 -0.980785 0.0746578 -0.18024 -0.980785 0.0919649 -0.172054 -0.980785
0.108386 -0.162212 -0.980785 0.123764 -0.150807 -0.980785 0.13795 -0.13795 -0.980785
0.150807 -0.123764 -0.980785 0.162212 -0.108386 -0.980785 0.172054 -0.0919649 -0.980785
0.18024 -0.0746578 -0.980785 0.18669 -0.0566317 -0.980785 0.191342 -0.0380602 -0.980785
0.194151 -0.0191222 -0.980785 0.0980171 0 -0.995185 0.0975452 0.00960736 -0.995185
0.0961338 0.0191222 -0.995185 0.0937966 0.0284529 -0.995185 0.090556 0.0375095 -0.995185
0.0864434 0.046205 -0.995185 0.0814983 0.0544554 -0.995185 0.0757683 0.0621814 -0.995185
0.0693086 0.0693086 -0.995185 0.0621814 0.0757683 -0.995185 0.0544554 0.0814983 -0.995185
0.046205 0.0864434 -0.995185 0.0375095 0.090556 -0.995185 0.0284529 0.0937966 -0.995185
0.0191222 0.0961338 -0.995185 0.00960736 0.0975452 -0.995185 6.00182e-18 0.0980171 -0.995185
-0.00960736 0.0975452 -0.995185 -0.0191222 0.0961338 -0.995185 -0.0284529 0.0937966 -0.995185
-0.0375095 0.090556 -0.995185 -0.046205 0.0864434 -0.995185 -0.0544554 0.0814983 -0.995185
-0.0621814 0.0757683 -0.995185 -0.0693086 0.0693086 -0.995185 -0.0757683 0.0621814 -0.995185
-0.0814983 0.0544554 -0.995185 -0.0864434 0.046205 -0.995185 -0.090556 0.0375095 -0.995185
-0.0937966 0.0284529 -0.995185 -0.0961338 0.0191222 -0.995185 -0.0975452 0.00960736 -0.995185
-0.0980171 1.20036e-17 -0.995185 -0.0975452 -0.00960736 -0.995185 -0.0961338 -0.0191222 -0.995185
-0.0937966 -0.0284529 -0.995185 -0.090556 -0.0375095 -0.995185 -0.0864434 -0.046205 -0.995185
-0.0814983 -0.0544554 -0.995185 -0.0757683 -0.0621814 -0.995185 -0.0693086 -0.0693086 -0.995185
-0.0621814 -0.0757683 -0.995185 -0.0544554 -0.0814983 -0.995185 -0.046205 -0.0864434 -0.995185
-0.0375095 -0.090556 -0.995185 -0.0284529 -0.0937966 -0.995185 -0.0191222 -0.0961338 -0.995185
-0.00960736 -0.0975452 -0.995185 -1.80055e-17 -0.0980171 -0.995185 0.00960736 -0.0975452 -0.995185
0.0191222 -0.0961338 -0.995185 0.0284529 -0.0937966 -0.995185 0.0375095 -0.090556 -0.995185
0.046205 -0.0864434 -0.995185 0.0544554 -0.0814983 -0.995185 0.0621814 -0.0757683 -0.995185
0.0693086 -0.0693086 -0.995185 0.0757683 -0.0621814 -0.995185 0.0814983 -0.0544554 -0.995185
0.0864434 -0.046205 -0.995185 0.090556 -0.0375095 -0.995185 0.0937966 -0.0284529 -0.995185
0.0961338 -0.0191222 -0.995185 0.0975452 -0.00960736 -0.995185 1.22465e-16 0 -1
1.21875e-16 1.20036e-17 -1 1.20112e-16 2.38917e-17 -1 1.17191e-16 3.55496e-17 -1
1.13143e-16 4.68652e-17 -1 1.08004e-16 5.77295e-17 -1 1.01826e-16 6.80377e-17 -1
9.46665e-17 7.76908e-17 -1 8.65956e-17 8.65956e-17 -1 7.76908e-17 9.46665e-17 -1
6.80377e-17 1.01826e-16 -1 5.77295e-17 1.08004e-16 -1 4.68652e-17 1.13143e-16 -1
3.55496e-17 1.17191e-16 -1 2.38917e-17 1.20112e-16 -1 1.20036e-17 1.21875e-16 -1
7.4988e-33 1.22465e-16 -1 -1.20036e-17 1.21875e-16 -1 -2.38917e-17 1.20112e-16 -1
-3.55496e-17 1.17191e-16 -1 -4.68652e-17 1.13143e-16 -1 -5.77295e-17 1.08004e-16 -1
-6.80377e-17 1.01826e-16 -1 -7.76908e-17 9.46665e-17 -1 -8.65956e-17 8.65956e-17 -1
-9.46665e-17 7.76908e-17 -1 -1.01826e-16 6.80377e-17 -1 -1.08004e-16 5.77295e-17 -1
-1.13143e-16 4.68652e-17 -1 -1.17191e-16 3.55496e-17 -1 -1.20112e-16 2.38917e-17 -1
-1.21875e-16 1.20036e-17 -1 -1.22465e-16 1.49976e-32 -1 -1.21875e-16 -1.20036e-17 -1
-1.20112e-16 -2.38917e-17 -1 -1.17191e-16 -3.55496e-17 -1 -1.13143e-16 -4.68652e-17 -1
-1.08004e-16 -5.77295e-17 -1 -1.01826e-16 -6.80377e-17 -1 -9.46665e-17 -7.76908e-17 -1
-8.65956e-17 -8.65956e-17 -1 -7.76908e-17 -9.46665e-17 -1 -6.80377e-17 -1.01826e-16 -1
-5.77295e-17 -1.08004e-16 -1 -4.68652e-17 -1.13143e-16 -1 -3.55496e-17 -1.17191e-16 -1
-2.38917e-17 -1.20112e-16 -1 -1.20036e-17 -1.21875e-16 -1 -2.24964e-32 -1.22465e-16 -1
1.20036e-17 -1.21875e-16 -1 2.38917e-17 -1.20112e-16 -1 3.55496e-17 -1.17191e-16 -1
4.68652e-17 -1.13143e-16 -1 5.77295e-17 -1.08004e-16 -1 6.80377e-17 -1.01826e-16 -1
7.76908e-17 -9.46665e-17 -1 8.65956e-17 -8.65956e-17 -1 9.46665e-17 -7.76908e-17 -1
1.01826e-16 -6.80377e-17 -1 1.08004e-16 -5.77295e-17 -1 1.13143e-16 -4.68652e-17 -1
1.17191e-16 -3.55496e-17 -1 1.20112e-16 -2.38917e-17 -1 1.21875e-16 -1.20036e-17 -1
